model,parameter,true_value,mean_estimate,bias,rmse,estimate_sd,pearson_r,n_repeats,ci_coverage_95
prototype_similarity,theta_alt,,0.623445525,-0.022685500000000004,0.11435187338036926,0.19339960375191925,0.8205150606023115,40,
prototype_similarity,alt_weight,,0.515708575,0.004652449999999994,0.16547557909039026,0.270796713008475,0.7938493803216059,40,
prototype_similarity,beta,,6.7214929250000015,0.16259530000000016,1.4663608614129402,3.7447239987766547,0.921313792044813,40,
prototype_similarity,side_bias,,-0.11294792499999999,0.007268699999999989,0.22778897617509936,1.2198087075365627,0.9824686292275803,40,
