{
  "posteriors": {
    "equally_likely": 0.036148,
    "alternation_rate": 0.043009,
    "bayesian_fair_coin": 0.704747,
    "iter0_candidate0": 0.049875,
    "iter0_candidate1": 0.040309,
    "iter0_candidate2": 0.042715,
    "iter1_candidate0": 0.020488,
    "iter1_candidate1": 0.037006,
    "iter1_candidate2": 0.025702
  },
  "elpd_loo": {
    "equally_likely": -111.6526,
    "alternation_rate": -111.4288,
    "bayesian_fair_coin": -108.2824,
    "iter0_candidate0": -111.4807,
    "iter0_candidate1": -111.3936,
    "iter0_candidate2": -111.3357,
    "iter1_candidate0": -111.4204,
    "iter1_candidate1": -111.0291,
    "iter1_candidate2": -111.7936
  },
  "n_trials": 160,
  "complexity_prior_const": -0.05,
  "complexities": {
    "equally_likely": 13,
    "alternation_rate": 14,
    "bayesian_fair_coin": 21,
    "iter0_candidate0": 10,
    "iter0_candidate1": 16,
    "iter0_candidate2": 16,
    "iter1_candidate0": 29,
    "iter1_candidate1": 25,
    "iter1_candidate2": 17
  },
  "comparison": {
    "bayesian_fair_coin": {
      "rank": 0,
      "elpd_loo": -108.28238096136171,
      "elpd_diff": 0.0,
      "dse": 0.0,
      "weight": 0.9517603274180653
    },
    "iter1_candidate1": {
      "rank": 1,
      "elpd_loo": -111.02913198238178,
      "elpd_diff": 2.7467510210200707,
      "dse": 2.2275959743489846,
      "weight": 6.41241233797836e-16
    },
    "iter0_candidate2": {
      "rank": 2,
      "elpd_loo": -111.33565933618999,
      "elpd_diff": 3.053278374828272,
      "dse": 2.5855406193372663,
      "weight": 0.048239672581934796
    },
    "iter0_candidate1": {
      "rank": 3,
      "elpd_loo": -111.39364566266681,
      "elpd_diff": 3.111264701305112,
      "dse": 2.3614248982038095,
      "weight": 8.550622916620249e-17
    },
    "iter1_candidate0": {
      "rank": 4,
      "elpd_loo": -111.42035644413714,
      "elpd_diff": 3.1379754827754347,
      "dse": 2.193218128340283,
      "weight": 0.0
    },
    "alternation_rate": {
      "rank": 5,
      "elpd_loo": -111.42880808074798,
      "elpd_diff": 3.1464271193862814,
      "dse": 2.2956145463359854,
      "weight": 1.3036165164628231e-16
    },
    "iter0_candidate0": {
      "rank": 6,
      "elpd_loo": -111.48069005961456,
      "elpd_diff": 3.1983090982528584,
      "dse": 2.227659235555104,
      "weight": 0.0
    },
    "equally_likely": {
      "rank": 7,
      "elpd_loo": -111.65261026307385,
      "elpd_diff": 3.3702293017121487,
      "dse": 2.154508641688913,
      "weight": 0.0
    },
    "iter1_candidate2": {
      "rank": 8,
      "elpd_loo": -111.79363829755314,
      "elpd_diff": 3.511257336191438,
      "dse": 2.598098147907792,
      "weight": 6.940681922381853e-16
    }
  }
}