model,parameter,true_value,mean_estimate,bias,rmse,estimate_sd,pearson_r,n_repeats,ci_coverage_95
bayesian_diagnosticity,alt_prior,,0.4536016750000001,0.003999199999999999,0.13563963696740713,0.2675770166294545,0.8914878503206237,40,0.925
bayesian_diagnosticity,bias_share,,0.453830475,-0.0020513249999999984,0.2540773383401696,0.1621669945938426,0.5482117842681586,40,0.975
bayesian_diagnosticity,beta,,6.67727835,0.4309940749999999,1.6601302446116613,2.842472091597317,0.8504649945160292,40,0.95
bayesian_diagnosticity,side_bias,,-0.14758512499999998,0.03774435,0.5144081177708513,0.8884657467522648,0.8522949079020624,40,1.0
