model,parameter,true_value,mean_estimate,bias,rmse,estimate_sd,pearson_r,n_repeats,ci_coverage_95
encoding_compressibility,longrun_weight,,0.44419945,-0.028827075,0.10011936895264073,0.255362107690917,0.9382920679522062,40,1.0
encoding_compressibility,periodic_share,,0.49699024999999997,-0.0425856,0.1817962467056182,0.19488397142578837,0.7332661684250492,40,1.0
encoding_compressibility,beta,,5.59624505,-0.5418176250000001,1.3755119606675272,2.760150076820307,0.9212730487155947,40,0.975
encoding_compressibility,side_bias,,-0.14569932500000002,0.007924925000000003,0.12745940411470236,1.1344929559179595,0.9948926276449725,40,0.95
