model,parameter,true_value,mean_estimate,bias,rmse,estimate_sd,pearson_r,n_repeats,ci_coverage_95
prototype_similarity,theta_alt,,0.641333025,-0.0047979999999999854,0.07597716911283284,0.16031346442696065,0.903737469562601,40,1.0
prototype_similarity,alt_weight,,0.504734275,-0.006321849999999995,0.13664290261773568,0.22685435253042727,0.8220113898928959,40,0.975
prototype_similarity,beta,,6.310841025,-0.24805659999999988,1.304905921348604,3.178615078680151,0.931442389273098,40,0.925
prototype_similarity,side_bias,,-0.11342107500000002,0.006795549999999997,0.19303513772614042,1.1573276937143253,0.9867884071649181,40,0.925
