sequence_a,sequence_b,participant_id,trial_index,chose_left
HTTHHTTH,THTHTHHH,0,1,1
HTHTTHTH,HTHHHHHT,0,2,1
HTTTTTTT,HTHTHTHT,0,3,0
HTHHTHHT,HHHHTTTT,0,4,1
HHTTHHT,TTTTTTH,0,5,1
HHHHHHHT,TTTTTTTT,0,6,1
HTTTHHT,TTTTTTH,0,7,1
HHHHHHHT,HTHTHTHT,0,8,0
HHHHHHHH,HHHHHHHT,0,9,0
HTHTTHTH,HTTHTTHT,0,10,1
THTTHHTH,HTHTHHTH,0,11,0
HTHTTHTH,HTHHTHHT,0,12,1
HTHTTHTH,THHTHHTH,0,13,1
HTTHHTTH,THTHTTHT,0,14,0
TTTTHHHH,HTHHTHHT,0,15,0
HHHHHHHT,HTHTTHTH,0,16,0
THTTHTTH,HTHTTHTH,0,17,0
THTHHTHT,HHHHHHHT,0,18,1
TTTTHHHH,HTTHTTHT,0,19,0
TTTTTTT,HHHHHHT,0,20,0
HTHHTHHT,TTHTHTHH,0,21,1
HTTTTTTT,HTHTTHTH,0,22,0
HHHHHHHT,THTHTHTH,0,23,0
HTHTHTHT,THHHHHHH,0,24,1
HTTHTHHT,THTHTTHT,0,25,0
HTHHTHHT,HHHHHHHT,0,26,1
HTTHTTHT,HHHHTTTT,0,27,1
HHHHHHH,HTTTTTH,0,28,0
THTHTHTH,HTTTTTTT,0,29,1
THHHHHHH,HTHTTHTH,0,30,0
TTTTHHHH,THHTHHTH,0,31,0
THTHHTHT,HTTTTTTT,0,32,1
HTHTHTHT,TTTTTTTH,0,33,1
HTHHTTHT,HTTTTTTT,0,34,1
THHHHHHH,THTHHTHT,0,35,0
HTHTHTHT,HTHHHHHH,0,36,1
THHHHHHH,HTHHTTHT,0,37,0
HTHHTHHT,TTTHTHTH,0,38,1
THTHHTHT,THTTHTTH,0,39,1
HHHHHHH,HHHHHHT,0,40,0
THHHHHHH,THTHTHTH,0,41,0
TTTTTTTH,HTHTTHTH,0,42,0
HTHHHTHH,TTHTHTHH,0,43,0
THTHHTHT,HTHHTHHT,0,44,1
TTTTTTH,HHHHHHH,0,45,1
HHHHHHHT,HHTHTHHT,0,46,0
HTTHHTTH,TTTTTTTT,0,47,1
HHHHHHT,HTHTHTH,0,48,0
THTHHTHT,HTTHTTHT,0,49,1
HHHHHHT,THTHTHT,0,50,0
HTHHTHHT,TTTTHTHT,0,51,1
THTHHTHT,TTTTTTTH,0,52,1
TTHHTTH,TTTTTTH,0,53,1
TTHTHTTH,HHHHHHHT,0,54,1
TTTTH,HTTHT,0,55,0
HHHHHHHH,HTTTTTTT,0,56,0
TTT,HTT,0,57,0
TTTTTTH,TTTTTTT,0,58,1
HTHTHHHH,HTTHTTHT,0,59,0
HTTHHTTH,HTHTHTTT,0,60,1
TTT,THH,0,61,0
HHHHHHTH,HTHTHTHT,0,62,0
HTHTHTTT,HTTHTHHT,0,63,0
HTHTTHTH,HHHHHHTH,0,64,1
THTHTHHH,HTTHHTTH,1,1,0
HTHTTHTH,HTHHHHHT,1,2,0
HTTTTTTT,HTHTHTHT,1,3,1
HHHHTTTT,HTHHTHHT,1,4,0
HHTTHHT,TTTTTTH,1,5,0
TTTTTTTT,HHHHHHHT,1,6,0
HTTTHHT,TTTTTTH,1,7,1
HTHTHTHT,HHHHHHHT,1,8,0
HHHHHHHT,HHHHHHHH,1,9,1
HTHTTHTH,HTTHTTHT,1,10,1
THTTHHTH,HTHTHHTH,1,11,0
HTHTTHTH,HTHHTHHT,1,12,1
THHTHHTH,HTHTTHTH,1,13,0
THTHTTHT,HTTHHTTH,1,14,1
HTHHTHHT,TTTTHHHH,1,15,1
HTHTTHTH,HHHHHHHT,1,16,1
HTHTTHTH,THTTHTTH,1,17,0
HHHHHHHT,THTHHTHT,1,18,0
HTTHTTHT,TTTTHHHH,1,19,1
TTTTTTT,HHHHHHT,1,20,0
TTHTHTHH,HTHHTHHT,1,21,1
HTTTTTTT,HTHTTHTH,1,22,0
THTHTHTH,HHHHHHHT,1,23,0
HTHTHTHT,THHHHHHH,1,24,0
HTTHTHHT,THTHTTHT,1,25,0
HHHHHHHT,HTHHTHHT,1,26,1
HTTHTTHT,HHHHTTTT,1,27,1
HTTTTTH,HHHHHHH,1,28,1
HTTTTTTT,THTHTHTH,1,29,1
THHHHHHH,HTHTTHTH,1,30,0
TTTTHHHH,THHTHHTH,1,31,0
THTHHTHT,HTTTTTTT,1,32,1
HTHTHTHT,TTTTTTTH,1,33,0
HTHHTTHT,HTTTTTTT,1,34,1
THHHHHHH,THTHHTHT,1,35,0
HTHTHTHT,HTHHHHHH,1,36,0
HTHHTTHT,THHHHHHH,1,37,1
HTHHTHHT,TTTHTHTH,1,38,0
THTHHTHT,THTTHTTH,1,39,1
HHHHHHT,HHHHHHH,1,40,1
THHHHHHH,THTHTHTH,1,41,1
TTTTTTTH,HTHTTHTH,1,42,0
HTHHHTHH,TTHTHTHH,1,43,1
HTHHTHHT,THTHHTHT,1,44,1
HHHHHHH,TTTTTTH,1,45,0
HHTHTHHT,HHHHHHHT,1,46,1
TTTTTTTT,HTTHHTTH,1,47,0
HTHTHTH,HHHHHHT,1,48,0
HTTHTTHT,THTHHTHT,1,49,0
THTHTHT,HHHHHHT,1,50,0
TTTTHTHT,HTHHTHHT,1,51,1
TTTTTTTH,THTHHTHT,1,52,0
TTTTTTH,TTHHTTH,1,53,0
TTHTHTTH,HHHHHHHT,1,54,1
HTTHT,TTTTH,1,55,1
HTTTTTTT,HHHHHHHH,1,56,1
HTT,TTT,1,57,1
TTTTTTT,TTTTTTH,1,58,0
HTHTHHHH,HTTHTTHT,1,59,1
HTHTHTTT,HTTHHTTH,1,60,1
TTT,THH,1,61,0
HTHTHTHT,HHHHHHTH,1,62,0
HTTHTHHT,HTHTHTTT,1,63,0
HTHTTHTH,HHHHHHTH,1,64,1
HTTHHTTH,THTHTHHH,2,1,0
HTHTTHTH,HTHHHHHT,2,2,0
HTHTHTHT,HTTTTTTT,2,3,1
HHHHTTTT,HTHHTHHT,2,4,0
HHTTHHT,TTTTTTH,2,5,1
HHHHHHHT,TTTTTTTT,2,6,1
HTTTHHT,TTTTTTH,2,7,1
HTHTHTHT,HHHHHHHT,2,8,1
HHHHHHHT,HHHHHHHH,2,9,1
HTTHTTHT,HTHTTHTH,2,10,0
HTHTHHTH,THTTHHTH,2,11,0
HTHHTHHT,HTHTTHTH,2,12,0
HTHTTHTH,THHTHHTH,2,13,1
HTTHHTTH,THTHTTHT,2,14,0
TTTTHHHH,HTHHTHHT,2,15,0
HHHHHHHT,HTHTTHTH,2,16,0
THTTHTTH,HTHTTHTH,2,17,0
HHHHHHHT,THTHHTHT,2,18,0
TTTTHHHH,HTTHTTHT,2,19,0
HHHHHHT,TTTTTTT,2,20,1
TTHTHTHH,HTHHTHHT,2,21,1
HTHTTHTH,HTTTTTTT,2,22,1
HHHHHHHT,THTHTHTH,2,23,0
THHHHHHH,HTHTHTHT,2,24,0
THTHTTHT,HTTHTHHT,2,25,0
HHHHHHHT,HTHHTHHT,2,26,0
HHHHTTTT,HTTHTTHT,2,27,0
HHHHHHH,HTTTTTH,2,28,0
THTHTHTH,HTTTTTTT,2,29,1
HTHTTHTH,THHHHHHH,2,30,1
TTTTHHHH,THHTHHTH,2,31,0
THTHHTHT,HTTTTTTT,2,32,1
HTHTHTHT,TTTTTTTH,2,33,1
HTHHTTHT,HTTTTTTT,2,34,1
THHHHHHH,THTHHTHT,2,35,0
HTHHHHHH,HTHTHTHT,2,36,1
HTHHTTHT,THHHHHHH,2,37,1
HTHHTHHT,TTTHTHTH,2,38,0
THTHHTHT,THTTHTTH,2,39,0
HHHHHHT,HHHHHHH,2,40,1
THHHHHHH,THTHTHTH,2,41,0
TTTTTTTH,HTHTTHTH,2,42,0
TTHTHTHH,HTHHHTHH,2,43,1
HTHHTHHT,THTHHTHT,2,44,0
HHHHHHH,TTTTTTH,2,45,0
HHTHTHHT,HHHHHHHT,2,46,1
HTTHHTTH,TTTTTTTT,2,47,1
HHHHHHT,HTHTHTH,2,48,0
THTHHTHT,HTTHTTHT,2,49,0
HHHHHHT,THTHTHT,2,50,0
HTHHTHHT,TTTTHTHT,2,51,1
THTHHTHT,TTTTTTTH,2,52,1
TTTTTTH,TTHHTTH,2,53,0
TTHTHTTH,HHHHHHHT,2,54,1
HTTHT,TTTTH,2,55,1
HHHHHHHH,HTTTTTTT,2,56,0
TTT,HTT,2,57,0
TTTTTTH,TTTTTTT,2,58,1
HTTHTTHT,HTHTHHHH,2,59,0
HTTHHTTH,HTHTHTTT,2,60,0
THH,TTT,2,61,1
HTHTHTHT,HHHHHHTH,2,62,1
HTHTHTTT,HTTHTHHT,2,63,1
HTHTTHTH,HHHHHHTH,2,64,1
HTTHHTTH,THTHTHHH,3,1,1
HTHHHHHT,HTHTTHTH,3,2,0
HTTTTTTT,HTHTHTHT,3,3,0
HHHHTTTT,HTHHTHHT,3,4,0
HHTTHHT,TTTTTTH,3,5,1
HHHHHHHT,TTTTTTTT,3,6,1
TTTTTTH,HTTTHHT,3,7,0
HHHHHHHT,HTHTHTHT,3,8,0
HHHHHHHT,HHHHHHHH,3,9,1
HTHTTHTH,HTTHTTHT,3,10,0
THTTHHTH,HTHTHHTH,3,11,1
HTHTTHTH,HTHHTHHT,3,12,1
THHTHHTH,HTHTTHTH,3,13,0
HTTHHTTH,THTHTTHT,3,14,0
TTTTHHHH,HTHHTHHT,3,15,0
HTHTTHTH,HHHHHHHT,3,16,1
HTHTTHTH,THTTHTTH,3,17,0
HHHHHHHT,THTHHTHT,3,18,0
HTTHTTHT,TTTTHHHH,3,19,1
HHHHHHT,TTTTTTT,3,20,1
HTHHTHHT,TTHTHTHH,3,21,1
HTTTTTTT,HTHTTHTH,3,22,0
HHHHHHHT,THTHTHTH,3,23,0
HTHTHTHT,THHHHHHH,3,24,1
HTTHTHHT,THTHTTHT,3,25,0
HTHHTHHT,HHHHHHHT,3,26,1
HHHHTTTT,HTTHTTHT,3,27,0
HTTTTTH,HHHHHHH,3,28,1
HTTTTTTT,THTHTHTH,3,29,0
THHHHHHH,HTHTTHTH,3,30,0
THHTHHTH,TTTTHHHH,3,31,1
HTTTTTTT,THTHHTHT,3,32,0
HTHTHTHT,TTTTTTTH,3,33,1
HTHHTTHT,HTTTTTTT,3,34,1
THHHHHHH,THTHHTHT,3,35,0
HTHTHTHT,HTHHHHHH,3,36,1
HTHHTTHT,THHHHHHH,3,37,1
HTHHTHHT,TTTHTHTH,3,38,1
THTHHTHT,THTTHTTH,3,39,1
HHHHHHH,HHHHHHT,3,40,0
THHHHHHH,THTHTHTH,3,41,0
HTHTTHTH,TTTTTTTH,3,42,1
TTHTHTHH,HTHHHTHH,3,43,0
HTHHTHHT,THTHHTHT,3,44,0
TTTTTTH,HHHHHHH,3,45,1
HHHHHHHT,HHTHTHHT,3,46,0
HTTHHTTH,TTTTTTTT,3,47,1
HTHTHTH,HHHHHHT,3,48,1
THTHHTHT,HTTHTTHT,3,49,1
HHHHHHT,THTHTHT,3,50,0
TTTTHTHT,HTHHTHHT,3,51,0
TTTTTTTH,THTHHTHT,3,52,0
TTTTTTH,TTHHTTH,3,53,0
TTHTHTTH,HHHHHHHT,3,54,1
HTTHT,TTTTH,3,55,1
HHHHHHHH,HTTTTTTT,3,56,0
HTT,TTT,3,57,1
TTTTTTT,TTTTTTH,3,58,0
HTTHTTHT,HTHTHHHH,3,59,1
HTTHHTTH,HTHTHTTT,3,60,0
THH,TTT,3,61,1
HTHTHTHT,HHHHHHTH,3,62,0
HTTHTHHT,HTHTHTTT,3,63,1
HTHTTHTH,HHHHHHTH,3,64,1
THTHTHHH,HTTHHTTH,4,1,1
HTHHHHHT,HTHTTHTH,4,2,0
HTHTHTHT,HTTTTTTT,4,3,1
HHHHTTTT,HTHHTHHT,4,4,0
HHTTHHT,TTTTTTH,4,5,1
HHHHHHHT,TTTTTTTT,4,6,1
TTTTTTH,HTTTHHT,4,7,0
HHHHHHHT,HTHTHTHT,4,8,0
HHHHHHHH,HHHHHHHT,4,9,0
HTHTTHTH,HTTHTTHT,4,10,1
HTHTHHTH,THTTHHTH,4,11,1
HTHHTHHT,HTHTTHTH,4,12,1
THHTHHTH,HTHTTHTH,4,13,1
THTHTTHT,HTTHHTTH,4,14,1
HTHHTHHT,TTTTHHHH,4,15,1
HHHHHHHT,HTHTTHTH,4,16,0
THTTHTTH,HTHTTHTH,4,17,0
HHHHHHHT,THTHHTHT,4,18,0
TTTTHHHH,HTTHTTHT,4,19,0
HHHHHHT,TTTTTTT,4,20,1
TTHTHTHH,HTHHTHHT,4,21,0
HTHTTHTH,HTTTTTTT,4,22,1
THTHTHTH,HHHHHHHT,4,23,1
THHHHHHH,HTHTHTHT,4,24,0
THTHTTHT,HTTHTHHT,4,25,0
HHHHHHHT,HTHHTHHT,4,26,0
HHHHTTTT,HTTHTTHT,4,27,0
HTTTTTH,HHHHHHH,4,28,1
THTHTHTH,HTTTTTTT,4,29,1
THHHHHHH,HTHTTHTH,4,30,0
TTTTHHHH,THHTHHTH,4,31,0
THTHHTHT,HTTTTTTT,4,32,1
TTTTTTTH,HTHTHTHT,4,33,0
HTTTTTTT,HTHHTTHT,4,34,0
THHHHHHH,THTHHTHT,4,35,0
HTHHHHHH,HTHTHTHT,4,36,0
HTHHTTHT,THHHHHHH,4,37,1
HTHHTHHT,TTTHTHTH,4,38,1
THTHHTHT,THTTHTTH,4,39,1
HHHHHHH,HHHHHHT,4,40,0
THTHTHTH,THHHHHHH,4,41,1
TTTTTTTH,HTHTTHTH,4,42,0
TTHTHTHH,HTHHHTHH,4,43,1
HTHHTHHT,THTHHTHT,4,44,0
HHHHHHH,TTTTTTH,4,45,0
HHTHTHHT,HHHHHHHT,4,46,1
HTTHHTTH,TTTTTTTT,4,47,1
HHHHHHT,HTHTHTH,4,48,0
THTHHTHT,HTTHTTHT,4,49,0
HHHHHHT,THTHTHT,4,50,0
TTTTHTHT,HTHHTHHT,4,51,1
THTHHTHT,TTTTTTTH,4,52,1
TTTTTTH,TTHHTTH,4,53,0
HHHHHHHT,TTHTHTTH,4,54,0
TTTTH,HTTHT,4,55,0
HHHHHHHH,HTTTTTTT,4,56,1
HTT,TTT,4,57,1
TTTTTTH,TTTTTTT,4,58,1
HTTHTTHT,HTHTHHHH,4,59,0
HTHTHTTT,HTTHHTTH,4,60,0
THH,TTT,4,61,1
HHHHHHTH,HTHTHTHT,4,62,1
HTTHTHHT,HTHTHTTT,4,63,1
HTHTTHTH,HHHHHHTH,4,64,1
HTTHHTTH,THTHTHHH,5,1,0
HTHTTHTH,HTHHHHHT,5,2,0
HTHTHTHT,HTTTTTTT,5,3,0
HHHHTTTT,HTHHTHHT,5,4,1
TTTTTTH,HHTTHHT,5,5,1
TTTTTTTT,HHHHHHHT,5,6,0
TTTTTTH,HTTTHHT,5,7,0
HTHTHTHT,HHHHHHHT,5,8,0
HHHHHHHT,HHHHHHHH,5,9,1
HTTHTTHT,HTHTTHTH,5,10,0
HTHTHHTH,THTTHHTH,5,11,1
HTHTTHTH,HTHHTHHT,5,12,1
HTHTTHTH,THHTHHTH,5,13,1
THTHTTHT,HTTHHTTH,5,14,1
TTTTHHHH,HTHHTHHT,5,15,1
HHHHHHHT,HTHTTHTH,5,16,0
THTTHTTH,HTHTTHTH,5,17,0
HHHHHHHT,THTHHTHT,5,18,0
HTTHTTHT,TTTTHHHH,5,19,0
HHHHHHT,TTTTTTT,5,20,1
HTHHTHHT,TTHTHTHH,5,21,0
HTHTTHTH,HTTTTTTT,5,22,1
THTHTHTH,HHHHHHHT,5,23,0
THHHHHHH,HTHTHTHT,5,24,1
THTHTTHT,HTTHTHHT,5,25,0
HHHHHHHT,HTHHTHHT,5,26,0
HHHHTTTT,HTTHTTHT,5,27,1
HTTTTTH,HHHHHHH,5,28,1
HTTTTTTT,THTHTHTH,5,29,1
HTHTTHTH,THHHHHHH,5,30,1
THHTHHTH,TTTTHHHH,5,31,0
THTHHTHT,HTTTTTTT,5,32,1
HTHTHTHT,TTTTTTTH,5,33,0
HTHHTTHT,HTTTTTTT,5,34,1
THTHHTHT,THHHHHHH,5,35,1
HTHHHHHH,HTHTHTHT,5,36,1
HTHHTTHT,THHHHHHH,5,37,1
HTHHTHHT,TTTHTHTH,5,38,0
THTTHTTH,THTHHTHT,5,39,0
HHHHHHT,HHHHHHH,5,40,1
THTHTHTH,THHHHHHH,5,41,0
HTHTTHTH,TTTTTTTH,5,42,1
TTHTHTHH,HTHHHTHH,5,43,1
HTHHTHHT,THTHHTHT,5,44,0
TTTTTTH,HHHHHHH,5,45,1
HHHHHHHT,HHTHTHHT,5,46,0
HTTHHTTH,TTTTTTTT,5,47,1
HHHHHHT,HTHTHTH,5,48,1
THTHHTHT,HTTHTTHT,5,49,1
HHHHHHT,THTHTHT,5,50,1
TTTTHTHT,HTHHTHHT,5,51,1
THTHHTHT,TTTTTTTH,5,52,1
TTHHTTH,TTTTTTH,5,53,0
TTHTHTTH,HHHHHHHT,5,54,1
HTTHT,TTTTH,5,55,1
HTTTTTTT,HHHHHHHH,5,56,1
HTT,TTT,5,57,1
TTTTTTH,TTTTTTT,5,58,1
HTHTHHHH,HTTHTTHT,5,59,1
HTHTHTTT,HTTHHTTH,5,60,1
THH,TTT,5,61,1
HHHHHHTH,HTHTHTHT,5,62,1
HTTHTHHT,HTHTHTTT,5,63,1
HHHHHHTH,HTHTTHTH,5,64,1
HTTHHTTH,THTHTHHH,6,1,1
HTHHHHHT,HTHTTHTH,6,2,0
HTHTHTHT,HTTTTTTT,6,3,1
HHHHTTTT,HTHHTHHT,6,4,0
TTTTTTH,HHTTHHT,6,5,0
HHHHHHHT,TTTTTTTT,6,6,1
TTTTTTH,HTTTHHT,6,7,0
HHHHHHHT,HTHTHTHT,6,8,0
HHHHHHHT,HHHHHHHH,6,9,1
HTTHTTHT,HTHTTHTH,6,10,0
THTTHHTH,HTHTHHTH,6,11,1
HTHTTHTH,HTHHTHHT,6,12,1
THHTHHTH,HTHTTHTH,6,13,0
THTHTTHT,HTTHHTTH,6,14,1
TTTTHHHH,HTHHTHHT,6,15,0
HHHHHHHT,HTHTTHTH,6,16,0
THTTHTTH,HTHTTHTH,6,17,1
HHHHHHHT,THTHHTHT,6,18,0
HTTHTTHT,TTTTHHHH,6,19,1
TTTTTTT,HHHHHHT,6,20,0
TTHTHTHH,HTHHTHHT,6,21,1
HTTTTTTT,HTHTTHTH,6,22,0
THTHTHTH,HHHHHHHT,6,23,1
HTHTHTHT,THHHHHHH,6,24,1
HTTHTHHT,THTHTTHT,6,25,0
HHHHHHHT,HTHHTHHT,6,26,0
HHHHTTTT,HTTHTTHT,6,27,0
HTTTTTH,HHHHHHH,6,28,1
HTTTTTTT,THTHTHTH,6,29,0
HTHTTHTH,THHHHHHH,6,30,1
THHTHHTH,TTTTHHHH,6,31,1
HTTTTTTT,THTHHTHT,6,32,0
HTHTHTHT,TTTTTTTH,6,33,1
HTHHTTHT,HTTTTTTT,6,34,1
THTHHTHT,THHHHHHH,6,35,1
HTHTHTHT,HTHHHHHH,6,36,1
HTHHTTHT,THHHHHHH,6,37,1
HTHHTHHT,TTTHTHTH,6,38,0
THTTHTTH,THTHHTHT,6,39,0
HHHHHHH,HHHHHHT,6,40,0
THTHTHTH,THHHHHHH,6,41,1
TTTTTTTH,HTHTTHTH,6,42,0
HTHHHTHH,TTHTHTHH,6,43,0
HTHHTHHT,THTHHTHT,6,44,0
HHHHHHH,TTTTTTH,6,45,1
HHTHTHHT,HHHHHHHT,6,46,1
TTTTTTTT,HTTHHTTH,6,47,0
HTHTHTH,HHHHHHT,6,48,1
HTTHTTHT,THTHHTHT,6,49,0
HHHHHHT,THTHTHT,6,50,0
TTTTHTHT,HTHHTHHT,6,51,0
TTTTTTTH,THTHHTHT,6,52,0
TTHHTTH,TTTTTTH,6,53,1
HHHHHHHT,TTHTHTTH,6,54,0
HTTHT,TTTTH,6,55,1
HTTTTTTT,HHHHHHHH,6,56,1
TTT,HTT,6,57,0
TTTTTTH,TTTTTTT,6,58,1
HTTHTTHT,HTHTHHHH,6,59,1
HTHTHTTT,HTTHHTTH,6,60,0
TTT,THH,6,61,0
HTHTHTHT,HHHHHHTH,6,62,1
HTHTHTTT,HTTHTHHT,6,63,0
HTHTTHTH,HHHHHHTH,6,64,1
THTHTHHH,HTTHHTTH,7,1,0
HTHTTHTH,HTHHHHHT,7,2,1
HTTTTTTT,HTHTHTHT,7,3,0
HTHHTHHT,HHHHTTTT,7,4,1
HHTTHHT,TTTTTTH,7,5,1
TTTTTTTT,HHHHHHHT,7,6,0
HTTTHHT,TTTTTTH,7,7,1
HHHHHHHT,HTHTHTHT,7,8,0
HHHHHHHT,HHHHHHHH,7,9,1
HTHTTHTH,HTTHTTHT,7,10,0
THTTHHTH,HTHTHHTH,7,11,1
HTHHTHHT,HTHTTHTH,7,12,1
THHTHHTH,HTHTTHTH,7,13,0
THTHTTHT,HTTHHTTH,7,14,0
HTHHTHHT,TTTTHHHH,7,15,1
HHHHHHHT,HTHTTHTH,7,16,0
HTHTTHTH,THTTHTTH,7,17,1
THTHHTHT,HHHHHHHT,7,18,1
TTTTHHHH,HTTHTTHT,7,19,0
HHHHHHT,TTTTTTT,7,20,1
TTHTHTHH,HTHHTHHT,7,21,0
HTHTTHTH,HTTTTTTT,7,22,1
THTHTHTH,HHHHHHHT,7,23,1
THHHHHHH,HTHTHTHT,7,24,0
THTHTTHT,HTTHTHHT,7,25,0
HTHHTHHT,HHHHHHHT,7,26,1
HHHHTTTT,HTTHTTHT,7,27,0
HTTTTTH,HHHHHHH,7,28,1
HTTTTTTT,THTHTHTH,7,29,0
HTHTTHTH,THHHHHHH,7,30,1
TTTTHHHH,THHTHHTH,7,31,0
THTHHTHT,HTTTTTTT,7,32,1
HTHTHTHT,TTTTTTTH,7,33,1
HTTTTTTT,HTHHTTHT,7,34,0
THTHHTHT,THHHHHHH,7,35,1
HTHHHHHH,HTHTHTHT,7,36,0
HTHHTTHT,THHHHHHH,7,37,1
TTTHTHTH,HTHHTHHT,7,38,0
THTTHTTH,THTHHTHT,7,39,1
HHHHHHT,HHHHHHH,7,40,1
THTHTHTH,THHHHHHH,7,41,1
HTHTTHTH,TTTTTTTH,7,42,1
TTHTHTHH,HTHHHTHH,7,43,1
HTHHTHHT,THTHHTHT,7,44,0
TTTTTTH,HHHHHHH,7,45,1
HHTHTHHT,HHHHHHHT,7,46,1
TTTTTTTT,HTTHHTTH,7,47,0
HTHTHTH,HHHHHHT,7,48,1
THTHHTHT,HTTHTTHT,7,49,1
HHHHHHT,THTHTHT,7,50,0
TTTTHTHT,HTHHTHHT,7,51,0
TTTTTTTH,THTHHTHT,7,52,0
TTTTTTH,TTHHTTH,7,53,0
HHHHHHHT,TTHTHTTH,7,54,0
HTTHT,TTTTH,7,55,1
HTTTTTTT,HHHHHHHH,7,56,1
TTT,HTT,7,57,0
TTTTTTT,TTTTTTH,7,58,0
HTHTHHHH,HTTHTTHT,7,59,0
HTTHHTTH,HTHTHTTT,7,60,0
THH,TTT,7,61,1
HHHHHHTH,HTHTHTHT,7,62,0
HTHTHTTT,HTTHTHHT,7,63,0
HHHHHHTH,HTHTTHTH,7,64,0
THTHTHHH,HTTHHTTH,8,1,0
HTHTTHTH,HTHHHHHT,8,2,1
HTHTHTHT,HTTTTTTT,8,3,1
HTHHTHHT,HHHHTTTT,8,4,1
TTTTTTH,HHTTHHT,8,5,1
TTTTTTTT,HHHHHHHT,8,6,0
TTTTTTH,HTTTHHT,8,7,0
HHHHHHHT,HTHTHTHT,8,8,1
HHHHHHHT,HHHHHHHH,8,9,0
HTHTTHTH,HTTHTTHT,8,10,0
HTHTHHTH,THTTHHTH,8,11,1
HTHTTHTH,HTHHTHHT,8,12,1
HTHTTHTH,THHTHHTH,8,13,1
THTHTTHT,HTTHHTTH,8,14,1
HTHHTHHT,TTTTHHHH,8,15,1
HTHTTHTH,HHHHHHHT,8,16,1
HTHTTHTH,THTTHTTH,8,17,0
HHHHHHHT,THTHHTHT,8,18,1
TTTTHHHH,HTTHTTHT,8,19,0
TTTTTTT,HHHHHHT,8,20,1
HTHHTHHT,TTHTHTHH,8,21,0
HTHTTHTH,HTTTTTTT,8,22,1
HHHHHHHT,THTHTHTH,8,23,1
HTHTHTHT,THHHHHHH,8,24,0
HTTHTHHT,THTHTTHT,8,25,0
HTHHTHHT,HHHHHHHT,8,26,1
HTTHTTHT,HHHHTTTT,8,27,1
HHHHHHH,HTTTTTH,8,28,0
HTTTTTTT,THTHTHTH,8,29,1
THHHHHHH,HTHTTHTH,8,30,1
THHTHHTH,TTTTHHHH,8,31,0
HTTTTTTT,THTHHTHT,8,32,1
HTHTHTHT,TTTTTTTH,8,33,0
HTTTTTTT,HTHHTTHT,8,34,1
THHHHHHH,THTHHTHT,8,35,0
HTHTHTHT,HTHHHHHH,8,36,0
HTHHTTHT,THHHHHHH,8,37,1
HTHHTHHT,TTTHTHTH,8,38,1
THTHHTHT,THTTHTTH,8,39,0
HHHHHHH,HHHHHHT,8,40,1
THHHHHHH,THTHTHTH,8,41,1
TTTTTTTH,HTHTTHTH,8,42,0
TTHTHTHH,HTHHHTHH,8,43,0
THTHHTHT,HTHHTHHT,8,44,1
HHHHHHH,TTTTTTH,8,45,0
HHHHHHHT,HHTHTHHT,8,46,0
HTTHHTTH,TTTTTTTT,8,47,1
HHHHHHT,HTHTHTH,8,48,1
THTHHTHT,HTTHTTHT,8,49,0
HHHHHHT,THTHTHT,8,50,0
HTHHTHHT,TTTTHTHT,8,51,0
THTHHTHT,TTTTTTTH,8,52,1
TTHHTTH,TTTTTTH,8,53,0
HHHHHHHT,TTHTHTTH,8,54,0
TTTTH,HTTHT,8,55,1
HHHHHHHH,HTTTTTTT,8,56,1
TTT,HTT,8,57,0
TTTTTTT,TTTTTTH,8,58,0
HTHTHHHH,HTTHTTHT,8,59,0
HTHTHTTT,HTTHHTTH,8,60,1
TTT,THH,8,61,0
HHHHHHTH,HTHTHTHT,8,62,1
HTTHTHHT,HTHTHTTT,8,63,1
HTHTTHTH,HHHHHHTH,8,64,0
HTTHHTTH,THTHTHHH,9,1,1
HTHHHHHT,HTHTTHTH,9,2,0
HTTTTTTT,HTHTHTHT,9,3,1
HTHHTHHT,HHHHTTTT,9,4,1
TTTTTTH,HHTTHHT,9,5,0
HHHHHHHT,TTTTTTTT,9,6,1
TTTTTTH,HTTTHHT,9,7,0
HHHHHHHT,HTHTHTHT,9,8,0
HHHHHHHH,HHHHHHHT,9,9,0
HTTHTTHT,HTHTTHTH,9,10,0
THTTHHTH,HTHTHHTH,9,11,1
HTHHTHHT,HTHTTHTH,9,12,0
HTHTTHTH,THHTHHTH,9,13,1
THTHTTHT,HTTHHTTH,9,14,1
HTHHTHHT,TTTTHHHH,9,15,1
HTHTTHTH,HHHHHHHT,9,16,1
HTHTTHTH,THTTHTTH,9,17,1
THTHHTHT,HHHHHHHT,9,18,1
TTTTHHHH,HTTHTTHT,9,19,0
HHHHHHT,TTTTTTT,9,20,1
HTHHTHHT,TTHTHTHH,9,21,0
HTHTTHTH,HTTTTTTT,9,22,1
HHHHHHHT,THTHTHTH,9,23,1
HTHTHTHT,THHHHHHH,9,24,0
HTTHTHHT,THTHTTHT,9,25,0
HTHHTHHT,HHHHHHHT,9,26,1
HTTHTTHT,HHHHTTTT,9,27,1
HHHHHHH,HTTTTTH,9,28,0
HTTTTTTT,THTHTHTH,9,29,1
THHHHHHH,HTHTTHTH,9,30,0
THHTHHTH,TTTTHHHH,9,31,1
THTHHTHT,HTTTTTTT,9,32,1
TTTTTTTH,HTHTHTHT,9,33,1
HTHHTTHT,HTTTTTTT,9,34,1
THHHHHHH,THTHHTHT,9,35,0
HTHHHHHH,HTHTHTHT,9,36,1
HTHHTTHT,THHHHHHH,9,37,1
TTTHTHTH,HTHHTHHT,9,38,1
THTHHTHT,THTTHTTH,9,39,1
HHHHHHH,HHHHHHT,9,40,0
THTHTHTH,THHHHHHH,9,41,0
HTHTTHTH,TTTTTTTH,9,42,1
TTHTHTHH,HTHHHTHH,9,43,1
THTHHTHT,HTHHTHHT,9,44,1
TTTTTTH,HHHHHHH,9,45,1
HHTHTHHT,HHHHHHHT,9,46,0
TTTTTTTT,HTTHHTTH,9,47,0
HHHHHHT,HTHTHTH,9,48,1
THTHHTHT,HTTHTTHT,9,49,1
THTHTHT,HHHHHHT,9,50,0
HTHHTHHT,TTTTHTHT,9,51,0
TTTTTTTH,THTHHTHT,9,52,0
TTTTTTH,TTHHTTH,9,53,1
TTHTHTTH,HHHHHHHT,9,54,1
TTTTH,HTTHT,9,55,0
HHHHHHHH,HTTTTTTT,9,56,0
TTT,HTT,9,57,0
TTTTTTT,TTTTTTH,9,58,0
HTHTHHHH,HTTHTTHT,9,59,1
HTHTHTTT,HTTHHTTH,9,60,1
TTT,THH,9,61,0
HTHTHTHT,HHHHHHTH,9,62,0
HTTHTHHT,HTHTHTTT,9,63,1
HTHTTHTH,HHHHHHTH,9,64,0
HTTHHTTH,THTHTHHH,10,1,0
HTHHHHHT,HTHTTHTH,10,2,0
HTTTTTTT,HTHTHTHT,10,3,0
HTHHTHHT,HHHHTTTT,10,4,1
HHTTHHT,TTTTTTH,10,5,1
TTTTTTTT,HHHHHHHT,10,6,0
TTTTTTH,HTTTHHT,10,7,0
HHHHHHHT,HTHTHTHT,10,8,0
HHHHHHHT,HHHHHHHH,10,9,1
HTTHTTHT,HTHTTHTH,10,10,1
THTTHHTH,HTHTHHTH,10,11,1
HTHTTHTH,HTHHTHHT,10,12,0
HTHTTHTH,THHTHHTH,10,13,1
HTTHHTTH,THTHTTHT,10,14,1
HTHHTHHT,TTTTHHHH,10,15,1
HHHHHHHT,HTHTTHTH,10,16,0
THTTHTTH,HTHTTHTH,10,17,1
HHHHHHHT,THTHHTHT,10,18,0
HTTHTTHT,TTTTHHHH,10,19,1
TTTTTTT,HHHHHHT,10,20,0
HTHHTHHT,TTHTHTHH,10,21,1
HTTTTTTT,HTHTTHTH,10,22,0
HHHHHHHT,THTHTHTH,10,23,0
THHHHHHH,HTHTHTHT,10,24,0
THTHTTHT,HTTHTHHT,10,25,1
HTHHTHHT,HHHHHHHT,10,26,1
HTTHTTHT,HHHHTTTT,10,27,1
HTTTTTH,HHHHHHH,10,28,1
THTHTHTH,HTTTTTTT,10,29,1
HTHTTHTH,THHHHHHH,10,30,1
TTTTHHHH,THHTHHTH,10,31,0
HTTTTTTT,THTHHTHT,10,32,0
TTTTTTTH,HTHTHTHT,10,33,0
HTHHTTHT,HTTTTTTT,10,34,1
THTHHTHT,THHHHHHH,10,35,1
HTHHHHHH,HTHTHTHT,10,36,0
THHHHHHH,HTHHTTHT,10,37,0
HTHHTHHT,TTTHTHTH,10,38,1
THTTHTTH,THTHHTHT,10,39,1
HHHHHHH,HHHHHHT,10,40,0
THTHTHTH,THHHHHHH,10,41,1
HTHTTHTH,TTTTTTTH,10,42,1
HTHHHTHH,TTHTHTHH,10,43,1
THTHHTHT,HTHHTHHT,10,44,1
HHHHHHH,TTTTTTH,10,45,0
HHTHTHHT,HHHHHHHT,10,46,1
TTTTTTTT,HTTHHTTH,10,47,0
HTHTHTH,HHHHHHT,10,48,1
THTHHTHT,HTTHTTHT,10,49,1
HHHHHHT,THTHTHT,10,50,0
TTTTHTHT,HTHHTHHT,10,51,0
THTHHTHT,TTTTTTTH,10,52,1
TTHHTTH,TTTTTTH,10,53,1
HHHHHHHT,TTHTHTTH,10,54,1
TTTTH,HTTHT,10,55,0
HTTTTTTT,HHHHHHHH,10,56,1
TTT,HTT,10,57,0
TTTTTTH,TTTTTTT,10,58,0
HTTHTTHT,HTHTHHHH,10,59,1
HTTHHTTH,HTHTHTTT,10,60,1
TTT,THH,10,61,0
HHHHHHTH,HTHTHTHT,10,62,1
HTHTHTTT,HTTHTHHT,10,63,0
HHHHHHTH,HTHTTHTH,10,64,1
HTTHHTTH,THTHTHHH,11,1,0
HTHHHHHT,HTHTTHTH,11,2,1
HTTTTTTT,HTHTHTHT,11,3,1
HTHHTHHT,HHHHTTTT,11,4,1
HHTTHHT,TTTTTTH,11,5,0
HHHHHHHT,TTTTTTTT,11,6,1
TTTTTTH,HTTTHHT,11,7,0
HTHTHTHT,HHHHHHHT,11,8,0
HHHHHHHT,HHHHHHHH,11,9,1
HTHTTHTH,HTTHTTHT,11,10,1
THTTHHTH,HTHTHHTH,11,11,0
HTHTTHTH,HTHHTHHT,11,12,1
THHTHHTH,HTHTTHTH,11,13,0
HTTHHTTH,THTHTTHT,11,14,0
HTHHTHHT,TTTTHHHH,11,15,1
HHHHHHHT,HTHTTHTH,11,16,1
HTHTTHTH,THTTHTTH,11,17,1
THTHHTHT,HHHHHHHT,11,18,0
HTTHTTHT,TTTTHHHH,11,19,1
HHHHHHT,TTTTTTT,11,20,1
HTHHTHHT,TTHTHTHH,11,21,0
HTTTTTTT,HTHTTHTH,11,22,1
THTHTHTH,HHHHHHHT,11,23,0
HTHTHTHT,THHHHHHH,11,24,0
THTHTTHT,HTTHTHHT,11,25,0
HHHHHHHT,HTHHTHHT,11,26,1
HTTHTTHT,HHHHTTTT,11,27,1
HHHHHHH,HTTTTTH,11,28,0
HTTTTTTT,THTHTHTH,11,29,1
THHHHHHH,HTHTTHTH,11,30,1
THHTHHTH,TTTTHHHH,11,31,1
THTHHTHT,HTTTTTTT,11,32,0
TTTTTTTH,HTHTHTHT,11,33,1
HTHHTTHT,HTTTTTTT,11,34,0
THHHHHHH,THTHHTHT,11,35,1
HTHHHHHH,HTHTHTHT,11,36,1
HTHHTTHT,THHHHHHH,11,37,0
TTTHTHTH,HTHHTHHT,11,38,0
THTHHTHT,THTTHTTH,11,39,1
HHHHHHH,HHHHHHT,11,40,0
THHHHHHH,THTHTHTH,11,41,1
HTHTTHTH,TTTTTTTH,11,42,0
TTHTHTHH,HTHHHTHH,11,43,0
THTHHTHT,HTHHTHHT,11,44,1
HHHHHHH,TTTTTTH,11,45,0
HHHHHHHT,HHTHTHHT,11,46,1
TTTTTTTT,HTTHHTTH,11,47,0
HTHTHTH,HHHHHHT,11,48,0
THTHHTHT,HTTHTTHT,11,49,1
THTHTHT,HHHHHHT,11,50,0
TTTTHTHT,HTHHTHHT,11,51,1
TTTTTTTH,THTHHTHT,11,52,1
TTTTTTH,TTHHTTH,11,53,1
HHHHHHHT,TTHTHTTH,11,54,1
HTTHT,TTTTH,11,55,0
HHHHHHHH,HTTTTTTT,11,56,0
HTT,TTT,11,57,1
TTTTTTH,TTTTTTT,11,58,1
HTTHTTHT,HTHTHHHH,11,59,0
HTTHHTTH,HTHTHTTT,11,60,0
THH,TTT,11,61,1
HTHTHTHT,HHHHHHTH,11,62,0
HTHTHTTT,HTTHTHHT,11,63,1
HTHTTHTH,HHHHHHTH,11,64,0
HTTHHTTH,THTHTHHH,12,1,1
HTHTTHTH,HTHHHHHT,12,2,1
HTHTHTHT,HTTTTTTT,12,3,1
HHHHTTTT,HTHHTHHT,12,4,0
TTTTTTH,HHTTHHT,12,5,0
TTTTTTTT,HHHHHHHT,12,6,0
HTTTHHT,TTTTTTH,12,7,1
HTHTHTHT,HHHHHHHT,12,8,1
HHHHHHHT,HHHHHHHH,12,9,1
HTHTTHTH,HTTHTTHT,12,10,1
HTHTHHTH,THTTHHTH,12,11,1
HTHHTHHT,HTHTTHTH,12,12,0
HTHTTHTH,THHTHHTH,12,13,1
HTTHHTTH,THTHTTHT,12,14,0
TTTTHHHH,HTHHTHHT,12,15,0
HHHHHHHT,HTHTTHTH,12,16,0
HTHTTHTH,THTTHTTH,12,17,1
THTHHTHT,HHHHHHHT,12,18,1
HTTHTTHT,TTTTHHHH,12,19,1
TTTTTTT,HHHHHHT,12,20,0
HTHHTHHT,TTHTHTHH,12,21,0
HTTTTTTT,HTHTTHTH,12,22,0
THTHTHTH,HHHHHHHT,12,23,1
THHHHHHH,HTHTHTHT,12,24,0
THTHTTHT,HTTHTHHT,12,25,1
HTHHTHHT,HHHHHHHT,12,26,1
HTTHTTHT,HHHHTTTT,12,27,1
HTTTTTH,HHHHHHH,12,28,1
HTTTTTTT,THTHTHTH,12,29,0
THHHHHHH,HTHTTHTH,12,30,0
THHTHHTH,TTTTHHHH,12,31,1
HTTTTTTT,THTHHTHT,12,32,0
TTTTTTTH,HTHTHTHT,12,33,0
HTHHTTHT,HTTTTTTT,12,34,1
THHHHHHH,THTHHTHT,12,35,0
HTHTHTHT,HTHHHHHH,12,36,1
THHHHHHH,HTHHTTHT,12,37,0
HTHHTHHT,TTTHTHTH,12,38,0
THTHHTHT,THTTHTTH,12,39,0
HHHHHHT,HHHHHHH,12,40,1
THTHTHTH,THHHHHHH,12,41,1
TTTTTTTH,HTHTTHTH,12,42,0
HTHHHTHH,TTHTHTHH,12,43,0
THTHHTHT,HTHHTHHT,12,44,1
HHHHHHH,TTTTTTH,12,45,0
HHHHHHHT,HHTHTHHT,12,46,0
HTTHHTTH,TTTTTTTT,12,47,1
HTHTHTH,HHHHHHT,12,48,1
THTHHTHT,HTTHTTHT,12,49,0
THTHTHT,HHHHHHT,12,50,1
HTHHTHHT,TTTTHTHT,12,51,1
TTTTTTTH,THTHHTHT,12,52,0
TTTTTTH,TTHHTTH,12,53,0
TTHTHTTH,HHHHHHHT,12,54,1
TTTTH,HTTHT,12,55,0
HTTTTTTT,HHHHHHHH,12,56,1
TTT,HTT,12,57,0
TTTTTTH,TTTTTTT,12,58,1
HTTHTTHT,HTHTHHHH,12,59,0
HTTHHTTH,HTHTHTTT,12,60,0
THH,TTT,12,61,1
HTHTHTHT,HHHHHHTH,12,62,1
HTTHTHHT,HTHTHTTT,12,63,1
HTHTTHTH,HHHHHHTH,12,64,1
THTHTHHH,HTTHHTTH,13,1,1
HTHTTHTH,HTHHHHHT,13,2,1
HTTTTTTT,HTHTHTHT,13,3,0
HHHHTTTT,HTHHTHHT,13,4,0
HHTTHHT,TTTTTTH,13,5,1
HHHHHHHT,TTTTTTTT,13,6,1
HTTTHHT,TTTTTTH,13,7,1
HTHTHTHT,HHHHHHHT,13,8,1
HHHHHHHT,HHHHHHHH,13,9,1
HTHTTHTH,HTTHTTHT,13,10,1
HTHTHHTH,THTTHHTH,13,11,0
HTHHTHHT,HTHTTHTH,13,12,0
THHTHHTH,HTHTTHTH,13,13,0
THTHTTHT,HTTHHTTH,13,14,1
TTTTHHHH,HTHHTHHT,13,15,0
HTHTTHTH,HHHHHHHT,13,16,1
THTTHTTH,HTHTTHTH,13,17,0
HHHHHHHT,THTHHTHT,13,18,0
TTTTHHHH,HTTHTTHT,13,19,0
TTTTTTT,HHHHHHT,13,20,0
TTHTHTHH,HTHHTHHT,13,21,1
HTTTTTTT,HTHTTHTH,13,22,0
THTHTHTH,HHHHHHHT,13,23,1
HTHTHTHT,THHHHHHH,13,24,1
HTTHTHHT,THTHTTHT,13,25,0
HHHHHHHT,HTHHTHHT,13,26,0
HHHHTTTT,HTTHTTHT,13,27,0
HTTTTTH,HHHHHHH,13,28,1
THTHTHTH,HTTTTTTT,13,29,1
THHHHHHH,HTHTTHTH,13,30,0
TTTTHHHH,THHTHHTH,13,31,0
THTHHTHT,HTTTTTTT,13,32,1
TTTTTTTH,HTHTHTHT,13,33,0
HTHHTTHT,HTTTTTTT,13,34,1
THTHHTHT,THHHHHHH,13,35,1
HTHHHHHH,HTHTHTHT,13,36,0
HTHHTTHT,THHHHHHH,13,37,1
TTTHTHTH,HTHHTHHT,13,38,1
THTTHTTH,THTHHTHT,13,39,0
HHHHHHH,HHHHHHT,13,40,0
THHHHHHH,THTHTHTH,13,41,0
TTTTTTTH,HTHTTHTH,13,42,0
HTHHHTHH,TTHTHTHH,13,43,0
THTHHTHT,HTHHTHHT,13,44,1
HHHHHHH,TTTTTTH,13,45,0
HHHHHHHT,HHTHTHHT,13,46,0
HTTHHTTH,TTTTTTTT,13,47,1
HTHTHTH,HHHHHHT,13,48,1
THTHHTHT,HTTHTTHT,13,49,1
THTHTHT,HHHHHHT,13,50,1
TTTTHTHT,HTHHTHHT,13,51,1
TTTTTTTH,THTHHTHT,13,52,0
TTTTTTH,TTHHTTH,13,53,0
TTHTHTTH,HHHHHHHT,13,54,1
TTTTH,HTTHT,13,55,0
HHHHHHHH,HTTTTTTT,13,56,0
HTT,TTT,13,57,1
TTTTTTT,TTTTTTH,13,58,0
HTHTHHHH,HTTHTTHT,13,59,1
HTHTHTTT,HTTHHTTH,13,60,1
TTT,THH,13,61,0
HHHHHHTH,HTHTHTHT,13,62,0
HTTHTHHT,HTHTHTTT,13,63,1
HTHTTHTH,HHHHHHTH,13,64,1
HTTHHTTH,THTHTHHH,14,1,0
HTHHHHHT,HTHTTHTH,14,2,0
HTHTHTHT,HTTTTTTT,14,3,1
HHHHTTTT,HTHHTHHT,14,4,0
HHTTHHT,TTTTTTH,14,5,1
HHHHHHHT,TTTTTTTT,14,6,1
TTTTTTH,HTTTHHT,14,7,0
HHHHHHHT,HTHTHTHT,14,8,0
HHHHHHHT,HHHHHHHH,14,9,1
HTTHTTHT,HTHTTHTH,14,10,0
THTTHHTH,HTHTHHTH,14,11,0
HTHHTHHT,HTHTTHTH,14,12,0
HTHTTHTH,THHTHHTH,14,13,0
THTHTTHT,HTTHHTTH,14,14,0
TTTTHHHH,HTHHTHHT,14,15,0
HTHTTHTH,HHHHHHHT,14,16,1
HTHTTHTH,THTTHTTH,14,17,1
THTHHTHT,HHHHHHHT,14,18,1
TTTTHHHH,HTTHTTHT,14,19,0
HHHHHHT,TTTTTTT,14,20,1
TTHTHTHH,HTHHTHHT,14,21,0
HTHTTHTH,HTTTTTTT,14,22,1
HHHHHHHT,THTHTHTH,14,23,0
THHHHHHH,HTHTHTHT,14,24,0
HTTHTHHT,THTHTTHT,14,25,1
HHHHHHHT,HTHHTHHT,14,26,0
HTTHTTHT,HHHHTTTT,14,27,1
HHHHHHH,HTTTTTH,14,28,0
THTHTHTH,HTTTTTTT,14,29,1
HTHTTHTH,THHHHHHH,14,30,1
TTTTHHHH,THHTHHTH,14,31,0
HTTTTTTT,THTHHTHT,14,32,0
TTTTTTTH,HTHTHTHT,14,33,0
HTTTTTTT,HTHHTTHT,14,34,0
THHHHHHH,THTHHTHT,14,35,0
HTHTHTHT,HTHHHHHH,14,36,1
THHHHHHH,HTHHTTHT,14,37,0
TTTHTHTH,HTHHTHHT,14,38,0
THTHHTHT,THTTHTTH,14,39,0
HHHHHHT,HHHHHHH,14,40,1
THHHHHHH,THTHTHTH,14,41,0
HTHTTHTH,TTTTTTTH,14,42,1
HTHHHTHH,TTHTHTHH,14,43,0
THTHHTHT,HTHHTHHT,14,44,0
HHHHHHH,TTTTTTH,14,45,0
HHHHHHHT,HHTHTHHT,14,46,0
HTTHHTTH,TTTTTTTT,14,47,1
HTHTHTH,HHHHHHT,14,48,1
HTTHTTHT,THTHHTHT,14,49,1
HHHHHHT,THTHTHT,14,50,0
HTHHTHHT,TTTTHTHT,14,51,1
THTHHTHT,TTTTTTTH,14,52,1
TTHHTTH,TTTTTTH,14,53,1
TTHTHTTH,HHHHHHHT,14,54,1
TTTTH,HTTHT,14,55,0
HHHHHHHH,HTTTTTTT,14,56,0
HTT,TTT,14,57,1
TTTTTTT,TTTTTTH,14,58,0
HTHTHHHH,HTTHTTHT,14,59,0
HTTHHTTH,HTHTHTTT,14,60,1
TTT,THH,14,61,0
HHHHHHTH,HTHTHTHT,14,62,0
HTTHTHHT,HTHTHTTT,14,63,0
HHHHHHTH,HTHTTHTH,14,64,0
HTTHHTTH,THTHTHHH,15,1,1
HTHTTHTH,HTHHHHHT,15,2,1
HTHTHTHT,HTTTTTTT,15,3,0
HTHHTHHT,HHHHTTTT,15,4,1
TTTTTTH,HHTTHHT,15,5,0
TTTTTTTT,HHHHHHHT,15,6,0
HTTTHHT,TTTTTTH,15,7,1
HHHHHHHT,HTHTHTHT,15,8,0
HHHHHHHH,HHHHHHHT,15,9,0
HTHTTHTH,HTTHTTHT,15,10,1
THTTHHTH,HTHTHHTH,15,11,0
HTHTTHTH,HTHHTHHT,15,12,1
HTHTTHTH,THHTHHTH,15,13,1
HTTHHTTH,THTHTTHT,15,14,0
TTTTHHHH,HTHHTHHT,15,15,0
HHHHHHHT,HTHTTHTH,15,16,0
THTTHTTH,HTHTTHTH,15,17,1
HHHHHHHT,THTHHTHT,15,18,0
HTTHTTHT,TTTTHHHH,15,19,1
HHHHHHT,TTTTTTT,15,20,1
TTHTHTHH,HTHHTHHT,15,21,0
HTTTTTTT,HTHTTHTH,15,22,0
HHHHHHHT,THTHTHTH,15,23,0
THHHHHHH,HTHTHTHT,15,24,0
HTTHTHHT,THTHTTHT,15,25,0
HHHHHHHT,HTHHTHHT,15,26,0
HHHHTTTT,HTTHTTHT,15,27,0
HTTTTTH,HHHHHHH,15,28,0
HTTTTTTT,THTHTHTH,15,29,1
HTHTTHTH,THHHHHHH,15,30,1
THHTHHTH,TTTTHHHH,15,31,0
HTTTTTTT,THTHHTHT,15,32,1
TTTTTTTH,HTHTHTHT,15,33,0
HTHHTTHT,HTTTTTTT,15,34,0
THTHHTHT,THHHHHHH,15,35,1
HTHHHHHH,HTHTHTHT,15,36,1
THHHHHHH,HTHHTTHT,15,37,0
HTHHTHHT,TTTHTHTH,15,38,0
THTHHTHT,THTTHTTH,15,39,0
HHHHHHH,HHHHHHT,15,40,0
THHHHHHH,THTHTHTH,15,41,0
TTTTTTTH,HTHTTHTH,15,42,0
TTHTHTHH,HTHHHTHH,15,43,0
THTHHTHT,HTHHTHHT,15,44,1
HHHHHHH,TTTTTTH,15,45,0
HHTHTHHT,HHHHHHHT,15,46,1
TTTTTTTT,HTTHHTTH,15,47,0
HHHHHHT,HTHTHTH,15,48,0
THTHHTHT,HTTHTTHT,15,49,0
THTHTHT,HHHHHHT,15,50,1
TTTTHTHT,HTHHTHHT,15,51,1
TTTTTTTH,THTHHTHT,15,52,1
TTTTTTH,TTHHTTH,15,53,0
HHHHHHHT,TTHTHTTH,15,54,0
HTTHT,TTTTH,15,55,0
HTTTTTTT,HHHHHHHH,15,56,1
HTT,TTT,15,57,1
TTTTTTH,TTTTTTT,15,58,1
HTHTHHHH,HTTHTTHT,15,59,0
HTHTHTTT,HTTHHTTH,15,60,0
THH,TTT,15,61,1
HHHHHHTH,HTHTHTHT,15,62,1
HTHTHTTT,HTTHTHHT,15,63,0
HTHTTHTH,HHHHHHTH,15,64,1
THTHTHHH,HTTHHTTH,16,1,0
HTHTTHTH,HTHHHHHT,16,2,1
HTTTTTTT,HTHTHTHT,16,3,0
HTHHTHHT,HHHHTTTT,16,4,0
HHTTHHT,TTTTTTH,16,5,1
HHHHHHHT,TTTTTTTT,16,6,1
TTTTTTH,HTTTHHT,16,7,0
HTHTHTHT,HHHHHHHT,16,8,1
HHHHHHHT,HHHHHHHH,16,9,1
HTTHTTHT,HTHTTHTH,16,10,0
HTHTHHTH,THTTHHTH,16,11,0
HTHTTHTH,HTHHTHHT,16,12,1
HTHTTHTH,THHTHHTH,16,13,1
THTHTTHT,HTTHHTTH,16,14,0
TTTTHHHH,HTHHTHHT,16,15,1
HHHHHHHT,HTHTTHTH,16,16,0
THTTHTTH,HTHTTHTH,16,17,0
THTHHTHT,HHHHHHHT,16,18,1
HTTHTTHT,TTTTHHHH,16,19,0
TTTTTTT,HHHHHHT,16,20,0
TTHTHTHH,HTHHTHHT,16,21,1
HTHTTHTH,HTTTTTTT,16,22,1
HHHHHHHT,THTHTHTH,16,23,0
THHHHHHH,HTHTHTHT,16,24,0
THTHTTHT,HTTHTHHT,16,25,0
HTHHTHHT,HHHHHHHT,16,26,1
HHHHTTTT,HTTHTTHT,16,27,1
HHHHHHH,HTTTTTH,16,28,0
THTHTHTH,HTTTTTTT,16,29,1
HTHTTHTH,THHHHHHH,16,30,1
THHTHHTH,TTTTHHHH,16,31,0
THTHHTHT,HTTTTTTT,16,32,1
TTTTTTTH,HTHTHTHT,16,33,0
HTHHTTHT,HTTTTTTT,16,34,1
THHHHHHH,THTHHTHT,16,35,0
HTHHHHHH,HTHTHTHT,16,36,0
THHHHHHH,HTHHTTHT,16,37,0
HTHHTHHT,TTTHTHTH,16,38,1
THTTHTTH,THTHHTHT,16,39,0
HHHHHHT,HHHHHHH,16,40,1
THTHTHTH,THHHHHHH,16,41,1
TTTTTTTH,HTHTTHTH,16,42,0
TTHTHTHH,HTHHHTHH,16,43,1
THTHHTHT,HTHHTHHT,16,44,1
HHHHHHH,TTTTTTH,16,45,0
HHTHTHHT,HHHHHHHT,16,46,1
HTTHHTTH,TTTTTTTT,16,47,1
HTHTHTH,HHHHHHT,16,48,1
HTTHTTHT,THTHHTHT,16,49,0
HHHHHHT,THTHTHT,16,50,0
TTTTHTHT,HTHHTHHT,16,51,0
THTHHTHT,TTTTTTTH,16,52,1
TTTTTTH,TTHHTTH,16,53,0
TTHTHTTH,HHHHHHHT,16,54,1
HTTHT,TTTTH,16,55,1
HHHHHHHH,HTTTTTTT,16,56,0
HTT,TTT,16,57,1
TTTTTTH,TTTTTTT,16,58,1
HTTHTTHT,HTHTHHHH,16,59,1
HTTHHTTH,HTHTHTTT,16,60,1
TTT,THH,16,61,0
HTHTHTHT,HHHHHHTH,16,62,1
HTHTHTTT,HTTHTHHT,16,63,0
HTHTTHTH,HHHHHHTH,16,64,1
THTHTHHH,HTTHHTTH,17,1,0
HTHTTHTH,HTHHHHHT,17,2,1
HTTTTTTT,HTHTHTHT,17,3,0
HHHHTTTT,HTHHTHHT,17,4,0
TTTTTTH,HHTTHHT,17,5,0
HHHHHHHT,TTTTTTTT,17,6,1
TTTTTTH,HTTTHHT,17,7,0
HTHTHTHT,HHHHHHHT,17,8,1
HHHHHHHT,HHHHHHHH,17,9,1
HTHTTHTH,HTTHTTHT,17,10,1
HTHTHHTH,THTTHHTH,17,11,0
HTHTTHTH,HTHHTHHT,17,12,0
THHTHHTH,HTHTTHTH,17,13,0
THTHTTHT,HTTHHTTH,17,14,1
HTHHTHHT,TTTTHHHH,17,15,1
HTHTTHTH,HHHHHHHT,17,16,1
HTHTTHTH,THTTHTTH,17,17,1
HHHHHHHT,THTHHTHT,17,18,0
TTTTHHHH,HTTHTTHT,17,19,1
HHHHHHT,TTTTTTT,17,20,1
TTHTHTHH,HTHHTHHT,17,21,0
HTTTTTTT,HTHTTHTH,17,22,0
HHHHHHHT,THTHTHTH,17,23,0
HTHTHTHT,THHHHHHH,17,24,1
HTTHTHHT,THTHTTHT,17,25,0
HTHHTHHT,HHHHHHHT,17,26,1
HTTHTTHT,HHHHTTTT,17,27,1
HHHHHHH,HTTTTTH,17,28,0
THTHTHTH,HTTTTTTT,17,29,1
HTHTTHTH,THHHHHHH,17,30,1
THHTHHTH,TTTTHHHH,17,31,1
HTTTTTTT,THTHHTHT,17,32,0
HTHTHTHT,TTTTTTTH,17,33,1
HTTTTTTT,HTHHTTHT,17,34,0
THHHHHHH,THTHHTHT,17,35,0
HTHTHTHT,HTHHHHHH,17,36,1
HTHHTTHT,THHHHHHH,17,37,1
TTTHTHTH,HTHHTHHT,17,38,1
THTHHTHT,THTTHTTH,17,39,1
HHHHHHH,HHHHHHT,17,40,0
THHHHHHH,THTHTHTH,17,41,0
TTTTTTTH,HTHTTHTH,17,42,0
HTHHHTHH,TTHTHTHH,17,43,0
HTHHTHHT,THTHHTHT,17,44,0
TTTTTTH,HHHHHHH,17,45,1
HHHHHHHT,HHTHTHHT,17,46,0
HTTHHTTH,TTTTTTTT,17,47,1
HHHHHHT,HTHTHTH,17,48,0
THTHHTHT,HTTHTTHT,17,49,1
THTHTHT,HHHHHHT,17,50,1
HTHHTHHT,TTTTHTHT,17,51,0
TTTTTTTH,THTHHTHT,17,52,0
TTTTTTH,TTHHTTH,17,53,0
HHHHHHHT,TTHTHTTH,17,54,0
HTTHT,TTTTH,17,55,0
HTTTTTTT,HHHHHHHH,17,56,1
HTT,TTT,17,57,1
TTTTTTT,TTTTTTH,17,58,0
HTHTHHHH,HTTHTTHT,17,59,1
HTTHHTTH,HTHTHTTT,17,60,0
THH,TTT,17,61,1
HHHHHHTH,HTHTHTHT,17,62,0
HTHTHTTT,HTTHTHHT,17,63,0
HTHTTHTH,HHHHHHTH,17,64,1
THTHTHHH,HTTHHTTH,18,1,0
HTHHHHHT,HTHTTHTH,18,2,0
HTTTTTTT,HTHTHTHT,18,3,0
HHHHTTTT,HTHHTHHT,18,4,0
HHTTHHT,TTTTTTH,18,5,1
HHHHHHHT,TTTTTTTT,18,6,1
TTTTTTH,HTTTHHT,18,7,0
HTHTHTHT,HHHHHHHT,18,8,1
HHHHHHHH,HHHHHHHT,18,9,0
HTHTTHTH,HTTHTTHT,18,10,0
THTTHHTH,HTHTHHTH,18,11,1
HTHTTHTH,HTHHTHHT,18,12,1
THHTHHTH,HTHTTHTH,18,13,0
HTTHHTTH,THTHTTHT,18,14,1
TTTTHHHH,HTHHTHHT,18,15,0
HTHTTHTH,HHHHHHHT,18,16,1
THTTHTTH,HTHTTHTH,18,17,1
THTHHTHT,HHHHHHHT,18,18,1
TTTTHHHH,HTTHTTHT,18,19,0
HHHHHHT,TTTTTTT,18,20,1
TTHTHTHH,HTHHTHHT,18,21,1
HTHTTHTH,HTTTTTTT,18,22,1
HHHHHHHT,THTHTHTH,18,23,1
HTHTHTHT,THHHHHHH,18,24,1
HTTHTHHT,THTHTTHT,18,25,0
HHHHHHHT,HTHHTHHT,18,26,0
HTTHTTHT,HHHHTTTT,18,27,1
HTTTTTH,HHHHHHH,18,28,1
HTTTTTTT,THTHTHTH,18,29,0
HTHTTHTH,THHHHHHH,18,30,1
THHTHHTH,TTTTHHHH,18,31,1
HTTTTTTT,THTHHTHT,18,32,0
TTTTTTTH,HTHTHTHT,18,33,0
HTTTTTTT,HTHHTTHT,18,34,0
THHHHHHH,THTHHTHT,18,35,0
HTHTHTHT,HTHHHHHH,18,36,0
HTHHTTHT,THHHHHHH,18,37,1
TTTHTHTH,HTHHTHHT,18,38,1
THTTHTTH,THTHHTHT,18,39,1
HHHHHHT,HHHHHHH,18,40,1
THTHTHTH,THHHHHHH,18,41,0
TTTTTTTH,HTHTTHTH,18,42,0
HTHHHTHH,TTHTHTHH,18,43,1
THTHHTHT,HTHHTHHT,18,44,1
TTTTTTH,HHHHHHH,18,45,1
HHTHTHHT,HHHHHHHT,18,46,1
TTTTTTTT,HTTHHTTH,18,47,0
HHHHHHT,HTHTHTH,18,48,1
HTTHTTHT,THTHHTHT,18,49,1
THTHTHT,HHHHHHT,18,50,0
HTHHTHHT,TTTTHTHT,18,51,1
TTTTTTTH,THTHHTHT,18,52,0
TTTTTTH,TTHHTTH,18,53,0
HHHHHHHT,TTHTHTTH,18,54,0
TTTTH,HTTHT,18,55,0
HHHHHHHH,HTTTTTTT,18,56,0
HTT,TTT,18,57,0
TTTTTTH,TTTTTTT,18,58,0
HTTHTTHT,HTHTHHHH,18,59,1
HTHTHTTT,HTTHHTTH,18,60,1
THH,TTT,18,61,1
HHHHHHTH,HTHTHTHT,18,62,1
HTHTHTTT,HTTHTHHT,18,63,0
HHHHHHTH,HTHTTHTH,18,64,0
HTTHHTTH,THTHTHHH,19,1,0
HTHHHHHT,HTHTTHTH,19,2,0
HTTTTTTT,HTHTHTHT,19,3,0
HTHHTHHT,HHHHTTTT,19,4,1
TTTTTTH,HHTTHHT,19,5,0
HHHHHHHT,TTTTTTTT,19,6,1
HTTTHHT,TTTTTTH,19,7,1
HHHHHHHT,HTHTHTHT,19,8,0
HHHHHHHH,HHHHHHHT,19,9,0
HTHTTHTH,HTTHTTHT,19,10,1
THTTHHTH,HTHTHHTH,19,11,1
HTHTTHTH,HTHHTHHT,19,12,1
HTHTTHTH,THHTHHTH,19,13,1
HTTHHTTH,THTHTTHT,19,14,0
TTTTHHHH,HTHHTHHT,19,15,0
HHHHHHHT,HTHTTHTH,19,16,0
THTTHTTH,HTHTTHTH,19,17,1
THTHHTHT,HHHHHHHT,19,18,1
HTTHTTHT,TTTTHHHH,19,19,1
HHHHHHT,TTTTTTT,19,20,1
HTHHTHHT,TTHTHTHH,19,21,1
HTHTTHTH,HTTTTTTT,19,22,1
THTHTHTH,HHHHHHHT,19,23,1
HTHTHTHT,THHHHHHH,19,24,1
HTTHTHHT,THTHTTHT,19,25,0
HTHHTHHT,HHHHHHHT,19,26,1
HHHHTTTT,HTTHTTHT,19,27,0
HTTTTTH,HHHHHHH,19,28,1
HTTTTTTT,THTHTHTH,19,29,0
HTHTTHTH,THHHHHHH,19,30,1
TTTTHHHH,THHTHHTH,19,31,0
THTHHTHT,HTTTTTTT,19,32,1
TTTTTTTH,HTHTHTHT,19,33,0
HTTTTTTT,HTHHTTHT,19,34,0
THTHHTHT,THHHHHHH,19,35,1
HTHHHHHH,HTHTHTHT,19,36,0
HTHHTTHT,THHHHHHH,19,37,1
HTHHTHHT,TTTHTHTH,19,38,0
THTTHTTH,THTHHTHT,19,39,0
HHHHHHH,HHHHHHT,19,40,0
THHHHHHH,THTHTHTH,19,41,0
TTTTTTTH,HTHTTHTH,19,42,0
HTHHHTHH,TTHTHTHH,19,43,1
HTHHTHHT,THTHHTHT,19,44,0
HHHHHHH,TTTTTTH,19,45,0
HHHHHHHT,HHTHTHHT,19,46,0
HTTHHTTH,TTTTTTTT,19,47,1
HTHTHTH,HHHHHHT,19,48,1
THTHHTHT,HTTHTTHT,19,49,1
THTHTHT,HHHHHHT,19,50,1
HTHHTHHT,TTTTHTHT,19,51,1
THTHHTHT,TTTTTTTH,19,52,1
TTHHTTH,TTTTTTH,19,53,1
HHHHHHHT,TTHTHTTH,19,54,0
TTTTH,HTTHT,19,55,0
HHHHHHHH,HTTTTTTT,19,56,0
TTT,HTT,19,57,0
TTTTTTH,TTTTTTT,19,58,1
HTTHTTHT,HTHTHHHH,19,59,1
HTTHHTTH,HTHTHTTT,19,60,1
TTT,THH,19,61,0
HHHHHHTH,HTHTHTHT,19,62,0
HTHTHTTT,HTTHTHHT,19,63,1
HTHTTHTH,HHHHHHTH,19,64,1
HTTHHTTH,THTHTHHH,20,1,1
HTHHHHHT,HTHTTHTH,20,2,0
HTTTTTTT,HTHTHTHT,20,3,1
HHHHTTTT,HTHHTHHT,20,4,0
TTTTTTH,HHTTHHT,20,5,0
TTTTTTTT,HHHHHHHT,20,6,0
TTTTTTH,HTTTHHT,20,7,0
HTHTHTHT,HHHHHHHT,20,8,0
HHHHHHHT,HHHHHHHH,20,9,1
HTHTTHTH,HTTHTTHT,20,10,1
HTHTHHTH,THTTHHTH,20,11,1
HTHTTHTH,HTHHTHHT,20,12,1
HTHTTHTH,THHTHHTH,20,13,1
HTTHHTTH,THTHTTHT,20,14,1
HTHHTHHT,TTTTHHHH,20,15,1
HHHHHHHT,HTHTTHTH,20,16,0
THTTHTTH,HTHTTHTH,20,17,0
THTHHTHT,HHHHHHHT,20,18,1
TTTTHHHH,HTTHTTHT,20,19,0
TTTTTTT,HHHHHHT,20,20,0
TTHTHTHH,HTHHTHHT,20,21,1
HTHTTHTH,HTTTTTTT,20,22,1
THTHTHTH,HHHHHHHT,20,23,1
HTHTHTHT,THHHHHHH,20,24,1
HTTHTHHT,THTHTTHT,20,25,1
HTHHTHHT,HHHHHHHT,20,26,1
HTTHTTHT,HHHHTTTT,20,27,1
HHHHHHH,HTTTTTH,20,28,0
HTTTTTTT,THTHTHTH,20,29,0
HTHTTHTH,THHHHHHH,20,30,1
TTTTHHHH,THHTHHTH,20,31,0
HTTTTTTT,THTHHTHT,20,32,0
TTTTTTTH,HTHTHTHT,20,33,0
HTHHTTHT,HTTTTTTT,20,34,1
THHHHHHH,THTHHTHT,20,35,0
HTHHHHHH,HTHTHTHT,20,36,0
HTHHTTHT,THHHHHHH,20,37,1
TTTHTHTH,HTHHTHHT,20,38,0
THTHHTHT,THTTHTTH,20,39,0
HHHHHHH,HHHHHHT,20,40,0
THTHTHTH,THHHHHHH,20,41,1
TTTTTTTH,HTHTTHTH,20,42,0
HTHHHTHH,TTHTHTHH,20,43,0
THTHHTHT,HTHHTHHT,20,44,0
TTTTTTH,HHHHHHH,20,45,1
HHHHHHHT,HHTHTHHT,20,46,1
HTTHHTTH,TTTTTTTT,20,47,1
HTHTHTH,HHHHHHT,20,48,1
THTHHTHT,HTTHTTHT,20,49,0
HHHHHHT,THTHTHT,20,50,0
HTHHTHHT,TTTTHTHT,20,51,1
THTHHTHT,TTTTTTTH,20,52,1
TTTTTTH,TTHHTTH,20,53,0
TTHTHTTH,HHHHHHHT,20,54,1
TTTTH,HTTHT,20,55,0
HHHHHHHH,HTTTTTTT,20,56,0
TTT,HTT,20,57,0
TTTTTTH,TTTTTTT,20,58,1
HTHTHHHH,HTTHTTHT,20,59,0
HTHTHTTT,HTTHHTTH,20,60,1
THH,TTT,20,61,1
HHHHHHTH,HTHTHTHT,20,62,0
HTHTHTTT,HTTHTHHT,20,63,0
HHHHHHTH,HTHTTHTH,20,64,0
HTTHHTTH,THTHTHHH,21,1,1
HTHHHHHT,HTHTTHTH,21,2,0
HTHTHTHT,HTTTTTTT,21,3,1
HTHHTHHT,HHHHTTTT,21,4,0
HHTTHHT,TTTTTTH,21,5,1
HHHHHHHT,TTTTTTTT,21,6,1
TTTTTTH,HTTTHHT,21,7,0
HTHTHTHT,HHHHHHHT,21,8,0
HHHHHHHH,HHHHHHHT,21,9,1
HTTHTTHT,HTHTTHTH,21,10,1
THTTHHTH,HTHTHHTH,21,11,0
HTHHTHHT,HTHTTHTH,21,12,1
HTHTTHTH,THHTHHTH,21,13,0
THTHTTHT,HTTHHTTH,21,14,0
HTHHTHHT,TTTTHHHH,21,15,1
HHHHHHHT,HTHTTHTH,21,16,0
HTHTTHTH,THTTHTTH,21,17,0
HHHHHHHT,THTHHTHT,21,18,0
TTTTHHHH,HTTHTTHT,21,19,0
HHHHHHT,TTTTTTT,21,20,1
HTHHTHHT,TTHTHTHH,21,21,0
HTTTTTTT,HTHTTHTH,21,22,0
THTHTHTH,HHHHHHHT,21,23,1
HTHTHTHT,THHHHHHH,21,24,1
THTHTTHT,HTTHTHHT,21,25,0
HTHHTHHT,HHHHHHHT,21,26,1
HTTHTTHT,HHHHTTTT,21,27,1
HTTTTTH,HHHHHHH,21,28,1
THTHTHTH,HTTTTTTT,21,29,1
THHHHHHH,HTHTTHTH,21,30,0
TTTTHHHH,THHTHHTH,21,31,0
HTTTTTTT,THTHHTHT,21,32,0
TTTTTTTH,HTHTHTHT,21,33,0
HTTTTTTT,HTHHTTHT,21,34,0
THHHHHHH,THTHHTHT,21,35,0
HTHHHHHH,HTHTHTHT,21,36,0
HTHHTTHT,THHHHHHH,21,37,1
TTTHTHTH,HTHHTHHT,21,38,1
THTHHTHT,THTTHTTH,21,39,0
HHHHHHT,HHHHHHH,21,40,1
THHHHHHH,THTHTHTH,21,41,0
HTHTTHTH,TTTTTTTH,21,42,1
TTHTHTHH,HTHHHTHH,21,43,1
THTHHTHT,HTHHTHHT,21,44,1
TTTTTTH,HHHHHHH,21,45,0
HHTHTHHT,HHHHHHHT,21,46,1
HTTHHTTH,TTTTTTTT,21,47,1
HTHTHTH,HHHHHHT,21,48,1
THTHHTHT,HTTHTTHT,21,49,0
THTHTHT,HHHHHHT,21,50,1
TTTTHTHT,HTHHTHHT,21,51,0
THTHHTHT,TTTTTTTH,21,52,1
TTTTTTH,TTHHTTH,21,53,0
HHHHHHHT,TTHTHTTH,21,54,1
HTTHT,TTTTH,21,55,0
HHHHHHHH,HTTTTTTT,21,56,1
HTT,TTT,21,57,0
TTTTTTH,TTTTTTT,21,58,0
HTTHTTHT,HTHTHHHH,21,59,0
HTHTHTTT,HTTHHTTH,21,60,1
TTT,THH,21,61,0
HHHHHHTH,HTHTHTHT,21,62,0
HTHTHTTT,HTTHTHHT,21,63,1
HTHTTHTH,HHHHHHTH,21,64,1
HTTHHTTH,THTHTHHH,22,1,0
HTHHHHHT,HTHTTHTH,22,2,0
HTHTHTHT,HTTTTTTT,22,3,1
HHHHTTTT,HTHHTHHT,22,4,0
TTTTTTH,HHTTHHT,22,5,0
HHHHHHHT,TTTTTTTT,22,6,1
HTTTHHT,TTTTTTH,22,7,1
HTHTHTHT,HHHHHHHT,22,8,1
HHHHHHHT,HHHHHHHH,22,9,1
HTTHTTHT,HTHTTHTH,22,10,0
HTHTHHTH,THTTHHTH,22,11,1
HTHHTHHT,HTHTTHTH,22,12,1
THHTHHTH,HTHTTHTH,22,13,1
THTHTTHT,HTTHHTTH,22,14,0
HTHHTHHT,TTTTHHHH,22,15,1
HTHTTHTH,HHHHHHHT,22,16,1
THTTHTTH,HTHTTHTH,22,17,0
HHHHHHHT,THTHHTHT,22,18,0
HTTHTTHT,TTTTHHHH,22,19,1
TTTTTTT,HHHHHHT,22,20,0
HTHHTHHT,TTHTHTHH,22,21,1
HTHTTHTH,HTTTTTTT,22,22,1
THTHTHTH,HHHHHHHT,22,23,1
HTHTHTHT,THHHHHHH,22,24,1
HTTHTHHT,THTHTTHT,22,25,1
HHHHHHHT,HTHHTHHT,22,26,0
HTTHTTHT,HHHHTTTT,22,27,1
HTTTTTH,HHHHHHH,22,28,1
HTTTTTTT,THTHTHTH,22,29,0
HTHTTHTH,THHHHHHH,22,30,1
TTTTHHHH,THHTHHTH,22,31,0
HTTTTTTT,THTHHTHT,22,32,0
HTHTHTHT,TTTTTTTH,22,33,1
HTHHTTHT,HTTTTTTT,22,34,1
THTHHTHT,THHHHHHH,22,35,1
HTHHHHHH,HTHTHTHT,22,36,0
HTHHTTHT,THHHHHHH,22,37,1
HTHHTHHT,TTTHTHTH,22,38,1
THTHHTHT,THTTHTTH,22,39,1
HHHHHHH,HHHHHHT,22,40,0
THTHTHTH,THHHHHHH,22,41,1
TTTTTTTH,HTHTTHTH,22,42,0
TTHTHTHH,HTHHHTHH,22,43,1
HTHHTHHT,THTHHTHT,22,44,1
HHHHHHH,TTTTTTH,22,45,0
HHTHTHHT,HHHHHHHT,22,46,1
HTTHHTTH,TTTTTTTT,22,47,1
HHHHHHT,HTHTHTH,22,48,0
HTTHTTHT,THTHHTHT,22,49,0
HHHHHHT,THTHTHT,22,50,0
HTHHTHHT,TTTTHTHT,22,51,1
TTTTTTTH,THTHHTHT,22,52,0
TTTTTTH,TTHHTTH,22,53,0
TTHTHTTH,HHHHHHHT,22,54,1
TTTTH,HTTHT,22,55,0
HHHHHHHH,HTTTTTTT,22,56,0
HTT,TTT,22,57,1
TTTTTTH,TTTTTTT,22,58,1
HTHTHHHH,HTTHTTHT,22,59,0
HTHTHTTT,HTTHHTTH,22,60,0
TTT,THH,22,61,0
HHHHHHTH,HTHTHTHT,22,62,0
HTHTHTTT,HTTHTHHT,22,63,0
HTHTTHTH,HHHHHHTH,22,64,1
THTHTHHH,HTTHHTTH,23,1,1
HTHHHHHT,HTHTTHTH,23,2,0
HTTTTTTT,HTHTHTHT,23,3,0
HHHHTTTT,HTHHTHHT,23,4,0
HHTTHHT,TTTTTTH,23,5,1
TTTTTTTT,HHHHHHHT,23,6,0
HTTTHHT,TTTTTTH,23,7,1
HHHHHHHT,HTHTHTHT,23,8,0
HHHHHHHT,HHHHHHHH,23,9,1
HTTHTTHT,HTHTTHTH,23,10,0
HTHTHHTH,THTTHHTH,23,11,1
HTHHTHHT,HTHTTHTH,23,12,0
THHTHHTH,HTHTTHTH,23,13,0
THTHTTHT,HTTHHTTH,23,14,0
TTTTHHHH,HTHHTHHT,23,15,0
HHHHHHHT,HTHTTHTH,23,16,0
HTHTTHTH,THTTHTTH,23,17,1
THTHHTHT,HHHHHHHT,23,18,1
HTTHTTHT,TTTTHHHH,23,19,1
HHHHHHT,TTTTTTT,23,20,1
TTHTHTHH,HTHHTHHT,23,21,1
HTHTTHTH,HTTTTTTT,23,22,1
HHHHHHHT,THTHTHTH,23,23,0
THHHHHHH,HTHTHTHT,23,24,0
THTHTTHT,HTTHTHHT,23,25,0
HTHHTHHT,HHHHHHHT,23,26,1
HTTHTTHT,HHHHTTTT,23,27,1
HHHHHHH,HTTTTTH,23,28,0
THTHTHTH,HTTTTTTT,23,29,1
HTHTTHTH,THHHHHHH,23,30,1
THHTHHTH,TTTTHHHH,23,31,1
THTHHTHT,HTTTTTTT,23,32,1
TTTTTTTH,HTHTHTHT,23,33,0
HTHHTTHT,HTTTTTTT,23,34,1
THTHHTHT,THHHHHHH,23,35,1
HTHTHTHT,HTHHHHHH,23,36,1
HTHHTTHT,THHHHHHH,23,37,1
TTTHTHTH,HTHHTHHT,23,38,1
THTHHTHT,THTTHTTH,23,39,1
HHHHHHT,HHHHHHH,23,40,1
THHHHHHH,THTHTHTH,23,41,0
TTTTTTTH,HTHTTHTH,23,42,0
TTHTHTHH,HTHHHTHH,23,43,1
THTHHTHT,HTHHTHHT,23,44,1
TTTTTTH,HHHHHHH,23,45,1
HHTHTHHT,HHHHHHHT,23,46,1
HTTHHTTH,TTTTTTTT,23,47,1
HHHHHHT,HTHTHTH,23,48,0
THTHHTHT,HTTHTTHT,23,49,1
THTHTHT,HHHHHHT,23,50,1
HTHHTHHT,TTTTHTHT,23,51,1
TTTTTTTH,THTHHTHT,23,52,0
TTHHTTH,TTTTTTH,23,53,1
TTHTHTTH,HHHHHHHT,23,54,1
HTTHT,TTTTH,23,55,1
HHHHHHHH,HTTTTTTT,23,56,0
TTT,HTT,23,57,0
TTTTTTT,TTTTTTH,23,58,0
HTTHTTHT,HTHTHHHH,23,59,1
HTHTHTTT,HTTHHTTH,23,60,0
THH,TTT,23,61,1
HHHHHHTH,HTHTHTHT,23,62,0
HTTHTHHT,HTHTHTTT,23,63,1
HTHTTHTH,HHHHHHTH,23,64,1
THTHTHHH,HTTHHTTH,24,1,1
HTHTTHTH,HTHHHHHT,24,2,1
HTHTHTHT,HTTTTTTT,24,3,0
HTHHTHHT,HHHHTTTT,24,4,1
HHTTHHT,TTTTTTH,24,5,1
HHHHHHHT,TTTTTTTT,24,6,1
TTTTTTH,HTTTHHT,24,7,0
HTHTHTHT,HHHHHHHT,24,8,0
HHHHHHHT,HHHHHHHH,24,9,1
HTHTTHTH,HTTHTTHT,24,10,1
THTTHHTH,HTHTHHTH,24,11,0
HTHTTHTH,HTHHTHHT,24,12,1
THHTHHTH,HTHTTHTH,24,13,0
THTHTTHT,HTTHHTTH,24,14,1
HTHHTHHT,TTTTHHHH,24,15,1
HHHHHHHT,HTHTTHTH,24,16,0
HTHTTHTH,THTTHTTH,24,17,0
THTHHTHT,HHHHHHHT,24,18,1
HTTHTTHT,TTTTHHHH,24,19,1
TTTTTTT,HHHHHHT,24,20,0
TTHTHTHH,HTHHTHHT,24,21,1
HTTTTTTT,HTHTTHTH,24,22,1
THTHTHTH,HHHHHHHT,24,23,0
HTHTHTHT,THHHHHHH,24,24,0
THTHTTHT,HTTHTHHT,24,25,0
HHHHHHHT,HTHHTHHT,24,26,1
HHHHTTTT,HTTHTTHT,24,27,0
HHHHHHH,HTTTTTH,24,28,0
THTHTHTH,HTTTTTTT,24,29,0
THHHHHHH,HTHTTHTH,24,30,1
TTTTHHHH,THHTHHTH,24,31,0
THTHHTHT,HTTTTTTT,24,32,1
TTTTTTTH,HTHTHTHT,24,33,1
HTTTTTTT,HTHHTTHT,24,34,0
THTHHTHT,THHHHHHH,24,35,1
HTHTHTHT,HTHHHHHH,24,36,0
HTHHTTHT,THHHHHHH,24,37,0
HTHHTHHT,TTTHTHTH,24,38,0
THTTHTTH,THTHHTHT,24,39,1
HHHHHHH,HHHHHHT,24,40,0
THTHTHTH,THHHHHHH,24,41,0
TTTTTTTH,HTHTTHTH,24,42,1
TTHTHTHH,HTHHHTHH,24,43,1
HTHHTHHT,THTHHTHT,24,44,0
HHHHHHH,TTTTTTH,24,45,0
HHTHTHHT,HHHHHHHT,24,46,0
HTTHHTTH,TTTTTTTT,24,47,0
HHHHHHT,HTHTHTH,24,48,1
HTTHTTHT,THTHHTHT,24,49,0
THTHTHT,HHHHHHT,24,50,0
TTTTHTHT,HTHHTHHT,24,51,1
THTHHTHT,TTTTTTTH,24,52,0
TTTTTTH,TTHHTTH,24,53,1
TTHTHTTH,HHHHHHHT,24,54,1
TTTTH,HTTHT,24,55,1
HTTTTTTT,HHHHHHHH,24,56,1
HTT,TTT,24,57,1
TTTTTTH,TTTTTTT,24,58,1
HTHTHHHH,HTTHTTHT,24,59,1
HTHTHTTT,HTTHHTTH,24,60,1
TTT,THH,24,61,0
HTHTHTHT,HHHHHHTH,24,62,0
HTHTHTTT,HTTHTHHT,24,63,0
HTHTTHTH,HHHHHHTH,24,64,0
THTHTHHH,HTTHHTTH,25,1,1
HTHHHHHT,HTHTTHTH,25,2,1
HTHTHTHT,HTTTTTTT,25,3,1
HTHHTHHT,HHHHTTTT,25,4,1
HHTTHHT,TTTTTTH,25,5,0
TTTTTTTT,HHHHHHHT,25,6,0
HTTTHHT,TTTTTTH,25,7,0
HTHTHTHT,HHHHHHHT,25,8,0
HHHHHHHH,HHHHHHHT,25,9,0
HTTHTTHT,HTHTTHTH,25,10,0
THTTHHTH,HTHTHHTH,25,11,0
HTHHTHHT,HTHTTHTH,25,12,0
HTHTTHTH,THHTHHTH,25,13,1
HTTHHTTH,THTHTTHT,25,14,1
TTTTHHHH,HTHHTHHT,25,15,1
HHHHHHHT,HTHTTHTH,25,16,1
HTHTTHTH,THTTHTTH,25,17,1
THTHHTHT,HHHHHHHT,25,18,1
HTTHTTHT,TTTTHHHH,25,19,1
HHHHHHT,TTTTTTT,25,20,1
HTHHTHHT,TTHTHTHH,25,21,1
HTHTTHTH,HTTTTTTT,25,22,1
THTHTHTH,HHHHHHHT,25,23,1
THHHHHHH,HTHTHTHT,25,24,1
HTTHTHHT,THTHTTHT,25,25,0
HHHHHHHT,HTHHTHHT,25,26,0
HHHHTTTT,HTTHTTHT,25,27,0
HHHHHHH,HTTTTTH,25,28,0
THTHTHTH,HTTTTTTT,25,29,0
HTHTTHTH,THHHHHHH,25,30,0
TTTTHHHH,THHTHHTH,25,31,0
THTHHTHT,HTTTTTTT,25,32,0
TTTTTTTH,HTHTHTHT,25,33,0
HTTTTTTT,HTHHTTHT,25,34,0
THTHHTHT,THHHHHHH,25,35,1
HTHTHTHT,HTHHHHHH,25,36,0
HTHHTTHT,THHHHHHH,25,37,1
HTHHTHHT,TTTHTHTH,25,38,0
THTHHTHT,THTTHTTH,25,39,1
HHHHHHT,HHHHHHH,25,40,1
THTHTHTH,THHHHHHH,25,41,1
TTTTTTTH,HTHTTHTH,25,42,1
HTHHHTHH,TTHTHTHH,25,43,1
HTHHTHHT,THTHHTHT,25,44,1
HHHHHHH,TTTTTTH,25,45,0
HHTHTHHT,HHHHHHHT,25,46,0
HTTHHTTH,TTTTTTTT,25,47,0
HHHHHHT,HTHTHTH,25,48,0
THTHHTHT,HTTHTTHT,25,49,0
HHHHHHT,THTHTHT,25,50,1
HTHHTHHT,TTTTHTHT,25,51,1
THTHHTHT,TTTTTTTH,25,52,1
TTHHTTH,TTTTTTH,25,53,1
HHHHHHHT,TTHTHTTH,25,54,0
HTTHT,TTTTH,25,55,0
HHHHHHHH,HTTTTTTT,25,56,0
HTT,TTT,25,57,0
TTTTTTH,TTTTTTT,25,58,0
HTTHTTHT,HTHTHHHH,25,59,1
HTTHHTTH,HTHTHTTT,25,60,1
TTT,THH,25,61,1
HTHTHTHT,HHHHHHTH,25,62,1
HTHTHTTT,HTTHTHHT,25,63,1
HHHHHHTH,HTHTTHTH,25,64,1
THTHTHHH,HTTHHTTH,26,1,1
HTHHHHHT,HTHTTHTH,26,2,0
HTHTHTHT,HTTTTTTT,26,3,1
HHHHTTTT,HTHHTHHT,26,4,0
TTTTTTH,HHTTHHT,26,5,0
TTTTTTTT,HHHHHHHT,26,6,1
TTTTTTH,HTTTHHT,26,7,0
HHHHHHHT,HTHTHTHT,26,8,1
HHHHHHHH,HHHHHHHT,26,9,0
HTTHTTHT,HTHTTHTH,26,10,0
THTTHHTH,HTHTHHTH,26,11,0
HTHHTHHT,HTHTTHTH,26,12,0
HTHTTHTH,THHTHHTH,26,13,1
THTHTTHT,HTTHHTTH,26,14,0
HTHHTHHT,TTTTHHHH,26,15,1
HHHHHHHT,HTHTTHTH,26,16,0
HTHTTHTH,THTTHTTH,26,17,1
HHHHHHHT,THTHHTHT,26,18,0
HTTHTTHT,TTTTHHHH,26,19,1
TTTTTTT,HHHHHHT,26,20,0
HTHHTHHT,TTHTHTHH,26,21,1
HTHTTHTH,HTTTTTTT,26,22,1
THTHTHTH,HHHHHHHT,26,23,1
HTHTHTHT,THHHHHHH,26,24,1
THTHTTHT,HTTHTHHT,26,25,0
HHHHHHHT,HTHHTHHT,26,26,0
HHHHTTTT,HTTHTTHT,26,27,0
HTTTTTH,HHHHHHH,26,28,1
HTTTTTTT,THTHTHTH,26,29,0
HTHTTHTH,THHHHHHH,26,30,1
TTTTHHHH,THHTHHTH,26,31,0
HTTTTTTT,THTHHTHT,26,32,0
HTHTHTHT,TTTTTTTH,26,33,1
HTHHTTHT,HTTTTTTT,26,34,1
THHHHHHH,THTHHTHT,26,35,0
HTHHHHHH,HTHTHTHT,26,36,1
THHHHHHH,HTHHTTHT,26,37,0
HTHHTHHT,TTTHTHTH,26,38,1
THTHHTHT,THTTHTTH,26,39,0
HHHHHHH,HHHHHHT,26,40,0
THTHTHTH,THHHHHHH,26,41,1
TTTTTTTH,HTHTTHTH,26,42,1
TTHTHTHH,HTHHHTHH,26,43,0
THTHHTHT,HTHHTHHT,26,44,1
TTTTTTH,HHHHHHH,26,45,1
HHHHHHHT,HHTHTHHT,26,46,0
HTTHHTTH,TTTTTTTT,26,47,1
HHHHHHT,HTHTHTH,26,48,0
HTTHTTHT,THTHHTHT,26,49,0
THTHTHT,HHHHHHT,26,50,1
HTHHTHHT,TTTTHTHT,26,51,0
TTTTTTTH,THTHHTHT,26,52,0
TTHHTTH,TTTTTTH,26,53,1
TTHTHTTH,HHHHHHHT,26,54,1
TTTTH,HTTHT,26,55,1
HTTTTTTT,HHHHHHHH,26,56,1
TTT,HTT,26,57,0
TTTTTTH,TTTTTTT,26,58,1
HTTHTTHT,HTHTHHHH,26,59,1
HTTHHTTH,HTHTHTTT,26,60,1
THH,TTT,26,61,1
HTHTHTHT,HHHHHHTH,26,62,1
HTHTHTTT,HTTHTHHT,26,63,0
HHHHHHTH,HTHTTHTH,26,64,0
HTTHHTTH,THTHTHHH,27,1,0
HTHHHHHT,HTHTTHTH,27,2,1
HTTTTTTT,HTHTHTHT,27,3,1
HHHHTTTT,HTHHTHHT,27,4,0
HHTTHHT,TTTTTTH,27,5,1
TTTTTTTT,HHHHHHHT,27,6,0
HTTTHHT,TTTTTTH,27,7,1
HHHHHHHT,HTHTHTHT,27,8,1
HHHHHHHH,HHHHHHHT,27,9,0
HTHTTHTH,HTTHTTHT,27,10,0
THTTHHTH,HTHTHHTH,27,11,1
HTHTTHTH,HTHHTHHT,27,12,0
HTHTTHTH,THHTHHTH,27,13,0
HTTHHTTH,THTHTTHT,27,14,1
TTTTHHHH,HTHHTHHT,27,15,0
HHHHHHHT,HTHTTHTH,27,16,0
HTHTTHTH,THTTHTTH,27,17,0
THTHHTHT,HHHHHHHT,27,18,1
TTTTHHHH,HTTHTTHT,27,19,0
HHHHHHT,TTTTTTT,27,20,1
TTHTHTHH,HTHHTHHT,27,21,0
HTTTTTTT,HTHTTHTH,27,22,0
THTHTHTH,HHHHHHHT,27,23,1
THHHHHHH,HTHTHTHT,27,24,0
HTTHTHHT,THTHTTHT,27,25,1
HHHHHHHT,HTHHTHHT,27,26,0
HHHHTTTT,HTTHTTHT,27,27,0
HHHHHHH,HTTTTTH,27,28,0
THTHTHTH,HTTTTTTT,27,29,0
THHHHHHH,HTHTTHTH,27,30,0
THHTHHTH,TTTTHHHH,27,31,1
HTTTTTTT,THTHHTHT,27,32,0
TTTTTTTH,HTHTHTHT,27,33,0
HTTTTTTT,HTHHTTHT,27,34,0
THHHHHHH,THTHHTHT,27,35,0
HTHTHTHT,HTHHHHHH,27,36,0
HTHHTTHT,THHHHHHH,27,37,0
TTTHTHTH,HTHHTHHT,27,38,1
THTTHTTH,THTHHTHT,27,39,0
HHHHHHT,HHHHHHH,27,40,1
THTHTHTH,THHHHHHH,27,41,0
HTHTTHTH,TTTTTTTH,27,42,1
TTHTHTHH,HTHHHTHH,27,43,1
HTHHTHHT,THTHHTHT,27,44,1
HHHHHHH,TTTTTTH,27,45,0
HHTHTHHT,HHHHHHHT,27,46,0
TTTTTTTT,HTTHHTTH,27,47,0
HTHTHTH,HHHHHHT,27,48,0
THTHHTHT,HTTHTTHT,27,49,0
HHHHHHT,THTHTHT,27,50,1
HTHHTHHT,TTTTHTHT,27,51,0
TTTTTTTH,THTHHTHT,27,52,0
TTHHTTH,TTTTTTH,27,53,1
TTHTHTTH,HHHHHHHT,27,54,1
TTTTH,HTTHT,27,55,0
HHHHHHHH,HTTTTTTT,27,56,0
TTT,HTT,27,57,0
TTTTTTH,TTTTTTT,27,58,1
HTTHTTHT,HTHTHHHH,27,59,0
HTHTHTTT,HTTHHTTH,27,60,1
TTT,THH,27,61,0
HTHTHTHT,HHHHHHTH,27,62,0
HTHTHTTT,HTTHTHHT,27,63,0
HHHHHHTH,HTHTTHTH,27,64,0
HTTHHTTH,THTHTHHH,28,1,0
HTHHHHHT,HTHTTHTH,28,2,1
HTTTTTTT,HTHTHTHT,28,3,1
HTHHTHHT,HHHHTTTT,28,4,1
TTTTTTH,HHTTHHT,28,5,1
HHHHHHHT,TTTTTTTT,28,6,1
HTTTHHT,TTTTTTH,28,7,0
HHHHHHHT,HTHTHTHT,28,8,1
HHHHHHHH,HHHHHHHT,28,9,0
HTTHTTHT,HTHTTHTH,28,10,1
HTHTHHTH,THTTHHTH,28,11,1
HTHTTHTH,HTHHTHHT,28,12,1
HTHTTHTH,THHTHHTH,28,13,0
THTHTTHT,HTTHHTTH,28,14,1
HTHHTHHT,TTTTHHHH,28,15,1
HHHHHHHT,HTHTTHTH,28,16,0
THTTHTTH,HTHTTHTH,28,17,1
HHHHHHHT,THTHHTHT,28,18,0
TTTTHHHH,HTTHTTHT,28,19,0
HHHHHHT,TTTTTTT,28,20,1
TTHTHTHH,HTHHTHHT,28,21,1
HTTTTTTT,HTHTTHTH,28,22,0
HHHHHHHT,THTHTHTH,28,23,1
HTHTHTHT,THHHHHHH,28,24,0
THTHTTHT,HTTHTHHT,28,25,1
HHHHHHHT,HTHHTHHT,28,26,0
HTTHTTHT,HHHHTTTT,28,27,1
HTTTTTH,HHHHHHH,28,28,1
THTHTHTH,HTTTTTTT,28,29,0
HTHTTHTH,THHHHHHH,28,30,1
THHTHHTH,TTTTHHHH,28,31,1
HTTTTTTT,THTHHTHT,28,32,1
TTTTTTTH,HTHTHTHT,28,33,1
HTTTTTTT,HTHHTTHT,28,34,0
THTHHTHT,THHHHHHH,28,35,1
HTHHHHHH,HTHTHTHT,28,36,1
HTHHTTHT,THHHHHHH,28,37,1
TTTHTHTH,HTHHTHHT,28,38,1
THTHHTHT,THTTHTTH,28,39,0
HHHHHHH,HHHHHHT,28,40,0
THTHTHTH,THHHHHHH,28,41,0
TTTTTTTH,HTHTTHTH,28,42,0
HTHHHTHH,TTHTHTHH,28,43,0
THTHHTHT,HTHHTHHT,28,44,0
TTTTTTH,HHHHHHH,28,45,1
HHTHTHHT,HHHHHHHT,28,46,1
HTTHHTTH,TTTTTTTT,28,47,0
HTHTHTH,HHHHHHT,28,48,0
THTHHTHT,HTTHTTHT,28,49,0
THTHTHT,HHHHHHT,28,50,0
TTTTHTHT,HTHHTHHT,28,51,1
THTHHTHT,TTTTTTTH,28,52,1
TTTTTTH,TTHHTTH,28,53,1
TTHTHTTH,HHHHHHHT,28,54,1
HTTHT,TTTTH,28,55,1
HHHHHHHH,HTTTTTTT,28,56,0
TTT,HTT,28,57,0
TTTTTTT,TTTTTTH,28,58,0
HTTHTTHT,HTHTHHHH,28,59,1
HTHTHTTT,HTTHHTTH,28,60,1
TTT,THH,28,61,0
HHHHHHTH,HTHTHTHT,28,62,1
HTTHTHHT,HTHTHTTT,28,63,1
HTHTTHTH,HHHHHHTH,28,64,0
THTHTHHH,HTTHHTTH,29,1,0
HTHTTHTH,HTHHHHHT,29,2,1
HTHTHTHT,HTTTTTTT,29,3,1
HTHHTHHT,HHHHTTTT,29,4,1
HHTTHHT,TTTTTTH,29,5,1
HHHHHHHT,TTTTTTTT,29,6,1
HTTTHHT,TTTTTTH,29,7,1
HTHTHTHT,HHHHHHHT,29,8,1
HHHHHHHT,HHHHHHHH,29,9,1
HTHTTHTH,HTTHTTHT,29,10,1
HTHTHHTH,THTTHHTH,29,11,0
HTHTTHTH,HTHHTHHT,29,12,1
HTHTTHTH,THHTHHTH,29,13,0
HTTHHTTH,THTHTTHT,29,14,1
HTHHTHHT,TTTTHHHH,29,15,1
HTHTTHTH,HHHHHHHT,29,16,0
HTHTTHTH,THTTHTTH,29,17,0
THTHHTHT,HHHHHHHT,29,18,0
TTTTHHHH,HTTHTTHT,29,19,0
HHHHHHT,TTTTTTT,29,20,1
TTHTHTHH,HTHHTHHT,29,21,1
HTHTTHTH,HTTTTTTT,29,22,0
HHHHHHHT,THTHTHTH,29,23,1
THHHHHHH,HTHTHTHT,29,24,1
HTTHTHHT,THTHTTHT,29,25,0
HHHHHHHT,HTHHTHHT,29,26,1
HTTHTTHT,HHHHTTTT,29,27,1
HTTTTTH,HHHHHHH,29,28,1
HTTTTTTT,THTHTHTH,29,29,1
HTHTTHTH,THHHHHHH,29,30,1
THHTHHTH,TTTTHHHH,29,31,1
HTTTTTTT,THTHHTHT,29,32,1
TTTTTTTH,HTHTHTHT,29,33,1
HTHHTTHT,HTTTTTTT,29,34,1
THTHHTHT,THHHHHHH,29,35,1
HTHHHHHH,HTHTHTHT,29,36,1
HTHHTTHT,THHHHHHH,29,37,1
HTHHTHHT,TTTHTHTH,29,38,0
THTHHTHT,THTTHTTH,29,39,0
HHHHHHH,HHHHHHT,29,40,0
THTHTHTH,THHHHHHH,29,41,0
HTHTTHTH,TTTTTTTH,29,42,0
HTHHHTHH,TTHTHTHH,29,43,0
THTHHTHT,HTHHTHHT,29,44,1
HHHHHHH,TTTTTTH,29,45,0
HHHHHHHT,HHTHTHHT,29,46,1
HTTHHTTH,TTTTTTTT,29,47,1
HHHHHHT,HTHTHTH,29,48,1
HTTHTTHT,THTHHTHT,29,49,1
HHHHHHT,THTHTHT,29,50,1
HTHHTHHT,TTTTHTHT,29,51,0
TTTTTTTH,THTHHTHT,29,52,0
TTTTTTH,TTHHTTH,29,53,0
TTHTHTTH,HHHHHHHT,29,54,1
HTTHT,TTTTH,29,55,1
HHHHHHHH,HTTTTTTT,29,56,0
HTT,TTT,29,57,1
TTTTTTH,TTTTTTT,29,58,1
HTHTHHHH,HTTHTTHT,29,59,0
HTTHHTTH,HTHTHTTT,29,60,1
THH,TTT,29,61,1
HTHTHTHT,HHHHHHTH,29,62,0
HTHTHTTT,HTTHTHHT,29,63,0
HHHHHHTH,HTHTTHTH,29,64,0
HTTHHTTH,THTHTHHH,30,1,0
HTHHHHHT,HTHTTHTH,30,2,0
HTHTHTHT,HTTTTTTT,30,3,1
HHHHTTTT,HTHHTHHT,30,4,0
TTTTTTH,HHTTHHT,30,5,0
HHHHHHHT,TTTTTTTT,30,6,1
TTTTTTH,HTTTHHT,30,7,1
HTHTHTHT,HHHHHHHT,30,8,1
HHHHHHHT,HHHHHHHH,30,9,1
HTHTTHTH,HTTHTTHT,30,10,0
THTTHHTH,HTHTHHTH,30,11,0
HTHTTHTH,HTHHTHHT,30,12,1
THHTHHTH,HTHTTHTH,30,13,1
THTHTTHT,HTTHHTTH,30,14,0
TTTTHHHH,HTHHTHHT,30,15,0
HTHTTHTH,HHHHHHHT,30,16,1
HTHTTHTH,THTTHTTH,30,17,0
THTHHTHT,HHHHHHHT,30,18,1
TTTTHHHH,HTTHTTHT,30,19,0
TTTTTTT,HHHHHHT,30,20,0
HTHHTHHT,TTHTHTHH,30,21,1
HTTTTTTT,HTHTTHTH,30,22,0
THTHTHTH,HHHHHHHT,30,23,1
HTHTHTHT,THHHHHHH,30,24,1
HTTHTHHT,THTHTTHT,30,25,1
HHHHHHHT,HTHHTHHT,30,26,0
HTTHTTHT,HHHHTTTT,30,27,1
HTTTTTH,HHHHHHH,30,28,1
THTHTHTH,HTTTTTTT,30,29,1
THHHHHHH,HTHTTHTH,30,30,0
THHTHHTH,TTTTHHHH,30,31,1
THTHHTHT,HTTTTTTT,30,32,1
HTHTHTHT,TTTTTTTH,30,33,1
HTTTTTTT,HTHHTTHT,30,34,0
THTHHTHT,THHHHHHH,30,35,1
HTHTHTHT,HTHHHHHH,30,36,1
HTHHTTHT,THHHHHHH,30,37,1
HTHHTHHT,TTTHTHTH,30,38,0
THTTHTTH,THTHHTHT,30,39,1
HHHHHHT,HHHHHHH,30,40,1
THTHTHTH,THHHHHHH,30,41,1
HTHTTHTH,TTTTTTTH,30,42,1
TTHTHTHH,HTHHHTHH,30,43,1
HTHHTHHT,THTHHTHT,30,44,1
HHHHHHH,TTTTTTH,30,45,0
HHTHTHHT,HHHHHHHT,30,46,1
HTTHHTTH,TTTTTTTT,30,47,1
HTHTHTH,HHHHHHT,30,48,1
HTTHTTHT,THTHHTHT,30,49,1
HHHHHHT,THTHTHT,30,50,0
HTHHTHHT,TTTTHTHT,30,51,1
THTHHTHT,TTTTTTTH,30,52,1
TTTTTTH,TTHHTTH,30,53,0
TTHTHTTH,HHHHHHHT,30,54,1
HTTHT,TTTTH,30,55,1
HHHHHHHH,HTTTTTTT,30,56,0
TTT,HTT,30,57,0
TTTTTTT,TTTTTTH,30,58,0
HTTHTTHT,HTHTHHHH,30,59,1
HTTHHTTH,HTHTHTTT,30,60,1
THH,TTT,30,61,1
HHHHHHTH,HTHTHTHT,30,62,0
HTHTHTTT,HTTHTHHT,30,63,0
HTHTTHTH,HHHHHHTH,30,64,1
THTHTHHH,HTTHHTTH,31,1,0
HTHHHHHT,HTHTTHTH,31,2,0
HTHTHTHT,HTTTTTTT,31,3,1
HHHHTTTT,HTHHTHHT,31,4,0
TTTTTTH,HHTTHHT,31,5,0
HHHHHHHT,TTTTTTTT,31,6,1
HTTTHHT,TTTTTTH,31,7,1
HTHTHTHT,HHHHHHHT,31,8,1
HHHHHHHH,HHHHHHHT,31,9,0
HTHTTHTH,HTTHTTHT,31,10,1
THTTHHTH,HTHTHHTH,31,11,0
HTHTTHTH,HTHHTHHT,31,12,0
HTHTTHTH,THHTHHTH,31,13,0
THTHTTHT,HTTHHTTH,31,14,1
HTHHTHHT,TTTTHHHH,31,15,1
HTHTTHTH,HHHHHHHT,31,16,1
HTHTTHTH,THTTHTTH,31,17,1
THTHHTHT,HHHHHHHT,31,18,1
HTTHTTHT,TTTTHHHH,31,19,1
TTTTTTT,HHHHHHT,31,20,0
HTHHTHHT,TTHTHTHH,31,21,0
HTHTTHTH,HTTTTTTT,31,22,1
HHHHHHHT,THTHTHTH,31,23,0
HTHTHTHT,THHHHHHH,31,24,1
HTTHTHHT,THTHTTHT,31,25,1
HTHHTHHT,HHHHHHHT,31,26,1
HHHHTTTT,HTTHTTHT,31,27,0
HTTTTTH,HHHHHHH,31,28,1
HTTTTTTT,THTHTHTH,31,29,0
HTHTTHTH,THHHHHHH,31,30,1
TTTTHHHH,THHTHHTH,31,31,0
HTTTTTTT,THTHHTHT,31,32,0
HTHTHTHT,TTTTTTTH,31,33,1
HTHHTTHT,HTTTTTTT,31,34,1
THHHHHHH,THTHHTHT,31,35,0
HTHTHTHT,HTHHHHHH,31,36,1
THHHHHHH,HTHHTTHT,31,37,0
TTTHTHTH,HTHHTHHT,31,38,0
THTHHTHT,THTTHTTH,31,39,0
HHHHHHT,HHHHHHH,31,40,1
THHHHHHH,THTHTHTH,31,41,0
TTTTTTTH,HTHTTHTH,31,42,0
HTHHHTHH,TTHTHTHH,31,43,0
HTHHTHHT,THTHHTHT,31,44,1
TTTTTTH,HHHHHHH,31,45,1
HHTHTHHT,HHHHHHHT,31,46,1
HTTHHTTH,TTTTTTTT,31,47,1
HHHHHHT,HTHTHTH,31,48,0
THTHHTHT,HTTHTTHT,31,49,0
HHHHHHT,THTHTHT,31,50,0
HTHHTHHT,TTTTHTHT,31,51,1
THTHHTHT,TTTTTTTH,31,52,1
TTHHTTH,TTTTTTH,31,53,1
HHHHHHHT,TTHTHTTH,31,54,0
HTTHT,TTTTH,31,55,1
HTTTTTTT,HHHHHHHH,31,56,1
TTT,HTT,31,57,0
TTTTTTT,TTTTTTH,31,58,0
HTHTHHHH,HTTHTTHT,31,59,1
HTTHHTTH,HTHTHTTT,31,60,1
THH,TTT,31,61,1
HTHTHTHT,HHHHHHTH,31,62,1
HTHTHTTT,HTTHTHHT,31,63,1
HTHTTHTH,HHHHHHTH,31,64,1
HTTHHTTH,THTHTHHH,32,1,0
HTHHHHHT,HTHTTHTH,32,2,0
HTTTTTTT,HTHTHTHT,32,3,0
HHHHTTTT,HTHHTHHT,32,4,0
HHTTHHT,TTTTTTH,32,5,1
HHHHHHHT,TTTTTTTT,32,6,0
TTTTTTH,HTTTHHT,32,7,0
HTHTHTHT,HHHHHHHT,32,8,1
HHHHHHHH,HHHHHHHT,32,9,0
HTTHTTHT,HTHTTHTH,32,10,1
HTHTHHTH,THTTHHTH,32,11,1
HTHHTHHT,HTHTTHTH,32,12,0
THHTHHTH,HTHTTHTH,32,13,1
HTTHHTTH,THTHTTHT,32,14,0
TTTTHHHH,HTHHTHHT,32,15,1
HTHTTHTH,HHHHHHHT,32,16,1
THTTHTTH,HTHTTHTH,32,17,1
THTHHTHT,HHHHHHHT,32,18,1
TTTTHHHH,HTTHTTHT,32,19,1
HHHHHHT,TTTTTTT,32,20,1
HTHHTHHT,TTHTHTHH,32,21,1
HTTTTTTT,HTHTTHTH,32,22,0
THTHTHTH,HHHHHHHT,32,23,0
THHHHHHH,HTHTHTHT,32,24,0
HTTHTHHT,THTHTTHT,32,25,1
HTHHTHHT,HHHHHHHT,32,26,0
HTTHTTHT,HHHHTTTT,32,27,1
HTTTTTH,HHHHHHH,32,28,1
HTTTTTTT,THTHTHTH,32,29,0
HTHTTHTH,THHHHHHH,32,30,1
THHTHHTH,TTTTHHHH,32,31,1
THTHHTHT,HTTTTTTT,32,32,1
HTHTHTHT,TTTTTTTH,32,33,1
HTHHTTHT,HTTTTTTT,32,34,0
THHHHHHH,THTHHTHT,32,35,1
HTHTHTHT,HTHHHHHH,32,36,0
THHHHHHH,HTHHTTHT,32,37,1
TTTHTHTH,HTHHTHHT,32,38,0
THTTHTTH,THTHHTHT,32,39,1
HHHHHHH,HHHHHHT,32,40,0
THTHTHTH,THHHHHHH,32,41,1
TTTTTTTH,HTHTTHTH,32,42,1
HTHHHTHH,TTHTHTHH,32,43,0
HTHHTHHT,THTHHTHT,32,44,1
TTTTTTH,HHHHHHH,32,45,1
HHTHTHHT,HHHHHHHT,32,46,1
TTTTTTTT,HTTHHTTH,32,47,0
HHHHHHT,HTHTHTH,32,48,0
HTTHTTHT,THTHHTHT,32,49,1
THTHTHT,HHHHHHT,32,50,0
HTHHTHHT,TTTTHTHT,32,51,1
TTTTTTTH,THTHHTHT,32,52,0
TTHHTTH,TTTTTTH,32,53,1
TTHTHTTH,HHHHHHHT,32,54,1
TTTTH,HTTHT,32,55,1
HHHHHHHH,HTTTTTTT,32,56,1
TTT,HTT,32,57,0
TTTTTTT,TTTTTTH,32,58,0
HTTHTTHT,HTHTHHHH,32,59,1
HTTHHTTH,HTHTHTTT,32,60,0
TTT,THH,32,61,0
HHHHHHTH,HTHTHTHT,32,62,0
HTTHTHHT,HTHTHTTT,32,63,1
HTHTTHTH,HHHHHHTH,32,64,1
THTHTHHH,HTTHHTTH,33,1,1
HTHTTHTH,HTHHHHHT,33,2,0
HTTTTTTT,HTHTHTHT,33,3,1
HHHHTTTT,HTHHTHHT,33,4,0
TTTTTTH,HHTTHHT,33,5,1
HHHHHHHT,TTTTTTTT,33,6,1
TTTTTTH,HTTTHHT,33,7,1
HTHTHTHT,HHHHHHHT,33,8,0
HHHHHHHT,HHHHHHHH,33,9,1
HTHTTHTH,HTTHTTHT,33,10,1
HTHTHHTH,THTTHHTH,33,11,0
HTHHTHHT,HTHTTHTH,33,12,0
HTHTTHTH,THHTHHTH,33,13,1
HTTHHTTH,THTHTTHT,33,14,0
HTHHTHHT,TTTTHHHH,33,15,1
HHHHHHHT,HTHTTHTH,33,16,1
HTHTTHTH,THTTHTTH,33,17,0
HHHHHHHT,THTHHTHT,33,18,0
HTTHTTHT,TTTTHHHH,33,19,0
TTTTTTT,HHHHHHT,33,20,0
TTHTHTHH,HTHHTHHT,33,21,0
HTTTTTTT,HTHTTHTH,33,22,1
THTHTHTH,HHHHHHHT,33,23,0
THHHHHHH,HTHTHTHT,33,24,1
HTTHTHHT,THTHTTHT,33,25,0
HHHHHHHT,HTHHTHHT,33,26,1
HHHHTTTT,HTTHTTHT,33,27,1
HTTTTTH,HHHHHHH,33,28,1
HTTTTTTT,THTHTHTH,33,29,1
THHHHHHH,HTHTTHTH,33,30,1
TTTTHHHH,THHTHHTH,33,31,1
HTTTTTTT,THTHHTHT,33,32,0
HTHTHTHT,TTTTTTTH,33,33,0
HTHHTTHT,HTTTTTTT,33,34,1
THHHHHHH,THTHHTHT,33,35,1
HTHHHHHH,HTHTHTHT,33,36,1
HTHHTTHT,THHHHHHH,33,37,1
HTHHTHHT,TTTHTHTH,33,38,0
THTHHTHT,THTTHTTH,33,39,0
HHHHHHH,HHHHHHT,33,40,0
THHHHHHH,THTHTHTH,33,41,1
TTTTTTTH,HTHTTHTH,33,42,0
HTHHHTHH,TTHTHTHH,33,43,1
THTHHTHT,HTHHTHHT,33,44,1
TTTTTTH,HHHHHHH,33,45,1
HHHHHHHT,HHTHTHHT,33,46,1
TTTTTTTT,HTTHHTTH,33,47,0
HTHTHTH,HHHHHHT,33,48,0
THTHHTHT,HTTHTTHT,33,49,1
HHHHHHT,THTHTHT,33,50,1
HTHHTHHT,TTTTHTHT,33,51,1
THTHHTHT,TTTTTTTH,33,52,0
TTHHTTH,TTTTTTH,33,53,0
TTHTHTTH,HHHHHHHT,33,54,1
TTTTH,HTTHT,33,55,1
HTTTTTTT,HHHHHHHH,33,56,1
TTT,HTT,33,57,0
TTTTTTH,TTTTTTT,33,58,1
HTHTHHHH,HTTHTTHT,33,59,0
HTHTHTTT,HTTHHTTH,33,60,0
THH,TTT,33,61,1
HTHTHTHT,HHHHHHTH,33,62,0
HTHTHTTT,HTTHTHHT,33,63,1
HTHTTHTH,HHHHHHTH,33,64,0
HTTHHTTH,THTHTHHH,34,1,0
HTHHHHHT,HTHTTHTH,34,2,1
HTTTTTTT,HTHTHTHT,34,3,1
HHHHTTTT,HTHHTHHT,34,4,0
TTTTTTH,HHTTHHT,34,5,1
TTTTTTTT,HHHHHHHT,34,6,0
TTTTTTH,HTTTHHT,34,7,0
HHHHHHHT,HTHTHTHT,34,8,1
HHHHHHHT,HHHHHHHH,34,9,1
HTTHTTHT,HTHTTHTH,34,10,0
THTTHHTH,HTHTHHTH,34,11,1
HTHTTHTH,HTHHTHHT,34,12,1
HTHTTHTH,THHTHHTH,34,13,0
THTHTTHT,HTTHHTTH,34,14,0
TTTTHHHH,HTHHTHHT,34,15,0
HHHHHHHT,HTHTTHTH,34,16,0
THTTHTTH,HTHTTHTH,34,17,1
THTHHTHT,HHHHHHHT,34,18,1
TTTTHHHH,HTTHTTHT,34,19,0
TTTTTTT,HHHHHHT,34,20,0
TTHTHTHH,HTHHTHHT,34,21,0
HTTTTTTT,HTHTTHTH,34,22,0
THTHTHTH,HHHHHHHT,34,23,0
HTHTHTHT,THHHHHHH,34,24,0
HTTHTHHT,THTHTTHT,34,25,1
HTHHTHHT,HHHHHHHT,34,26,1
HHHHTTTT,HTTHTTHT,34,27,0
HHHHHHH,HTTTTTH,34,28,0
HTTTTTTT,THTHTHTH,34,29,1
HTHTTHTH,THHHHHHH,34,30,1
THHTHHTH,TTTTHHHH,34,31,1
HTTTTTTT,THTHHTHT,34,32,0
TTTTTTTH,HTHTHTHT,34,33,1
HTHHTTHT,HTTTTTTT,34,34,1
THHHHHHH,THTHHTHT,34,35,0
HTHTHTHT,HTHHHHHH,34,36,0
HTHHTTHT,THHHHHHH,34,37,1
HTHHTHHT,TTTHTHTH,34,38,0
THTTHTTH,THTHHTHT,34,39,1
HHHHHHT,HHHHHHH,34,40,1
THHHHHHH,THTHTHTH,34,41,1
HTHTTHTH,TTTTTTTH,34,42,1
TTHTHTHH,HTHHHTHH,34,43,0
HTHHTHHT,THTHHTHT,34,44,1
HHHHHHH,TTTTTTH,34,45,0
HHHHHHHT,HHTHTHHT,34,46,0
HTTHHTTH,TTTTTTTT,34,47,1
HTHTHTH,HHHHHHT,34,48,0
THTHHTHT,HTTHTTHT,34,49,0
HHHHHHT,THTHTHT,34,50,0
TTTTHTHT,HTHHTHHT,34,51,1
THTHHTHT,TTTTTTTH,34,52,1
TTTTTTH,TTHHTTH,34,53,0
HHHHHHHT,TTHTHTTH,34,54,0
TTTTH,HTTHT,34,55,0
HTTTTTTT,HHHHHHHH,34,56,1
HTT,TTT,34,57,1
TTTTTTH,TTTTTTT,34,58,1
HTHTHHHH,HTTHTTHT,34,59,0
HTTHHTTH,HTHTHTTT,34,60,1
TTT,THH,34,61,0
HTHTHTHT,HHHHHHTH,34,62,0
HTTHTHHT,HTHTHTTT,34,63,1
HHHHHHTH,HTHTTHTH,34,64,0
THTHTHHH,HTTHHTTH,35,1,0
HTHTTHTH,HTHHHHHT,35,2,1
HTHTHTHT,HTTTTTTT,35,3,1
HTHHTHHT,HHHHTTTT,35,4,1
TTTTTTH,HHTTHHT,35,5,0
HHHHHHHT,TTTTTTTT,35,6,1
TTTTTTH,HTTTHHT,35,7,0
HTHTHTHT,HHHHHHHT,35,8,1
HHHHHHHT,HHHHHHHH,35,9,1
HTTHTTHT,HTHTTHTH,35,10,0
HTHTHHTH,THTTHHTH,35,11,1
HTHTTHTH,HTHHTHHT,35,12,0
HTHTTHTH,THHTHHTH,35,13,1
HTTHHTTH,THTHTTHT,35,14,1
TTTTHHHH,HTHHTHHT,35,15,0
HHHHHHHT,HTHTTHTH,35,16,0
HTHTTHTH,THTTHTTH,35,17,1
THTHHTHT,HHHHHHHT,35,18,1
TTTTHHHH,HTTHTTHT,35,19,0
HHHHHHT,TTTTTTT,35,20,1
TTHTHTHH,HTHHTHHT,35,21,0
HTHTTHTH,HTTTTTTT,35,22,1
HHHHHHHT,THTHTHTH,35,23,0
HTHTHTHT,THHHHHHH,35,24,1
HTTHTHHT,THTHTTHT,35,25,1
HTHHTHHT,HHHHHHHT,35,26,1
HHHHTTTT,HTTHTTHT,35,27,0
HTTTTTH,HHHHHHH,35,28,1
THTHTHTH,HTTTTTTT,35,29,1
THHHHHHH,HTHTTHTH,35,30,0
TTTTHHHH,THHTHHTH,35,31,0
THTHHTHT,HTTTTTTT,35,32,1
HTHTHTHT,TTTTTTTH,35,33,1
HTTTTTTT,HTHHTTHT,35,34,0
THHHHHHH,THTHHTHT,35,35,0
HTHHHHHH,HTHTHTHT,35,36,0
HTHHTTHT,THHHHHHH,35,37,1
TTTHTHTH,HTHHTHHT,35,38,0
THTTHTTH,THTHHTHT,35,39,0
HHHHHHT,HHHHHHH,35,40,1
THTHTHTH,THHHHHHH,35,41,1
HTHTTHTH,TTTTTTTH,35,42,1
HTHHHTHH,TTHTHTHH,35,43,0
THTHHTHT,HTHHTHHT,35,44,0
TTTTTTH,HHHHHHH,35,45,1
HHTHTHHT,HHHHHHHT,35,46,1
TTTTTTTT,HTTHHTTH,35,47,0
HHHHHHT,HTHTHTH,35,48,0
THTHHTHT,HTTHTTHT,35,49,1
THTHTHT,HHHHHHT,35,50,1
TTTTHTHT,HTHHTHHT,35,51,0
THTHHTHT,TTTTTTTH,35,52,1
TTHHTTH,TTTTTTH,35,53,1
TTHTHTTH,HHHHHHHT,35,54,1
HTTHT,TTTTH,35,55,1
HHHHHHHH,HTTTTTTT,35,56,0
TTT,HTT,35,57,0
TTTTTTT,TTTTTTH,35,58,0
HTHTHHHH,HTTHTTHT,35,59,1
HTTHHTTH,HTHTHTTT,35,60,1
THH,TTT,35,61,1
HHHHHHTH,HTHTHTHT,35,62,0
HTTHTHHT,HTHTHTTT,35,63,1
HTHTTHTH,HHHHHHTH,35,64,1
HTTHHTTH,THTHTHHH,36,1,1
HTHHHHHT,HTHTTHTH,36,2,0
HTTTTTTT,HTHTHTHT,36,3,1
HTHHTHHT,HHHHTTTT,36,4,1
HHTTHHT,TTTTTTH,36,5,1
HHHHHHHT,TTTTTTTT,36,6,1
HTTTHHT,TTTTTTH,36,7,1
HHHHHHHT,HTHTHTHT,36,8,0
HHHHHHHH,HHHHHHHT,36,9,0
HTHTTHTH,HTTHTTHT,36,10,1
HTHTHHTH,THTTHHTH,36,11,0
HTHTTHTH,HTHHTHHT,36,12,1
HTHTTHTH,THHTHHTH,36,13,1
HTTHHTTH,THTHTTHT,36,14,0
TTTTHHHH,HTHHTHHT,36,15,0
HHHHHHHT,HTHTTHTH,36,16,0
THTTHTTH,HTHTTHTH,36,17,1
THTHHTHT,HHHHHHHT,36,18,1
TTTTHHHH,HTTHTTHT,36,19,0
TTTTTTT,HHHHHHT,36,20,0
HTHHTHHT,TTHTHTHH,36,21,0
HTTTTTTT,HTHTTHTH,36,22,0
THTHTHTH,HHHHHHHT,36,23,1
HTHTHTHT,THHHHHHH,36,24,1
HTTHTHHT,THTHTTHT,36,25,1
HHHHHHHT,HTHHTHHT,36,26,0
HTTHTTHT,HHHHTTTT,36,27,1
HHHHHHH,HTTTTTH,36,28,0
HTTTTTTT,THTHTHTH,36,29,0
THHHHHHH,HTHTTHTH,36,30,0
TTTTHHHH,THHTHHTH,36,31,0
HTTTTTTT,THTHHTHT,36,32,0
HTHTHTHT,TTTTTTTH,36,33,1
HTHHTTHT,HTTTTTTT,36,34,1
THHHHHHH,THTHHTHT,36,35,0
HTHHHHHH,HTHTHTHT,36,36,0
HTHHTTHT,THHHHHHH,36,37,1
TTTHTHTH,HTHHTHHT,36,38,1
THTTHTTH,THTHHTHT,36,39,0
HHHHHHT,HHHHHHH,36,40,1
THTHTHTH,THHHHHHH,36,41,1
HTHTTHTH,TTTTTTTH,36,42,1
HTHHHTHH,TTHTHTHH,36,43,0
HTHHTHHT,THTHHTHT,36,44,0
TTTTTTH,HHHHHHH,36,45,1
HHTHTHHT,HHHHHHHT,36,46,1
HTTHHTTH,TTTTTTTT,36,47,1
HHHHHHT,HTHTHTH,36,48,0
HTTHTTHT,THTHHTHT,36,49,1
THTHTHT,HHHHHHT,36,50,0
HTHHTHHT,TTTTHTHT,36,51,0
TTTTTTTH,THTHHTHT,36,52,0
TTTTTTH,TTHHTTH,36,53,0
HHHHHHHT,TTHTHTTH,36,54,0
HTTHT,TTTTH,36,55,1
HHHHHHHH,HTTTTTTT,36,56,0
HTT,TTT,36,57,1
TTTTTTH,TTTTTTT,36,58,1
HTTHTTHT,HTHTHHHH,36,59,1
HTTHHTTH,HTHTHTTT,36,60,1
TTT,THH,36,61,0
HTHTHTHT,HHHHHHTH,36,62,1
HTTHTHHT,HTHTHTTT,36,63,0
HHHHHHTH,HTHTTHTH,36,64,0
HTTHHTTH,THTHTHHH,37,1,0
HTHTTHTH,HTHHHHHT,37,2,0
HTTTTTTT,HTHTHTHT,37,3,1
HTHHTHHT,HHHHTTTT,37,4,1
TTTTTTH,HHTTHHT,37,5,0
TTTTTTTT,HHHHHHHT,37,6,0
TTTTTTH,HTTTHHT,37,7,0
HHHHHHHT,HTHTHTHT,37,8,0
HHHHHHHT,HHHHHHHH,37,9,1
HTHTTHTH,HTTHTTHT,37,10,0
THTTHHTH,HTHTHHTH,37,11,0
HTHHTHHT,HTHTTHTH,37,12,1
HTHTTHTH,THHTHHTH,37,13,0
HTTHHTTH,THTHTTHT,37,14,1
HTHHTHHT,TTTTHHHH,37,15,1
HTHTTHTH,HHHHHHHT,37,16,1
HTHTTHTH,THTTHTTH,37,17,0
HHHHHHHT,THTHHTHT,37,18,0
HTTHTTHT,TTTTHHHH,37,19,1
HHHHHHT,TTTTTTT,37,20,1
TTHTHTHH,HTHHTHHT,37,21,0
HTHTTHTH,HTTTTTTT,37,22,1
HHHHHHHT,THTHTHTH,37,23,0
THHHHHHH,HTHTHTHT,37,24,0
THTHTTHT,HTTHTHHT,37,25,0
HHHHHHHT,HTHHTHHT,37,26,0
HTTHTTHT,HHHHTTTT,37,27,1
HTTTTTH,HHHHHHH,37,28,1
THTHTHTH,HTTTTTTT,37,29,1
THHHHHHH,HTHTTHTH,37,30,0
TTTTHHHH,THHTHHTH,37,31,0
HTTTTTTT,THTHHTHT,37,32,0
TTTTTTTH,HTHTHTHT,37,33,1
HTTTTTTT,HTHHTTHT,37,34,0
THHHHHHH,THTHHTHT,37,35,0
HTHHHHHH,HTHTHTHT,37,36,1
THHHHHHH,HTHHTTHT,37,37,0
HTHHTHHT,TTTHTHTH,37,38,1
THTTHTTH,THTHHTHT,37,39,1
HHHHHHH,HHHHHHT,37,40,0
THTHTHTH,THHHHHHH,37,41,1
TTTTTTTH,HTHTTHTH,37,42,0
TTHTHTHH,HTHHHTHH,37,43,0
HTHHTHHT,THTHHTHT,37,44,1
HHHHHHH,TTTTTTH,37,45,0
HHTHTHHT,HHHHHHHT,37,46,1
HTTHHTTH,TTTTTTTT,37,47,1
HTHTHTH,HHHHHHT,37,48,1
HTTHTTHT,THTHHTHT,37,49,1
HHHHHHT,THTHTHT,37,50,0
HTHHTHHT,TTTTHTHT,37,51,1
TTTTTTTH,THTHHTHT,37,52,0
TTHHTTH,TTTTTTH,37,53,1
HHHHHHHT,TTHTHTTH,37,54,0
TTTTH,HTTHT,37,55,0
HTTTTTTT,HHHHHHHH,37,56,1
HTT,TTT,37,57,1
TTTTTTH,TTTTTTT,37,58,1
HTHTHHHH,HTTHTTHT,37,59,1
HTTHHTTH,HTHTHTTT,37,60,1
TTT,THH,37,61,0
HTHTHTHT,HHHHHHTH,37,62,1
HTTHTHHT,HTHTHTTT,37,63,1
HHHHHHTH,HTHTTHTH,37,64,0
HTTHHTTH,THTHTHHH,38,1,0
HTHHHHHT,HTHTTHTH,38,2,1
HTHTHTHT,HTTTTTTT,38,3,0
HTHHTHHT,HHHHTTTT,38,4,0
HHTTHHT,TTTTTTH,38,5,0
HHHHHHHT,TTTTTTTT,38,6,0
TTTTTTH,HTTTHHT,38,7,1
HTHTHTHT,HHHHHHHT,38,8,0
HHHHHHHH,HHHHHHHT,38,9,0
HTHTTHTH,HTTHTTHT,38,10,1
THTTHHTH,HTHTHHTH,38,11,0
HTHHTHHT,HTHTTHTH,38,12,1
THHTHHTH,HTHTTHTH,38,13,0
THTHTTHT,HTTHHTTH,38,14,1
TTTTHHHH,HTHHTHHT,38,15,0
HHHHHHHT,HTHTTHTH,38,16,0
HTHTTHTH,THTTHTTH,38,17,0
HHHHHHHT,THTHHTHT,38,18,1
HTTHTTHT,TTTTHHHH,38,19,1
HHHHHHT,TTTTTTT,38,20,1
TTHTHTHH,HTHHTHHT,38,21,0
HTTTTTTT,HTHTTHTH,38,22,1
HHHHHHHT,THTHTHTH,38,23,1
HTHTHTHT,THHHHHHH,38,24,0
HTTHTHHT,THTHTTHT,38,25,0
HTHHTHHT,HHHHHHHT,38,26,0
HHHHTTTT,HTTHTTHT,38,27,0
HHHHHHH,HTTTTTH,38,28,0
THTHTHTH,HTTTTTTT,38,29,1
HTHTTHTH,THHHHHHH,38,30,0
THHTHHTH,TTTTHHHH,38,31,1
THTHHTHT,HTTTTTTT,38,32,0
HTHTHTHT,TTTTTTTH,38,33,0
HTHHTTHT,HTTTTTTT,38,34,0
THTHHTHT,THHHHHHH,38,35,1
HTHTHTHT,HTHHHHHH,38,36,0
HTHHTTHT,THHHHHHH,38,37,0
HTHHTHHT,TTTHTHTH,38,38,1
THTHHTHT,THTTHTTH,38,39,1
HHHHHHH,HHHHHHT,38,40,0
THTHTHTH,THHHHHHH,38,41,0
TTTTTTTH,HTHTTHTH,38,42,1
HTHHHTHH,TTHTHTHH,38,43,1
THTHHTHT,HTHHTHHT,38,44,1
TTTTTTH,HHHHHHH,38,45,1
HHTHTHHT,HHHHHHHT,38,46,0
TTTTTTTT,HTTHHTTH,38,47,0
HTHTHTH,HHHHHHT,38,48,0
HTTHTTHT,THTHHTHT,38,49,0
THTHTHT,HHHHHHT,38,50,0
TTTTHTHT,HTHHTHHT,38,51,1
THTHHTHT,TTTTTTTH,38,52,1
TTHHTTH,TTTTTTH,38,53,1
TTHTHTTH,HHHHHHHT,38,54,1
TTTTH,HTTHT,38,55,0
HTTTTTTT,HHHHHHHH,38,56,1
TTT,HTT,38,57,0
TTTTTTT,TTTTTTH,38,58,0
HTHTHHHH,HTTHTTHT,38,59,0
HTHTHTTT,HTTHHTTH,38,60,1
TTT,THH,38,61,0
HHHHHHTH,HTHTHTHT,38,62,0
HTTHTHHT,HTHTHTTT,38,63,1
HHHHHHTH,HTHTTHTH,38,64,1
HTTHHTTH,THTHTHHH,39,1,0
HTHHHHHT,HTHTTHTH,39,2,1
HTTTTTTT,HTHTHTHT,39,3,1
HTHHTHHT,HHHHTTTT,39,4,0
HHTTHHT,TTTTTTH,39,5,1
HHHHHHHT,TTTTTTTT,39,6,1
TTTTTTH,HTTTHHT,39,7,0
HTHTHTHT,HHHHHHHT,39,8,1
HHHHHHHH,HHHHHHHT,39,9,0
HTHTTHTH,HTTHTTHT,39,10,1
HTHTHHTH,THTTHHTH,39,11,0
HTHHTHHT,HTHTTHTH,39,12,1
THHTHHTH,HTHTTHTH,39,13,1
THTHTTHT,HTTHHTTH,39,14,0
HTHHTHHT,TTTTHHHH,39,15,1
HTHTTHTH,HHHHHHHT,39,16,1
HTHTTHTH,THTTHTTH,39,17,0
THTHHTHT,HHHHHHHT,39,18,1
TTTTHHHH,HTTHTTHT,39,19,0
HHHHHHT,TTTTTTT,39,20,1
TTHTHTHH,HTHHTHHT,39,21,0
HTTTTTTT,HTHTTHTH,39,22,0
HHHHHHHT,THTHTHTH,39,23,1
THHHHHHH,HTHTHTHT,39,24,1
HTTHTHHT,THTHTTHT,39,25,1
HHHHHHHT,HTHHTHHT,39,26,0
HHHHTTTT,HTTHTTHT,39,27,1
HHHHHHH,HTTTTTH,39,28,0
THTHTHTH,HTTTTTTT,39,29,0
HTHTTHTH,THHHHHHH,39,30,0
THHTHHTH,TTTTHHHH,39,31,0
THTHHTHT,HTTTTTTT,39,32,0
TTTTTTTH,HTHTHTHT,39,33,1
HTTTTTTT,HTHHTTHT,39,34,1
THHHHHHH,THTHHTHT,39,35,1
HTHHHHHH,HTHTHTHT,39,36,1
THHHHHHH,HTHHTTHT,39,37,1
HTHHTHHT,TTTHTHTH,39,38,0
THTTHTTH,THTHHTHT,39,39,1
HHHHHHT,HHHHHHH,39,40,1
THHHHHHH,THTHTHTH,39,41,1
HTHTTHTH,TTTTTTTH,39,42,0
TTHTHTHH,HTHHHTHH,39,43,0
THTHHTHT,HTHHTHHT,39,44,0
TTTTTTH,HHHHHHH,39,45,1
HHTHTHHT,HHHHHHHT,39,46,1
HTTHHTTH,TTTTTTTT,39,47,1
HTHTHTH,HHHHHHT,39,48,1
THTHHTHT,HTTHTTHT,39,49,1
THTHTHT,HHHHHHT,39,50,1
HTHHTHHT,TTTTHTHT,39,51,0
THTHHTHT,TTTTTTTH,39,52,0
TTTTTTH,TTHHTTH,39,53,1
HHHHHHHT,TTHTHTTH,39,54,1
HTTHT,TTTTH,39,55,0
HTTTTTTT,HHHHHHHH,39,56,0
TTT,HTT,39,57,1
TTTTTTH,TTTTTTT,39,58,0
HTHTHHHH,HTTHTTHT,39,59,1
HTHTHTTT,HTTHHTTH,39,60,0
TTT,THH,39,61,1
HTHTHTHT,HHHHHHTH,39,62,0
HTTHTHHT,HTHTHTTT,39,63,1
HTHTTHTH,HHHHHHTH,39,64,1
HHTHTTHH,THTTTHTT,40,1,1
HTHHHTHH,HHTHTTHH,40,2,1
THTTTTTT,HHHTTHHH,40,3,0
TTHHTHTT,HHTHHHTH,40,4,1
HTTTTTHT,HHTTHHTT,40,5,0
HTHTHTHT,THTHHTTT,40,6,0
HHHTTHTH,THTTTHTT,40,7,1
TTTTTTHT,HHHTTHHH,40,8,0
TTT,HHT,40,9,0
HHHHTHHH,HTTTHTTT,40,10,0
TTTHHTTT,HHHHHHTH,40,11,1
THTHHTTT,HHTHHHTH,40,12,1
HHTTHHTT,HTHHHHHH,40,13,1
THTHHTTT,TTHHTTHH,40,14,1
HHHTTTHH,THTTTTTT,40,15,1
HTHTHTHT,THTHTTHT,40,16,1
HHH,HTT,40,17,0
HHHHHHHH,THTHTHTT,40,18,0
HTHHHHTT,TTTHTTTT,40,19,1
HTTHHHHT,HTHTTTTT,40,20,1
THTTTTTT,HHHTHHHT,40,21,0
HTHHHHHH,TTTHHTTT,40,22,0
TTT,THH,40,23,0
HTHTHTHT,THTTHTHT,40,24,0
HHHHHHTH,HTTTHTTT,40,25,0
HHHTHHHT,TTTTTTTT,40,26,1
HTHTTTTT,THHHHTTH,40,27,1
HTHTTTTT,HHHTTHHH,40,28,0
TTTTTTHT,HHHTHHHT,40,29,0
TTH,HHH,40,30,1
THHHTHHH,TTTTTTTT,40,31,1
HHHTTHHH,TTTTTHTH,40,32,1
HHHHHHHH,TTHTHTHT,40,33,0
THTHTTHT,THTHTHTH,40,34,0
THTH,HTTT,40,35,1
THHHTHHH,THTTTTTT,40,36,1
HHHHHTH,TTTHTTT,40,37,0
HTTTHTTT,HHHHHHHH,40,38,1
HHTHTHTH,THTTTHTT,40,39,1
HTT,TTT,40,40,1
HHHTHHHT,THTHTTTT,40,41,0
TTTHTTTH,HHHHHHHH,40,42,1
HTHHHHH,TTTHTTT,40,43,0
HTHHTHTH,TTTTTTTT,40,44,1
THHHTHHH,TTTTTTHT,40,45,1
THTTTTT,HHHTHHH,40,46,0
HHHTHHH,TTTTTHT,40,47,1
TTTHTTTH,HHHHHHTH,40,48,1
HHT,HHH,40,49,1
HHTTHHTT,TTTTTTTT,40,50,1
HTHHHHTT,THTTHTTT,40,51,1
HTHTHTHT,HTTTTHHT,40,52,1
HTHHHHHH,HTTTHTTT,40,53,0
TT,HH,40,54,0
HTTT,HTHT,40,55,0
HHH,TTT,40,56,0
TTH,TTT,40,57,1
TTTTTTTT,HTHTHHTH,40,58,0
TTTT,HHHH,40,59,0
HHTTTTHT,HHHHHHTH,40,60,0
TTTTTTTT,TTHHTTHH,40,61,0
TTTTT,HHHHH,40,62,0
HTT,HTH,40,63,0
HHTTHHTT,THTTTTTT,40,64,1
HHTHTTHH,THTTTHTT,41,1,1
HHTHTTHH,HTHHHTHH,41,2,1
THTTTTTT,HHHTTHHH,41,3,1
HHTHHHTH,TTHHTHTT,41,4,0
HTTTTTHT,HHTTHHTT,41,5,1
HTHTHTHT,THTHHTTT,41,6,0
HHHTTHTH,THTTTHTT,41,7,0
TTTTTTHT,HHHTTHHH,41,8,0
HHT,TTT,41,9,1
HHHHTHHH,HTTTHTTT,41,10,0
TTTHHTTT,HHHHHHTH,41,11,1
THTHHTTT,HHTHHHTH,41,12,1
HHTTHHTT,HTHHHHHH,41,13,1
TTHHTTHH,THTHHTTT,41,14,0
THTTTTTT,HHHTTTHH,41,15,0
HTHTHTHT,THTHTTHT,41,16,0
HHH,HTT,41,17,0
HHHHHHHH,THTHTHTT,41,18,0
TTTHTTTT,HTHHHHTT,41,19,0
HTTHHHHT,HTHTTTTT,41,20,1
THTTTTTT,HHHTHHHT,41,21,1
HTHHHHHH,TTTHHTTT,41,22,0
THH,TTT,41,23,1
HTHTHTHT,THTTHTHT,41,24,0
HTTTHTTT,HHHHHHTH,41,25,1
TTTTTTTT,HHHTHHHT,41,26,0
HTHTTTTT,THHHHTTH,41,27,0
HTHTTTTT,HHHTTHHH,41,28,1
HHHTHHHT,TTTTTTHT,41,29,0
HHH,TTH,41,30,0
THHHTHHH,TTTTTTTT,41,31,1
HHHTTHHH,TTTTTHTH,41,32,0
HHHHHHHH,TTHTHTHT,41,33,0
THTHTTHT,THTHTHTH,41,34,0
THTH,HTTT,41,35,0
THTTTTTT,THHHTHHH,41,36,1
HHHHHTH,TTTHTTT,41,37,0
HTTTHTTT,HHHHHHHH,41,38,1
HHTHTHTH,THTTTHTT,41,39,1
TTT,HTT,41,40,0
HHHTHHHT,THTHTTTT,41,41,0
TTTHTTTH,HHHHHHHH,41,42,1
HTHHHHH,TTTHTTT,41,43,0
HTHHTHTH,TTTTTTTT,41,44,1
TTTTTTHT,THHHTHHH,41,45,0
HHHTHHH,THTTTTT,41,46,0
HHHTHHH,TTTTTHT,41,47,0
HHHHHHTH,TTTHTTTH,41,48,0
HHT,HHH,41,49,1
HHTTHHTT,TTTTTTTT,41,50,1
THTTHTTT,HTHHHHTT,41,51,0
HTHTHTHT,HTTTTHHT,41,52,0
HTTTHTTT,HTHHHHHH,41,53,0
TT,HH,41,54,0
HTTT,HTHT,41,55,1
HHH,TTT,41,56,0
TTH,TTT,41,57,0
HTHTHHTH,TTTTTTTT,41,58,1
TTTT,HHHH,41,59,0
HHHHHHTH,HHTTTTHT,41,60,0
TTHHTTHH,TTTTTTTT,41,61,1
HHHHH,TTTTT,41,62,1
HTT,HTH,41,63,0
THTTTTTT,HHTTHHTT,41,64,0
HHTHTTHH,THTTTHTT,42,1,0
HTHHHTHH,HHTHTTHH,42,2,1
THTTTTTT,HHHTTHHH,42,3,0
HHTHHHTH,TTHHTHTT,42,4,0
HHTTHHTT,HTTTTTHT,42,5,0
HTHTHTHT,THTHHTTT,42,6,0
HHHTTHTH,THTTTHTT,42,7,1
HHHTTHHH,TTTTTTHT,42,8,1
TTT,HHT,42,9,0
HTTTHTTT,HHHHTHHH,42,10,0
HHHHHHTH,TTTHHTTT,42,11,0
THTHHTTT,HHTHHHTH,42,12,1
HHTTHHTT,HTHHHHHH,42,13,0
THTHHTTT,TTHHTTHH,42,14,1
THTTTTTT,HHHTTTHH,42,15,1
THTHTTHT,HTHTHTHT,42,16,0
HTT,HHH,42,17,0
HHHHHHHH,THTHTHTT,42,18,0
TTTHTTTT,HTHHHHTT,42,19,0
HTHTTTTT,HTTHHHHT,42,20,1
HHHTHHHT,THTTTTTT,42,21,1
HTHHHHHH,TTTHHTTT,42,22,0
TTT,THH,42,23,0
THTTHTHT,HTHTHTHT,42,24,0
HTTTHTTT,HHHHHHTH,42,25,0
TTTTTTTT,HHHTHHHT,42,26,0
THHHHTTH,HTHTTTTT,42,27,1
HHHTTHHH,HTHTTTTT,42,28,1
TTTTTTHT,HHHTHHHT,42,29,0
TTH,HHH,42,30,0
THHHTHHH,TTTTTTTT,42,31,1
TTTTTHTH,HHHTTHHH,42,32,1
TTHTHTHT,HHHHHHHH,42,33,1
THTHTTHT,THTHTHTH,42,34,1
THTH,HTTT,42,35,0
THHHTHHH,THTTTTTT,42,36,1
HHHHHTH,TTTHTTT,42,37,0
HHHHHHHH,HTTTHTTT,42,38,0
HHTHTHTH,THTTTHTT,42,39,1
HTT,TTT,42,40,1
THTHTTTT,HHHTHHHT,42,41,1
HHHHHHHH,TTTHTTTH,42,42,0
TTTHTTT,HTHHHHH,42,43,0
HTHHTHTH,TTTTTTTT,42,44,1
TTTTTTHT,THHHTHHH,42,45,0
HHHTHHH,THTTTTT,42,46,0
TTTTTHT,HHHTHHH,42,47,1
TTTHTTTH,HHHHHHTH,42,48,1
HHH,HHT,42,49,0
TTTTTTTT,HHTTHHTT,42,50,0
HTHHHHTT,THTTHTTT,42,51,0
HTHTHTHT,HTTTTHHT,42,52,0
HTTTHTTT,HTHHHHHH,42,53,1
TT,HH,42,54,0
HTHT,HTTT,42,55,0
HHH,TTT,42,56,0
TTT,TTH,42,57,0
HTHTHHTH,TTTTTTTT,42,58,1
HHHH,TTTT,42,59,1
HHTTTTHT,HHHHHHTH,42,60,1
TTHHTTHH,TTTTTTTT,42,61,1
TTTTT,HHHHH,42,62,1
HTT,HTH,42,63,1
THTTTTTT,HHTTHHTT,42,64,0
HHTHTTHH,THTTTHTT,43,1,1
HHTHTTHH,HTHHHTHH,43,2,0
THTTTTTT,HHHTTHHH,43,3,1
HHTHHHTH,TTHHTHTT,43,4,1
HHTTHHTT,HTTTTTHT,43,5,0
THTHHTTT,HTHTHTHT,43,6,1
HHHTTHTH,THTTTHTT,43,7,1
HHHTTHHH,TTTTTTHT,43,8,0
TTT,HHT,43,9,0
HHHHTHHH,HTTTHTTT,43,10,0
TTTHHTTT,HHHHHHTH,43,11,0
HHTHHHTH,THTHHTTT,43,12,0
HHTTHHTT,HTHHHHHH,43,13,0
THTHHTTT,TTHHTTHH,43,14,1
THTTTTTT,HHHTTTHH,43,15,1
THTHTTHT,HTHTHTHT,43,16,1
HHH,HTT,43,17,0
THTHTHTT,HHHHHHHH,43,18,1
HTHHHHTT,TTTHTTTT,43,19,0
HTHTTTTT,HTTHHHHT,43,20,0
HHHTHHHT,THTTTTTT,43,21,1
HTHHHHHH,TTTHHTTT,43,22,0
THH,TTT,43,23,1
HTHTHTHT,THTTHTHT,43,24,0
HHHHHHTH,HTTTHTTT,43,25,0
HHHTHHHT,TTTTTTTT,43,26,1
THHHHTTH,HTHTTTTT,43,27,1
HTHTTTTT,HHHTTHHH,43,28,0
HHHTHHHT,TTTTTTHT,43,29,1
TTH,HHH,43,30,1
THHHTHHH,TTTTTTTT,43,31,1
HHHTTHHH,TTTTTHTH,43,32,1
HHHHHHHH,TTHTHTHT,43,33,0
THTHTHTH,THTHTTHT,43,34,1
HTTT,THTH,43,35,1
THHHTHHH,THTTTTTT,43,36,0
HHHHHTH,TTTHTTT,43,37,1
HHHHHHHH,HTTTHTTT,43,38,0
THTTTHTT,HHTHTHTH,43,39,1
HTT,TTT,43,40,1
THTHTTTT,HHHTHHHT,43,41,0
HHHHHHHH,TTTHTTTH,43,42,0
HTHHHHH,TTTHTTT,43,43,0
TTTTTTTT,HTHHTHTH,43,44,0
TTTTTTHT,THHHTHHH,43,45,0
HHHTHHH,THTTTTT,43,46,0
HHHTHHH,TTTTTHT,43,47,0
TTTHTTTH,HHHHHHTH,43,48,0
HHT,HHH,43,49,1
HHTTHHTT,TTTTTTTT,43,50,1
THTTHTTT,HTHHHHTT,43,51,0
HTHTHTHT,HTTTTHHT,43,52,0
HTTTHTTT,HTHHHHHH,43,53,0
HH,TT,43,54,0
HTHT,HTTT,43,55,0
TTT,HHH,43,56,0
TTT,TTH,43,57,0
TTTTTTTT,HTHTHHTH,43,58,0
TTTT,HHHH,43,59,0
HHTTTTHT,HHHHHHTH,43,60,0
TTHHTTHH,TTTTTTTT,43,61,1
TTTTT,HHHHH,43,62,0
HTT,HTH,43,63,0
THTTTTTT,HHTTHHTT,43,64,0
THTTTHTT,HHTHTTHH,44,1,0
HHTHTTHH,HTHHHTHH,44,2,1
HHHTTHHH,THTTTTTT,44,3,1
HHTHHHTH,TTHHTHTT,44,4,0
HHTTHHTT,HTTTTTHT,44,5,1
THTHHTTT,HTHTHTHT,44,6,1
HHHTTHTH,THTTTHTT,44,7,0
HHHTTHHH,TTTTTTHT,44,8,1
TTT,HHT,44,9,0
HTTTHTTT,HHHHTHHH,44,10,1
TTTHHTTT,HHHHHHTH,44,11,1
THTHHTTT,HHTHHHTH,44,12,1
HTHHHHHH,HHTTHHTT,44,13,0
TTHHTTHH,THTHHTTT,44,14,1
HHHTTTHH,THTTTTTT,44,15,1
HTHTHTHT,THTHTTHT,44,16,0
HTT,HHH,44,17,1
THTHTHTT,HHHHHHHH,44,18,1
TTTHTTTT,HTHHHHTT,44,19,0
HTHTTTTT,HTTHHHHT,44,20,0
THTTTTTT,HHHTHHHT,44,21,0
HTHHHHHH,TTTHHTTT,44,22,0
THH,TTT,44,23,1
HTHTHTHT,THTTHTHT,44,24,0
HHHHHHTH,HTTTHTTT,44,25,0
TTTTTTTT,HHHTHHHT,44,26,0
THHHHTTH,HTHTTTTT,44,27,1
HTHTTTTT,HHHTTHHH,44,28,1
HHHTHHHT,TTTTTTHT,44,29,1
HHH,TTH,44,30,0
TTTTTTTT,THHHTHHH,44,31,0
TTTTTHTH,HHHTTHHH,44,32,1
TTHTHTHT,HHHHHHHH,44,33,1
THTHTTHT,THTHTHTH,44,34,1
THTH,HTTT,44,35,1
THHHTHHH,THTTTTTT,44,36,1
TTTHTTT,HHHHHTH,44,37,1
HHHHHHHH,HTTTHTTT,44,38,0
THTTTHTT,HHTHTHTH,44,39,0
HTT,TTT,44,40,1
THTHTTTT,HHHTHHHT,44,41,1
HHHHHHHH,TTTHTTTH,44,42,0
HTHHHHH,TTTHTTT,44,43,1
HTHHTHTH,TTTTTTTT,44,44,1
THHHTHHH,TTTTTTHT,44,45,1
THTTTTT,HHHTHHH,44,46,0
TTTTTHT,HHHTHHH,44,47,0
HHHHHHTH,TTTHTTTH,44,48,0
HHT,HHH,44,49,1
HHTTHHTT,TTTTTTTT,44,50,1
HTHHHHTT,THTTHTTT,44,51,0
HTTTTHHT,HTHTHTHT,44,52,0
HTHHHHHH,HTTTHTTT,44,53,0
HH,TT,44,54,1
HTHT,HTTT,44,55,1
HHH,TTT,44,56,1
TTH,TTT,44,57,1
HTHTHHTH,TTTTTTTT,44,58,1
HHHH,TTTT,44,59,1
HHTTTTHT,HHHHHHTH,44,60,1
TTTTTTTT,TTHHTTHH,44,61,0
HHHHH,TTTTT,44,62,1
HTH,HTT,44,63,1
HHTTHHTT,THTTTTTT,44,64,1
THTTTHTT,HHTHTTHH,45,1,1
HTHHHTHH,HHTHTTHH,45,2,0
THTTTTTT,HHHTTHHH,45,3,0
HHTHHHTH,TTHHTHTT,45,4,1
HTTTTTHT,HHTTHHTT,45,5,0
HTHTHTHT,THTHHTTT,45,6,0
THTTTHTT,HHHTTHTH,45,7,1
HHHTTHHH,TTTTTTHT,45,8,0
TTT,HHT,45,9,0
HHHHTHHH,HTTTHTTT,45,10,0
HHHHHHTH,TTTHHTTT,45,11,0
HHTHHHTH,THTHHTTT,45,12,0
HHTTHHTT,HTHHHHHH,45,13,1
TTHHTTHH,THTHHTTT,45,14,1
THTTTTTT,HHHTTTHH,45,15,0
HTHTHTHT,THTHTTHT,45,16,0
HTT,HHH,45,17,1
HHHHHHHH,THTHTHTT,45,18,0
HTHHHHTT,TTTHTTTT,45,19,0
HTTHHHHT,HTHTTTTT,45,20,1
HHHTHHHT,THTTTTTT,45,21,1
HTHHHHHH,TTTHHTTT,45,22,0
TTT,THH,45,23,0
HTHTHTHT,THTTHTHT,45,24,1
HHHHHHTH,HTTTHTTT,45,25,0
HHHTHHHT,TTTTTTTT,45,26,1
THHHHTTH,HTHTTTTT,45,27,1
HHHTTHHH,HTHTTTTT,45,28,0
HHHTHHHT,TTTTTTHT,45,29,1
TTH,HHH,45,30,1
TTTTTTTT,THHHTHHH,45,31,0
TTTTTHTH,HHHTTHHH,45,32,1
HHHHHHHH,TTHTHTHT,45,33,0
THTHTHTH,THTHTTHT,45,34,0
HTTT,THTH,45,35,1
THHHTHHH,THTTTTTT,45,36,1
TTTHTTT,HHHHHTH,45,37,0
HHHHHHHH,HTTTHTTT,45,38,0
THTTTHTT,HHTHTHTH,45,39,1
HTT,TTT,45,40,1
THTHTTTT,HHHTHHHT,45,41,1
HHHHHHHH,TTTHTTTH,45,42,0
HTHHHHH,TTTHTTT,45,43,0
HTHHTHTH,TTTTTTTT,45,44,1
TTTTTTHT,THHHTHHH,45,45,0
THTTTTT,HHHTHHH,45,46,0
HHHTHHH,TTTTTHT,45,47,0
HHHHHHTH,TTTHTTTH,45,48,0
HHH,HHT,45,49,0
TTTTTTTT,HHTTHHTT,45,50,0
THTTHTTT,HTHHHHTT,45,51,1
HTHTHTHT,HTTTTHHT,45,52,1
HTHHHHHH,HTTTHTTT,45,53,0
TT,HH,45,54,1
HTTT,HTHT,45,55,0
HHH,TTT,45,56,0
TTH,TTT,45,57,1
TTTTTTTT,HTHTHHTH,45,58,0
TTTT,HHHH,45,59,0
HHHHHHTH,HHTTTTHT,45,60,1
TTTTTTTT,TTHHTTHH,45,61,0
TTTTT,HHHHH,45,62,0
HTH,HTT,45,63,1
HHTTHHTT,THTTTTTT,45,64,1
THTTTHTT,HHTHTTHH,46,1,0
HTHHHTHH,HHTHTTHH,46,2,0
THTTTTTT,HHHTTHHH,46,3,0
TTHHTHTT,HHTHHHTH,46,4,1
HTTTTTHT,HHTTHHTT,46,5,0
THTHHTTT,HTHTHTHT,46,6,1
THTTTHTT,HHHTTHTH,46,7,1
TTTTTTHT,HHHTTHHH,46,8,0
TTT,HHT,46,9,0
HHHHTHHH,HTTTHTTT,46,10,0
HHHHHHTH,TTTHHTTT,46,11,0
THTHHTTT,HHTHHHTH,46,12,1
HHTTHHTT,HTHHHHHH,46,13,1
TTHHTTHH,THTHHTTT,46,14,1
THTTTTTT,HHHTTTHH,46,15,1
HTHTHTHT,THTHTTHT,46,16,1
HTT,HHH,46,17,1
HHHHHHHH,THTHTHTT,46,18,0
TTTHTTTT,HTHHHHTT,46,19,0
HTHTTTTT,HTTHHHHT,46,20,0
HHHTHHHT,THTTTTTT,46,21,1
TTTHHTTT,HTHHHHHH,46,22,0
THH,TTT,46,23,0
THTTHTHT,HTHTHTHT,46,24,0
HTTTHTTT,HHHHHHTH,46,25,1
TTTTTTTT,HHHTHHHT,46,26,0
HTHTTTTT,THHHHTTH,46,27,0
HTHTTTTT,HHHTTHHH,46,28,0
HHHTHHHT,TTTTTTHT,46,29,1
TTH,HHH,46,30,1
TTTTTTTT,THHHTHHH,46,31,0
HHHTTHHH,TTTTTHTH,46,32,0
TTHTHTHT,HHHHHHHH,46,33,1
THTHTTHT,THTHTHTH,46,34,1
THTH,HTTT,46,35,0
THHHTHHH,THTTTTTT,46,36,0
HHHHHTH,TTTHTTT,46,37,0
HHHHHHHH,HTTTHTTT,46,38,0
THTTTHTT,HHTHTHTH,46,39,1
HTT,TTT,46,40,1
THTHTTTT,HHHTHHHT,46,41,1
HHHHHHHH,TTTHTTTH,46,42,0
TTTHTTT,HTHHHHH,46,43,1
TTTTTTTT,HTHHTHTH,46,44,0
THHHTHHH,TTTTTTHT,46,45,0
THTTTTT,HHHTHHH,46,46,1
TTTTTHT,HHHTHHH,46,47,1
HHHHHHTH,TTTHTTTH,46,48,0
HHT,HHH,46,49,1
HHTTHHTT,TTTTTTTT,46,50,1
HTHHHHTT,THTTHTTT,46,51,0
HTHTHTHT,HTTTTHHT,46,52,0
HTHHHHHH,HTTTHTTT,46,53,0
HH,TT,46,54,0
HTTT,HTHT,46,55,0
TTT,HHH,46,56,0
TTT,TTH,46,57,0
TTTTTTTT,HTHTHHTH,46,58,0
TTTT,HHHH,46,59,0
HHHHHHTH,HHTTTTHT,46,60,0
TTHHTTHH,TTTTTTTT,46,61,1
HHHHH,TTTTT,46,62,1
HTH,HTT,46,63,1
HHTTHHTT,THTTTTTT,46,64,1
THTTTHTT,HHTHTTHH,47,1,0
HTHHHTHH,HHTHTTHH,47,2,1
HHHTTHHH,THTTTTTT,47,3,1
TTHHTHTT,HHTHHHTH,47,4,0
HHTTHHTT,HTTTTTHT,47,5,0
THTHHTTT,HTHTHTHT,47,6,1
THTTTHTT,HHHTTHTH,47,7,1
TTTTTTHT,HHHTTHHH,47,8,0
HHT,TTT,47,9,0
HTTTHTTT,HHHHTHHH,47,10,0
HHHHHHTH,TTTHHTTT,47,11,0
THTHHTTT,HHTHHHTH,47,12,1
HTHHHHHH,HHTTHHTT,47,13,0
THTHHTTT,TTHHTTHH,47,14,1
HHHTTTHH,THTTTTTT,47,15,0
THTHTTHT,HTHTHTHT,47,16,0
HHH,HTT,47,17,0
THTHTHTT,HHHHHHHH,47,18,1
TTTHTTTT,HTHHHHTT,47,19,1
HTTHHHHT,HTHTTTTT,47,20,0
THTTTTTT,HHHTHHHT,47,21,0
HTHHHHHH,TTTHHTTT,47,22,1
THH,TTT,47,23,1
THTTHTHT,HTHTHTHT,47,24,0
HHHHHHTH,HTTTHTTT,47,25,0
HHHTHHHT,TTTTTTTT,47,26,0
THHHHTTH,HTHTTTTT,47,27,1
HHHTTHHH,HTHTTTTT,47,28,1
TTTTTTHT,HHHTHHHT,47,29,0
HHH,TTH,47,30,0
TTTTTTTT,THHHTHHH,47,31,0
TTTTTHTH,HHHTTHHH,47,32,0
TTHTHTHT,HHHHHHHH,47,33,1
THTHTTHT,THTHTHTH,47,34,0
HTTT,THTH,47,35,0
THTTTTTT,THHHTHHH,47,36,0
TTTHTTT,HHHHHTH,47,37,1
HTTTHTTT,HHHHHHHH,47,38,1
HHTHTHTH,THTTTHTT,47,39,0
TTT,HTT,47,40,0
THTHTTTT,HHHTHHHT,47,41,0
HHHHHHHH,TTTHTTTH,47,42,0
HTHHHHH,TTTHTTT,47,43,1
TTTTTTTT,HTHHTHTH,47,44,0
TTTTTTHT,THHHTHHH,47,45,1
THTTTTT,HHHTHHH,47,46,0
TTTTTHT,HHHTHHH,47,47,0
TTTHTTTH,HHHHHHTH,47,48,1
HHH,HHT,47,49,0
TTTTTTTT,HHTTHHTT,47,50,0
HTHHHHTT,THTTHTTT,47,51,0
HTTTTHHT,HTHTHTHT,47,52,0
HTTTHTTT,HTHHHHHH,47,53,1
TT,HH,47,54,0
HTHT,HTTT,47,55,1
HHH,TTT,47,56,0
TTH,TTT,47,57,1
HTHTHHTH,TTTTTTTT,47,58,1
HHHH,TTTT,47,59,0
HHHHHHTH,HHTTTTHT,47,60,1
TTHHTTHH,TTTTTTTT,47,61,1
HHHHH,TTTTT,47,62,0
HTH,HTT,47,63,1
THTTTTTT,HHTTHHTT,47,64,0
THTTTHTT,HHTHTTHH,48,1,0
HTHHHTHH,HHTHTTHH,48,2,0
HHHTTHHH,THTTTTTT,48,3,1
TTHHTHTT,HHTHHHTH,48,4,1
HTTTTTHT,HHTTHHTT,48,5,0
HTHTHTHT,THTHHTTT,48,6,0
THTTTHTT,HHHTTHTH,48,7,0
TTTTTTHT,HHHTTHHH,48,8,0
TTT,HHT,48,9,0
HHHHTHHH,HTTTHTTT,48,10,0
TTTHHTTT,HHHHHHTH,48,11,1
HHTHHHTH,THTHHTTT,48,12,0
HHTTHHTT,HTHHHHHH,48,13,1
THTHHTTT,TTHHTTHH,48,14,0
THTTTTTT,HHHTTTHH,48,15,0
THTHTTHT,HTHTHTHT,48,16,1
HHH,HTT,48,17,0
THTHTHTT,HHHHHHHH,48,18,1
TTTHTTTT,HTHHHHTT,48,19,0
HTTHHHHT,HTHTTTTT,48,20,1
THTTTTTT,HHHTHHHT,48,21,0
TTTHHTTT,HTHHHHHH,48,22,1
THH,TTT,48,23,1
HTHTHTHT,THTTHTHT,48,24,0
HHHHHHTH,HTTTHTTT,48,25,0
HHHTHHHT,TTTTTTTT,48,26,1
THHHHTTH,HTHTTTTT,48,27,1
HHHTTHHH,HTHTTTTT,48,28,0
TTTTTTHT,HHHTHHHT,48,29,0
TTH,HHH,48,30,1
TTTTTTTT,THHHTHHH,48,31,0
TTTTTHTH,HHHTTHHH,48,32,0
TTHTHTHT,HHHHHHHH,48,33,1
THTHTTHT,THTHTHTH,48,34,1
HTTT,THTH,48,35,0
THTTTTTT,THHHTHHH,48,36,0
TTTHTTT,HHHHHTH,48,37,0
HTTTHTTT,HHHHHHHH,48,38,1
THTTTHTT,HHTHTHTH,48,39,1
HTT,TTT,48,40,1
HHHTHHHT,THTHTTTT,48,41,0
TTTHTTTH,HHHHHHHH,48,42,1
TTTHTTT,HTHHHHH,48,43,0
HTHHTHTH,TTTTTTTT,48,44,1
TTTTTTHT,THHHTHHH,48,45,0
HHHTHHH,THTTTTT,48,46,1
TTTTTHT,HHHTHHH,48,47,0
HHHHHHTH,TTTHTTTH,48,48,1
HHH,HHT,48,49,0
HHTTHHTT,TTTTTTTT,48,50,1
THTTHTTT,HTHHHHTT,48,51,0
HTHTHTHT,HTTTTHHT,48,52,1
HTTTHTTT,HTHHHHHH,48,53,1
TT,HH,48,54,0
HTTT,HTHT,48,55,1
HHH,TTT,48,56,0
TTT,TTH,48,57,0
HTHTHHTH,TTTTTTTT,48,58,1
HHHH,TTTT,48,59,0
HHTTTTHT,HHHHHHTH,48,60,1
TTTTTTTT,TTHHTTHH,48,61,0
TTTTT,HHHHH,48,62,1
HTT,HTH,48,63,1
THTTTTTT,HHTTHHTT,48,64,0
THTTTHTT,HHTHTTHH,49,1,0
HHTHTTHH,HTHHHTHH,49,2,1
THTTTTTT,HHHTTHHH,49,3,0
HHTHHHTH,TTHHTHTT,49,4,1
HHTTHHTT,HTTTTTHT,49,5,0
THTHHTTT,HTHTHTHT,49,6,1
THTTTHTT,HHHTTHTH,49,7,0
HHHTTHHH,TTTTTTHT,49,8,1
TTT,HHT,49,9,0
HTTTHTTT,HHHHTHHH,49,10,1
TTTHHTTT,HHHHHHTH,49,11,0
THTHHTTT,HHTHHHTH,49,12,1
HHTTHHTT,HTHHHHHH,49,13,0
TTHHTTHH,THTHHTTT,49,14,1
HHHTTTHH,THTTTTTT,49,15,1
HTHTHTHT,THTHTTHT,49,16,1
HTT,HHH,49,17,1
THTHTHTT,HHHHHHHH,49,18,1
TTTHTTTT,HTHHHHTT,49,19,1
HTHTTTTT,HTTHHHHT,49,20,0
HHHTHHHT,THTTTTTT,49,21,1
TTTHHTTT,HTHHHHHH,49,22,1
THH,TTT,49,23,1
HTHTHTHT,THTTHTHT,49,24,1
HTTTHTTT,HHHHHHTH,49,25,1
HHHTHHHT,TTTTTTTT,49,26,1
THHHHTTH,HTHTTTTT,49,27,1
HTHTTTTT,HHHTTHHH,49,28,1
TTTTTTHT,HHHTHHHT,49,29,0
TTH,HHH,49,30,1
THHHTHHH,TTTTTTTT,49,31,1
HHHTTHHH,TTTTTHTH,49,32,1
HHHHHHHH,TTHTHTHT,49,33,0
THTHTHTH,THTHTTHT,49,34,1
HTTT,THTH,49,35,0
THHHTHHH,THTTTTTT,49,36,1
HHHHHTH,TTTHTTT,49,37,0
HHHHHHHH,HTTTHTTT,49,38,0
THTTTHTT,HHTHTHTH,49,39,1
TTT,HTT,49,40,0
HHHTHHHT,THTHTTTT,49,41,0
HHHHHHHH,TTTHTTTH,49,42,0
HTHHHHH,TTTHTTT,49,43,0
TTTTTTTT,HTHHTHTH,49,44,0
TTTTTTHT,THHHTHHH,49,45,0
HHHTHHH,THTTTTT,49,46,0
HHHTHHH,TTTTTHT,49,47,0
TTTHTTTH,HHHHHHTH,49,48,1
HHH,HHT,49,49,0
TTTTTTTT,HHTTHHTT,49,50,0
HTHHHHTT,THTTHTTT,49,51,1
HTTTTHHT,HTHTHTHT,49,52,0
HTTTHTTT,HTHHHHHH,49,53,1
HH,TT,49,54,1
HTTT,HTHT,49,55,0
TTT,HHH,49,56,1
TTT,TTH,49,57,0
HTHTHHTH,TTTTTTTT,49,58,1
TTTT,HHHH,49,59,0
HHHHHHTH,HHTTTTHT,49,60,0
TTTTTTTT,TTHHTTHH,49,61,0
HHHHH,TTTTT,49,62,1
HTH,HTT,49,63,1
HHTTHHTT,THTTTTTT,49,64,1
HHTHTTHH,THTTTHTT,50,1,1
HTHHHTHH,HHTHTTHH,50,2,0
HHHTTHHH,THTTTTTT,50,3,0
TTHHTHTT,HHTHHHTH,50,4,1
HHTTHHTT,HTTTTTHT,50,5,1
HTHTHTHT,THTHHTTT,50,6,0
THTTTHTT,HHHTTHTH,50,7,0
TTTTTTHT,HHHTTHHH,50,8,0
TTT,HHT,50,9,0
HTTTHTTT,HHHHTHHH,50,10,1
HHHHHHTH,TTTHHTTT,50,11,0
HHTHHHTH,THTHHTTT,50,12,0
HHTTHHTT,HTHHHHHH,50,13,1
THTHHTTT,TTHHTTHH,50,14,1
THTTTTTT,HHHTTTHH,50,15,0
HTHTHTHT,THTHTTHT,50,16,1
HTT,HHH,50,17,0
HHHHHHHH,THTHTHTT,50,18,0
TTTHTTTT,HTHHHHTT,50,19,1
HTHTTTTT,HTTHHHHT,50,20,0
THTTTTTT,HHHTHHHT,50,21,0
TTTHHTTT,HTHHHHHH,50,22,1
THH,TTT,50,23,1
THTTHTHT,HTHTHTHT,50,24,1
HTTTHTTT,HHHHHHTH,50,25,1
HHHTHHHT,TTTTTTTT,50,26,1
HTHTTTTT,THHHHTTH,50,27,0
HTHTTTTT,HHHTTHHH,50,28,0
TTTTTTHT,HHHTHHHT,50,29,0
HHH,TTH,50,30,0
THHHTHHH,TTTTTTTT,50,31,1
TTTTTHTH,HHHTTHHH,50,32,0
HHHHHHHH,TTHTHTHT,50,33,0
THTHTHTH,THTHTTHT,50,34,0
THTH,HTTT,50,35,1
THTTTTTT,THHHTHHH,50,36,0
HHHHHTH,TTTHTTT,50,37,0
HTTTHTTT,HHHHHHHH,50,38,1
THTTTHTT,HHTHTHTH,50,39,1
TTT,HTT,50,40,0
THTHTTTT,HHHTHHHT,50,41,0
TTTHTTTH,HHHHHHHH,50,42,1
TTTHTTT,HTHHHHH,50,43,1
TTTTTTTT,HTHHTHTH,50,44,0
TTTTTTHT,THHHTHHH,50,45,0
THTTTTT,HHHTHHH,50,46,1
HHHTHHH,TTTTTHT,50,47,0
TTTHTTTH,HHHHHHTH,50,48,1
HHT,HHH,50,49,1
HHTTHHTT,TTTTTTTT,50,50,1
THTTHTTT,HTHHHHTT,50,51,1
HTTTTHHT,HTHTHTHT,50,52,0
HTHHHHHH,HTTTHTTT,50,53,0
TT,HH,50,54,1
HTHT,HTTT,50,55,0
HHH,TTT,50,56,0
TTT,TTH,50,57,1
HTHTHHTH,TTTTTTTT,50,58,1
TTTT,HHHH,50,59,1
HHTTTTHT,HHHHHHTH,50,60,1
TTTTTTTT,TTHHTTHH,50,61,0
TTTTT,HHHHH,50,62,1
HTT,HTH,50,63,0
THTTTTTT,HHTTHHTT,50,64,0
THTTTHTT,HHTHTTHH,51,1,1
HTHHHTHH,HHTHTTHH,51,2,0
THTTTTTT,HHHTTHHH,51,3,0
HHTHHHTH,TTHHTHTT,51,4,1
HTTTTTHT,HHTTHHTT,51,5,0
HTHTHTHT,THTHHTTT,51,6,1
THTTTHTT,HHHTTHTH,51,7,1
HHHTTHHH,TTTTTTHT,51,8,1
TTT,HHT,51,9,0
HTTTHTTT,HHHHTHHH,51,10,1
HHHHHHTH,TTTHHTTT,51,11,0
HHTHHHTH,THTHHTTT,51,12,1
HHTTHHTT,HTHHHHHH,51,13,1
TTHHTTHH,THTHHTTT,51,14,0
THTTTTTT,HHHTTTHH,51,15,0
THTHTTHT,HTHTHTHT,51,16,1
HHH,HTT,51,17,0
THTHTHTT,HHHHHHHH,51,18,1
HTHHHHTT,TTTHTTTT,51,19,1
HTTHHHHT,HTHTTTTT,51,20,1
HHHTHHHT,THTTTTTT,51,21,1
TTTHHTTT,HTHHHHHH,51,22,1
TTT,THH,51,23,0
HTHTHTHT,THTTHTHT,51,24,1
HTTTHTTT,HHHHHHTH,51,25,1
TTTTTTTT,HHHTHHHT,51,26,0
THHHHTTH,HTHTTTTT,51,27,1
HHHTTHHH,HTHTTTTT,51,28,1
TTTTTTHT,HHHTHHHT,51,29,0
TTH,HHH,51,30,1
THHHTHHH,TTTTTTTT,51,31,1
TTTTTHTH,HHHTTHHH,51,32,1
HHHHHHHH,TTHTHTHT,51,33,0
THTHTTHT,THTHTHTH,51,34,0
THTH,HTTT,51,35,1
THHHTHHH,THTTTTTT,51,36,1
TTTHTTT,HHHHHTH,51,37,1
HHHHHHHH,HTTTHTTT,51,38,0
HHTHTHTH,THTTTHTT,51,39,0
TTT,HTT,51,40,0
HHHTHHHT,THTHTTTT,51,41,0
TTTHTTTH,HHHHHHHH,51,42,1
HTHHHHH,TTTHTTT,51,43,0
TTTTTTTT,HTHHTHTH,51,44,0
TTTTTTHT,THHHTHHH,51,45,0
HHHTHHH,THTTTTT,51,46,1
HHHTHHH,TTTTTHT,51,47,1
TTTHTTTH,HHHHHHTH,51,48,0
HHT,HHH,51,49,1
HHTTHHTT,TTTTTTTT,51,50,1
THTTHTTT,HTHHHHTT,51,51,1
HTHTHTHT,HTTTTHHT,51,52,1
HTTTHTTT,HTHHHHHH,51,53,1
TT,HH,51,54,1
HTHT,HTTT,51,55,1
TTT,HHH,51,56,1
TTT,TTH,51,57,0
HTHTHHTH,TTTTTTTT,51,58,1
TTTT,HHHH,51,59,0
HHHHHHTH,HHTTTTHT,51,60,0
TTTTTTTT,TTHHTTHH,51,61,0
TTTTT,HHHHH,51,62,1
HTH,HTT,51,63,1
THTTTTTT,HHTTHHTT,51,64,0
THTTTHTT,HHTHTTHH,52,1,0
HHTHTTHH,HTHHHTHH,52,2,1
THTTTTTT,HHHTTHHH,52,3,0
HHTHHHTH,TTHHTHTT,52,4,0
HTTTTTHT,HHTTHHTT,52,5,0
HTHTHTHT,THTHHTTT,52,6,1
THTTTHTT,HHHTTHTH,52,7,1
HHHTTHHH,TTTTTTHT,52,8,1
HHT,TTT,52,9,1
HHHHTHHH,HTTTHTTT,52,10,0
TTTHHTTT,HHHHHHTH,52,11,1
THTHHTTT,HHTHHHTH,52,12,1
HHTTHHTT,HTHHHHHH,52,13,1
TTHHTTHH,THTHHTTT,52,14,0
HHHTTTHH,THTTTTTT,52,15,0
HTHTHTHT,THTHTTHT,52,16,1
HHH,HTT,52,17,0
HHHHHHHH,THTHTHTT,52,18,0
HTHHHHTT,TTTHTTTT,52,19,1
HTHTTTTT,HTTHHHHT,52,20,0
THTTTTTT,HHHTHHHT,52,21,1
HTHHHHHH,TTTHHTTT,52,22,1
TTT,THH,52,23,0
THTTHTHT,HTHTHTHT,52,24,0
HHHHHHTH,HTTTHTTT,52,25,0
TTTTTTTT,HHHTHHHT,52,26,0
THHHHTTH,HTHTTTTT,52,27,0
HTHTTTTT,HHHTTHHH,52,28,1
HHHTHHHT,TTTTTTHT,52,29,1
HHH,TTH,52,30,0
THHHTHHH,TTTTTTTT,52,31,1
HHHTTHHH,TTTTTHTH,52,32,1
HHHHHHHH,TTHTHTHT,52,33,0
THTHTHTH,THTHTTHT,52,34,1
HTTT,THTH,52,35,0
THHHTHHH,THTTTTTT,52,36,0
HHHHHTH,TTTHTTT,52,37,0
HHHHHHHH,HTTTHTTT,52,38,0
THTTTHTT,HHTHTHTH,52,39,1
HTT,TTT,52,40,1
THTHTTTT,HHHTHHHT,52,41,1
HHHHHHHH,TTTHTTTH,52,42,0
HTHHHHH,TTTHTTT,52,43,1
TTTTTTTT,HTHHTHTH,52,44,0
THHHTHHH,TTTTTTHT,52,45,1
THTTTTT,HHHTHHH,52,46,1
HHHTHHH,TTTTTHT,52,47,0
HHHHHHTH,TTTHTTTH,52,48,0
HHT,HHH,52,49,1
HHTTHHTT,TTTTTTTT,52,50,1
THTTHTTT,HTHHHHTT,52,51,1
HTTTTHHT,HTHTHTHT,52,52,0
HTTTHTTT,HTHHHHHH,52,53,1
HH,TT,52,54,1
HTHT,HTTT,52,55,1
HHH,TTT,52,56,0
TTT,TTH,52,57,0
TTTTTTTT,HTHTHHTH,52,58,0
TTTT,HHHH,52,59,1
HHTTTTHT,HHHHHHTH,52,60,1
TTTTTTTT,TTHHTTHH,52,61,0
TTTTT,HHHHH,52,62,1
HTT,HTH,52,63,0
HHTTHHTT,THTTTTTT,52,64,0
HHTHTTHH,THTTTHTT,53,1,1
HTHHHTHH,HHTHTTHH,53,2,0
HHHTTHHH,THTTTTTT,53,3,1
HHTHHHTH,TTHHTHTT,53,4,1
HTTTTTHT,HHTTHHTT,53,5,0
THTHHTTT,HTHTHTHT,53,6,1
THTTTHTT,HHHTTHTH,53,7,0
HHHTTHHH,TTTTTTHT,53,8,1
HHT,TTT,53,9,1
HTTTHTTT,HHHHTHHH,53,10,0
TTTHHTTT,HHHHHHTH,53,11,0
HHTHHHTH,THTHHTTT,53,12,0
HHTTHHTT,HTHHHHHH,53,13,1
TTHHTTHH,THTHHTTT,53,14,0
HHHTTTHH,THTTTTTT,53,15,1
THTHTTHT,HTHTHTHT,53,16,1
HTT,HHH,53,17,1
THTHTHTT,HHHHHHHH,53,18,1
TTTHTTTT,HTHHHHTT,53,19,0
HTHTTTTT,HTTHHHHT,53,20,0
HHHTHHHT,THTTTTTT,53,21,1
HTHHHHHH,TTTHHTTT,53,22,0
THH,TTT,53,23,1
HTHTHTHT,THTTHTHT,53,24,0
HTTTHTTT,HHHHHHTH,53,25,1
TTTTTTTT,HHHTHHHT,53,26,0
HTHTTTTT,THHHHTTH,53,27,0
HTHTTTTT,HHHTTHHH,53,28,0
HHHTHHHT,TTTTTTHT,53,29,1
HHH,TTH,53,30,0
THHHTHHH,TTTTTTTT,53,31,1
TTTTTHTH,HHHTTHHH,53,32,1
TTHTHTHT,HHHHHHHH,53,33,1
THTHTHTH,THTHTTHT,53,34,0
HTTT,THTH,53,35,1
THTTTTTT,THHHTHHH,53,36,0
TTTHTTT,HHHHHTH,53,37,0
HTTTHTTT,HHHHHHHH,53,38,1
HHTHTHTH,THTTTHTT,53,39,1
HTT,TTT,53,40,1
THTHTTTT,HHHTHHHT,53,41,1
HHHHHHHH,TTTHTTTH,53,42,0
HTHHHHH,TTTHTTT,53,43,1
TTTTTTTT,HTHHTHTH,53,44,0
TTTTTTHT,THHHTHHH,53,45,0
THTTTTT,HHHTHHH,53,46,1
HHHTHHH,TTTTTHT,53,47,1
HHHHHHTH,TTTHTTTH,53,48,0
HHH,HHT,53,49,0
HHTTHHTT,TTTTTTTT,53,50,1
HTHHHHTT,THTTHTTT,53,51,0
HTHTHTHT,HTTTTHHT,53,52,0
HTHHHHHH,HTTTHTTT,53,53,0
HH,TT,53,54,0
HTHT,HTTT,53,55,0
HHH,TTT,53,56,0
TTH,TTT,53,57,1
HTHTHHTH,TTTTTTTT,53,58,1
HHHH,TTTT,53,59,1
HHHHHHTH,HHTTTTHT,53,60,1
TTTTTTTT,TTHHTTHH,53,61,0
HHHHH,TTTTT,53,62,0
HTH,HTT,53,63,0
HHTTHHTT,THTTTTTT,53,64,1
HHTHTTHH,THTTTHTT,54,1,1
HHTHTTHH,HTHHHTHH,54,2,0
THTTTTTT,HHHTTHHH,54,3,0
HHTHHHTH,TTHHTHTT,54,4,0
HTTTTTHT,HHTTHHTT,54,5,0
THTHHTTT,HTHTHTHT,54,6,1
HHHTTHTH,THTTTHTT,54,7,0
TTTTTTHT,HHHTTHHH,54,8,0
TTT,HHT,54,9,0
HHHHTHHH,HTTTHTTT,54,10,0
TTTHHTTT,HHHHHHTH,54,11,1
HHTHHHTH,THTHHTTT,54,12,0
HTHHHHHH,HHTTHHTT,54,13,0
THTHHTTT,TTHHTTHH,54,14,1
THTTTTTT,HHHTTTHH,54,15,0
THTHTTHT,HTHTHTHT,54,16,1
HTT,HHH,54,17,0
THTHTHTT,HHHHHHHH,54,18,1
TTTHTTTT,HTHHHHTT,54,19,0
HTHTTTTT,HTTHHHHT,54,20,0
HHHTHHHT,THTTTTTT,54,21,0
TTTHHTTT,HTHHHHHH,54,22,1
THH,TTT,54,23,1
HTHTHTHT,THTTHTHT,54,24,0
HTTTHTTT,HHHHHHTH,54,25,1
HHHTHHHT,TTTTTTTT,54,26,1
THHHHTTH,HTHTTTTT,54,27,1
HHHTTHHH,HTHTTTTT,54,28,0
HHHTHHHT,TTTTTTHT,54,29,1
HHH,TTH,54,30,0
THHHTHHH,TTTTTTTT,54,31,1
TTTTTHTH,HHHTTHHH,54,32,0
TTHTHTHT,HHHHHHHH,54,33,1
THTHTTHT,THTHTHTH,54,34,0
HTTT,THTH,54,35,1
THTTTTTT,THHHTHHH,54,36,0
TTTHTTT,HHHHHTH,54,37,1
HHHHHHHH,HTTTHTTT,54,38,0
HHTHTHTH,THTTTHTT,54,39,1
TTT,HTT,54,40,0
HHHTHHHT,THTHTTTT,54,41,0
TTTHTTTH,HHHHHHHH,54,42,1
HTHHHHH,TTTHTTT,54,43,0
TTTTTTTT,HTHHTHTH,54,44,1
TTTTTTHT,THHHTHHH,54,45,0
HHHTHHH,THTTTTT,54,46,0
TTTTTHT,HHHTHHH,54,47,0
TTTHTTTH,HHHHHHTH,54,48,1
HHT,HHH,54,49,0
HHTTHHTT,TTTTTTTT,54,50,0
THTTHTTT,HTHHHHTT,54,51,0
HTHTHTHT,HTTTTHHT,54,52,1
HTTTHTTT,HTHHHHHH,54,53,0
TT,HH,54,54,1
HTHT,HTTT,54,55,0
TTT,HHH,54,56,1
TTH,TTT,54,57,0
HTHTHHTH,TTTTTTTT,54,58,1
TTTT,HHHH,54,59,0
HHHHHHTH,HHTTTTHT,54,60,1
TTTTTTTT,TTHHTTHH,54,61,1
HHHHH,TTTTT,54,62,1
HTT,HTH,54,63,0
THTTTTTT,HHTTHHTT,54,64,0
THTTTHTT,HHTHTTHH,55,1,0
HTHHHTHH,HHTHTTHH,55,2,0
HHHTTHHH,THTTTTTT,55,3,1
TTHHTHTT,HHTHHHTH,55,4,1
HTTTTTHT,HHTTHHTT,55,5,0
HTHTHTHT,THTHHTTT,55,6,1
THTTTHTT,HHHTTHTH,55,7,0
HHHTTHHH,TTTTTTHT,55,8,1
HHT,TTT,55,9,1
HTTTHTTT,HHHHTHHH,55,10,1
HHHHHHTH,TTTHHTTT,55,11,0
HHTHHHTH,THTHHTTT,55,12,0
HHTTHHTT,HTHHHHHH,55,13,1
TTHHTTHH,THTHHTTT,55,14,1
HHHTTTHH,THTTTTTT,55,15,1
HTHTHTHT,THTHTTHT,55,16,1
HHH,HTT,55,17,0
THTHTHTT,HHHHHHHH,55,18,1
HTHHHHTT,TTTHTTTT,55,19,1
HTTHHHHT,HTHTTTTT,55,20,1
HHHTHHHT,THTTTTTT,55,21,1
TTTHHTTT,HTHHHHHH,55,22,1
THH,TTT,55,23,1
HTHTHTHT,THTTHTHT,55,24,0
HHHHHHTH,HTTTHTTT,55,25,0
TTTTTTTT,HHHTHHHT,55,26,0
THHHHTTH,HTHTTTTT,55,27,1
HHHTTHHH,HTHTTTTT,55,28,1
HHHTHHHT,TTTTTTHT,55,29,1
TTH,HHH,55,30,1
TTTTTTTT,THHHTHHH,55,31,0
HHHTTHHH,TTTTTHTH,55,32,0
TTHTHTHT,HHHHHHHH,55,33,1
THTHTTHT,THTHTHTH,55,34,1
HTTT,THTH,55,35,0
THHHTHHH,THTTTTTT,55,36,1
TTTHTTT,HHHHHTH,55,37,1
HTTTHTTT,HHHHHHHH,55,38,1
THTTTHTT,HHTHTHTH,55,39,1
HTT,TTT,55,40,1
THTHTTTT,HHHTHHHT,55,41,0
TTTHTTTH,HHHHHHHH,55,42,1
HTHHHHH,TTTHTTT,55,43,1
HTHHTHTH,TTTTTTTT,55,44,1
THHHTHHH,TTTTTTHT,55,45,1
THTTTTT,HHHTHHH,55,46,1
TTTTTHT,HHHTHHH,55,47,0
TTTHTTTH,HHHHHHTH,55,48,1
HHH,HHT,55,49,0
HHTTHHTT,TTTTTTTT,55,50,1
THTTHTTT,HTHHHHTT,55,51,0
HTHTHTHT,HTTTTHHT,55,52,1
HTTTHTTT,HTHHHHHH,55,53,1
HH,TT,55,54,1
HTTT,HTHT,55,55,0
TTT,HHH,55,56,1
TTH,TTT,55,57,1
TTTTTTTT,HTHTHHTH,55,58,0
HHHH,TTTT,55,59,1
HHHHHHTH,HHTTTTHT,55,60,0
TTTTTTTT,TTHHTTHH,55,61,0
HHHHH,TTTTT,55,62,1
HTT,HTH,55,63,0
HHTTHHTT,THTTTTTT,55,64,1
HHTHTTHH,THTTTHTT,56,1,0
HTHHHTHH,HHTHTTHH,56,2,0
THTTTTTT,HHHTTHHH,56,3,0
TTHHTHTT,HHTHHHTH,56,4,0
HHTTHHTT,HTTTTTHT,56,5,1
HTHTHTHT,THTHHTTT,56,6,0
HHHTTHTH,THTTTHTT,56,7,1
TTTTTTHT,HHHTTHHH,56,8,0
TTT,HHT,56,9,0
HHHHTHHH,HTTTHTTT,56,10,0
HHHHHHTH,TTTHHTTT,56,11,0
HHTHHHTH,THTHHTTT,56,12,0
HTHHHHHH,HHTTHHTT,56,13,0
TTHHTTHH,THTHHTTT,56,14,0
HHHTTTHH,THTTTTTT,56,15,1
HTHTHTHT,THTHTTHT,56,16,0
HTT,HHH,56,17,1
THTHTHTT,HHHHHHHH,56,18,1
TTTHTTTT,HTHHHHTT,56,19,0
HTHTTTTT,HTTHHHHT,56,20,0
HHHTHHHT,THTTTTTT,56,21,0
HTHHHHHH,TTTHHTTT,56,22,0
TTT,THH,56,23,0
THTTHTHT,HTHTHTHT,56,24,1
HTTTHTTT,HHHHHHTH,56,25,1
TTTTTTTT,HHHTHHHT,56,26,0
HTHTTTTT,THHHHTTH,56,27,0
HTHTTTTT,HHHTTHHH,56,28,0
TTTTTTHT,HHHTHHHT,56,29,0
TTH,HHH,56,30,1
THHHTHHH,TTTTTTTT,56,31,1
HHHTTHHH,TTTTTHTH,56,32,0
TTHTHTHT,HHHHHHHH,56,33,1
THTHTHTH,THTHTTHT,56,34,0
HTTT,THTH,56,35,1
THTTTTTT,THHHTHHH,56,36,0
HHHHHTH,TTTHTTT,56,37,0
HHHHHHHH,HTTTHTTT,56,38,0
HHTHTHTH,THTTTHTT,56,39,1
TTT,HTT,56,40,0
THTHTTTT,HHHTHHHT,56,41,1
TTTHTTTH,HHHHHHHH,56,42,1
HTHHHHH,TTTHTTT,56,43,0
TTTTTTTT,HTHHTHTH,56,44,0
TTTTTTHT,THHHTHHH,56,45,0
HHHTHHH,THTTTTT,56,46,1
TTTTTHT,HHHTHHH,56,47,1
HHHHHHTH,TTTHTTTH,56,48,0
HHH,HHT,56,49,0
HHTTHHTT,TTTTTTTT,56,50,1
HTHHHHTT,THTTHTTT,56,51,1
HTTTTHHT,HTHTHTHT,56,52,1
HTTTHTTT,HTHHHHHH,56,53,1
HH,TT,56,54,0
HTHT,HTTT,56,55,0
TTT,HHH,56,56,1
TTH,TTT,56,57,1
HTHTHHTH,TTTTTTTT,56,58,1
TTTT,HHHH,56,59,1
HHTTTTHT,HHHHHHTH,56,60,1
TTTTTTTT,TTHHTTHH,56,61,0
TTTTT,HHHHH,56,62,0
HTH,HTT,56,63,1
THTTTTTT,HHTTHHTT,56,64,0
THTTTHTT,HHTHTTHH,57,1,0
HTHHHTHH,HHTHTTHH,57,2,0
HHHTTHHH,THTTTTTT,57,3,1
HHTHHHTH,TTHHTHTT,57,4,0
HHTTHHTT,HTTTTTHT,57,5,0
THTHHTTT,HTHTHTHT,57,6,1
THTTTHTT,HHHTTHTH,57,7,0
HHHTTHHH,TTTTTTHT,57,8,1
HHT,TTT,57,9,1
HTTTHTTT,HHHHTHHH,57,10,1
HHHHHHTH,TTTHHTTT,57,11,0
HHTHHHTH,THTHHTTT,57,12,0
HTHHHHHH,HHTTHHTT,57,13,0
THTHHTTT,TTHHTTHH,57,14,1
HHHTTTHH,THTTTTTT,57,15,1
HTHTHTHT,THTHTTHT,57,16,0
HTT,HHH,57,17,1
HHHHHHHH,THTHTHTT,57,18,0
HTHHHHTT,TTTHTTTT,57,19,0
HTHTTTTT,HTTHHHHT,57,20,0
THTTTTTT,HHHTHHHT,57,21,0
TTTHHTTT,HTHHHHHH,57,22,1
TTT,THH,57,23,0
THTTHTHT,HTHTHTHT,57,24,0
HTTTHTTT,HHHHHHTH,57,25,1
TTTTTTTT,HHHTHHHT,57,26,0
THHHHTTH,HTHTTTTT,57,27,1
HTHTTTTT,HHHTTHHH,57,28,1
TTTTTTHT,HHHTHHHT,57,29,0
TTH,HHH,57,30,1
TTTTTTTT,THHHTHHH,57,31,0
HHHTTHHH,TTTTTHTH,57,32,1
TTHTHTHT,HHHHHHHH,57,33,1
THTHTHTH,THTHTTHT,57,34,1
HTTT,THTH,57,35,1
THTTTTTT,THHHTHHH,57,36,0
TTTHTTT,HHHHHTH,57,37,1
HHHHHHHH,HTTTHTTT,57,38,0
HHTHTHTH,THTTTHTT,57,39,1
HTT,TTT,57,40,1
THTHTTTT,HHHTHHHT,57,41,1
HHHHHHHH,TTTHTTTH,57,42,0
HTHHHHH,TTTHTTT,57,43,1
HTHHTHTH,TTTTTTTT,57,44,1
TTTTTTHT,THHHTHHH,57,45,0
THTTTTT,HHHTHHH,57,46,0
HHHTHHH,TTTTTHT,57,47,0
TTTHTTTH,HHHHHHTH,57,48,1
HHH,HHT,57,49,0
TTTTTTTT,HHTTHHTT,57,50,0
THTTHTTT,HTHHHHTT,57,51,1
HTHTHTHT,HTTTTHHT,57,52,1
HTTTHTTT,HTHHHHHH,57,53,1
HH,TT,57,54,1
HTTT,HTHT,57,55,0
TTT,HHH,57,56,0
TTT,TTH,57,57,0
TTTTTTTT,HTHTHHTH,57,58,0
HHHH,TTTT,57,59,1
HHHHHHTH,HHTTTTHT,57,60,0
TTTTTTTT,TTHHTTHH,57,61,0
HHHHH,TTTTT,57,62,1
HTH,HTT,57,63,1
THTTTTTT,HHTTHHTT,57,64,0
HHTHTTHH,THTTTHTT,58,1,1
HTHHHTHH,HHTHTTHH,58,2,0
HHHTTHHH,THTTTTTT,58,3,1
TTHHTHTT,HHTHHHTH,58,4,0
HHTTHHTT,HTTTTTHT,58,5,1
THTHHTTT,HTHTHTHT,58,6,0
HHHTTHTH,THTTTHTT,58,7,1
TTTTTTHT,HHHTTHHH,58,8,0
TTT,HHT,58,9,0
HTTTHTTT,HHHHTHHH,58,10,1
TTTHHTTT,HHHHHHTH,58,11,0
THTHHTTT,HHTHHHTH,58,12,0
HHTTHHTT,HTHHHHHH,58,13,0
TTHHTTHH,THTHHTTT,58,14,0
THTTTTTT,HHHTTTHH,58,15,0
HTHTHTHT,THTHTTHT,58,16,0
HTT,HHH,58,17,1
HHHHHHHH,THTHTHTT,58,18,0
TTTHTTTT,HTHHHHTT,58,19,0
HTHTTTTT,HTTHHHHT,58,20,0
HHHTHHHT,THTTTTTT,58,21,1
TTTHHTTT,HTHHHHHH,58,22,1
TTT,THH,58,23,0
HTHTHTHT,THTTHTHT,58,24,1
HHHHHHTH,HTTTHTTT,58,25,0
HHHTHHHT,TTTTTTTT,58,26,1
THHHHTTH,HTHTTTTT,58,27,0
HHHTTHHH,HTHTTTTT,58,28,1
HHHTHHHT,TTTTTTHT,58,29,1
HHH,TTH,58,30,0
THHHTHHH,TTTTTTTT,58,31,1
HHHTTHHH,TTTTTHTH,58,32,1
TTHTHTHT,HHHHHHHH,58,33,1
THTHTTHT,THTHTHTH,58,34,1
HTTT,THTH,58,35,0
THHHTHHH,THTTTTTT,58,36,1
TTTHTTT,HHHHHTH,58,37,1
HTTTHTTT,HHHHHHHH,58,38,1
THTTTHTT,HHTHTHTH,58,39,1
HTT,TTT,58,40,1
THTHTTTT,HHHTHHHT,58,41,1
TTTHTTTH,HHHHHHHH,58,42,1
HTHHHHH,TTTHTTT,58,43,1
TTTTTTTT,HTHHTHTH,58,44,0
THHHTHHH,TTTTTTHT,58,45,1
THTTTTT,HHHTHHH,58,46,0
HHHTHHH,TTTTTHT,58,47,1
TTTHTTTH,HHHHHHTH,58,48,1
HHH,HHT,58,49,0
HHTTHHTT,TTTTTTTT,58,50,1
HTHHHHTT,THTTHTTT,58,51,1
HTHTHTHT,HTTTTHHT,58,52,1
HTTTHTTT,HTHHHHHH,58,53,0
HH,TT,58,54,1
HTHT,HTTT,58,55,1
HHH,TTT,58,56,0
TTH,TTT,58,57,1
HTHTHHTH,TTTTTTTT,58,58,1
TTTT,HHHH,58,59,1
HHHHHHTH,HHTTTTHT,58,60,1
TTTTTTTT,TTHHTTHH,58,61,0
HHHHH,TTTTT,58,62,1
HTH,HTT,58,63,1
THTTTTTT,HHTTHHTT,58,64,0
THTTTHTT,HHTHTTHH,59,1,1
HTHHHTHH,HHTHTTHH,59,2,1
THTTTTTT,HHHTTHHH,59,3,1
HHTHHHTH,TTHHTHTT,59,4,1
HTTTTTHT,HHTTHHTT,59,5,1
THTHHTTT,HTHTHTHT,59,6,1
HHHTTHTH,THTTTHTT,59,7,1
TTTTTTHT,HHHTTHHH,59,8,1
TTT,HHT,59,9,0
HTTTHTTT,HHHHTHHH,59,10,0
HHHHHHTH,TTTHHTTT,59,11,1
HHTHHHTH,THTHHTTT,59,12,1
HTHHHHHH,HHTTHHTT,59,13,1
THTHHTTT,TTHHTTHH,59,14,1
HHHTTTHH,THTTTTTT,59,15,0
HTHTHTHT,THTHTTHT,59,16,0
HTT,HHH,59,17,1
HHHHHHHH,THTHTHTT,59,18,0
TTTHTTTT,HTHHHHTT,59,19,0
HTTHHHHT,HTHTTTTT,59,20,1
HHHTHHHT,THTTTTTT,59,21,1
HTHHHHHH,TTTHHTTT,59,22,1
TTT,THH,59,23,0
HTHTHTHT,THTTHTHT,59,24,0
HTTTHTTT,HHHHHHTH,59,25,0
HHHTHHHT,TTTTTTTT,59,26,1
THHHHTTH,HTHTTTTT,59,27,0
HHHTTHHH,HTHTTTTT,59,28,0
TTTTTTHT,HHHTHHHT,59,29,1
TTH,HHH,59,30,1
THHHTHHH,TTTTTTTT,59,31,1
TTTTTHTH,HHHTTHHH,59,32,1
HHHHHHHH,TTHTHTHT,59,33,0
THTHTTHT,THTHTHTH,59,34,1
THTH,HTTT,59,35,1
THTTTTTT,THHHTHHH,59,36,0
TTTHTTT,HHHHHTH,59,37,0
HHHHHHHH,HTTTHTTT,59,38,0
HHTHTHTH,THTTTHTT,59,39,0
TTT,HTT,59,40,0
HHHTHHHT,THTHTTTT,59,41,0
HHHHHHHH,TTTHTTTH,59,42,0
HTHHHHH,TTTHTTT,59,43,1
HTHHTHTH,TTTTTTTT,59,44,1
TTTTTTHT,THHHTHHH,59,45,0
THTTTTT,HHHTHHH,59,46,1
HHHTHHH,TTTTTHT,59,47,0
TTTHTTTH,HHHHHHTH,59,48,1
HHT,HHH,59,49,1
TTTTTTTT,HHTTHHTT,59,50,0
THTTHTTT,HTHHHHTT,59,51,1
HTTTTHHT,HTHTHTHT,59,52,1
HTTTHTTT,HTHHHHHH,59,53,0
TT,HH,59,54,0
HTHT,HTTT,59,55,1
TTT,HHH,59,56,0
TTH,TTT,59,57,1
TTTTTTTT,HTHTHHTH,59,58,0
TTTT,HHHH,59,59,0
HHHHHHTH,HHTTTTHT,59,60,0
TTTTTTTT,TTHHTTHH,59,61,0
HHHHH,TTTTT,59,62,1
HTT,HTH,59,63,1
HHTTHHTT,THTTTTTT,59,64,1
THTTTHTT,HHTHTTHH,60,1,0
HHTHTTHH,HTHHHTHH,60,2,1
HHHTTHHH,THTTTTTT,60,3,1
HHTHHHTH,TTHHTHTT,60,4,0
HHTTHHTT,HTTTTTHT,60,5,1
THTHHTTT,HTHTHTHT,60,6,1
THTTTHTT,HHHTTHTH,60,7,0
TTTTTTHT,HHHTTHHH,60,8,0
HHT,TTT,60,9,0
HTTTHTTT,HHHHTHHH,60,10,1
HHHHHHTH,TTTHHTTT,60,11,0
HHTHHHTH,THTHHTTT,60,12,0
HTHHHHHH,HHTTHHTT,60,13,0
THTHHTTT,TTHHTTHH,60,14,1
THTTTTTT,HHHTTTHH,60,15,0
THTHTTHT,HTHTHTHT,60,16,1
HHH,HTT,60,17,1
HHHHHHHH,THTHTHTT,60,18,1
HTHHHHTT,TTTHTTTT,60,19,1
HTTHHHHT,HTHTTTTT,60,20,1
HHHTHHHT,THTTTTTT,60,21,1
HTHHHHHH,TTTHHTTT,60,22,0
TTT,THH,60,23,0
HTHTHTHT,THTTHTHT,60,24,0
HHHHHHTH,HTTTHTTT,60,25,0
HHHTHHHT,TTTTTTTT,60,26,1
HTHTTTTT,THHHHTTH,60,27,0
HTHTTTTT,HHHTTHHH,60,28,0
TTTTTTHT,HHHTHHHT,60,29,0
TTH,HHH,60,30,1
THHHTHHH,TTTTTTTT,60,31,1
TTTTTHTH,HHHTTHHH,60,32,0
TTHTHTHT,HHHHHHHH,60,33,1
THTHTTHT,THTHTHTH,60,34,1
THTH,HTTT,60,35,1
THHHTHHH,THTTTTTT,60,36,1
TTTHTTT,HHHHHTH,60,37,1
HHHHHHHH,HTTTHTTT,60,38,0
HHTHTHTH,THTTTHTT,60,39,1
TTT,HTT,60,40,0
THTHTTTT,HHHTHHHT,60,41,1
TTTHTTTH,HHHHHHHH,60,42,1
TTTHTTT,HTHHHHH,60,43,1
TTTTTTTT,HTHHTHTH,60,44,0
TTTTTTHT,THHHTHHH,60,45,0
THTTTTT,HHHTHHH,60,46,0
HHHTHHH,TTTTTHT,60,47,1
TTTHTTTH,HHHHHHTH,60,48,1
HHH,HHT,60,49,0
HHTTHHTT,TTTTTTTT,60,50,1
THTTHTTT,HTHHHHTT,60,51,1
HTHTHTHT,HTTTTHHT,60,52,0
HTTTHTTT,HTHHHHHH,60,53,1
TT,HH,60,54,0
HTTT,HTHT,60,55,1
TTT,HHH,60,56,1
TTT,TTH,60,57,0
TTTTTTTT,HTHTHHTH,60,58,0
TTTT,HHHH,60,59,0
HHTTTTHT,HHHHHHTH,60,60,1
TTHHTTHH,TTTTTTTT,60,61,1
HHHHH,TTTTT,60,62,1
HTT,HTH,60,63,1
THTTTTTT,HHTTHHTT,60,64,0
THTTTHTT,HHTHTTHH,61,1,0
HHTHTTHH,HTHHHTHH,61,2,1
HHHTTHHH,THTTTTTT,61,3,1
TTHHTHTT,HHTHHHTH,61,4,1
HTTTTTHT,HHTTHHTT,61,5,1
THTHHTTT,HTHTHTHT,61,6,1
HHHTTHTH,THTTTHTT,61,7,1
TTTTTTHT,HHHTTHHH,61,8,0
HHT,TTT,61,9,1
HTTTHTTT,HHHHTHHH,61,10,1
TTTHHTTT,HHHHHHTH,61,11,1
HHTHHHTH,THTHHTTT,61,12,0
HHTTHHTT,HTHHHHHH,61,13,0
TTHHTTHH,THTHHTTT,61,14,0
THTTTTTT,HHHTTTHH,61,15,0
HTHTHTHT,THTHTTHT,61,16,0
HTT,HHH,61,17,1
THTHTHTT,HHHHHHHH,61,18,1
TTTHTTTT,HTHHHHTT,61,19,0
HTTHHHHT,HTHTTTTT,61,20,1
HHHTHHHT,THTTTTTT,61,21,1
HTHHHHHH,TTTHHTTT,61,22,0
TTT,THH,61,23,0
HTHTHTHT,THTTHTHT,61,24,0
HHHHHHTH,HTTTHTTT,61,25,0
TTTTTTTT,HHHTHHHT,61,26,0
THHHHTTH,HTHTTTTT,61,27,1
HHHTTHHH,HTHTTTTT,61,28,1
HHHTHHHT,TTTTTTHT,61,29,1
TTH,HHH,61,30,1
THHHTHHH,TTTTTTTT,61,31,1
HHHTTHHH,TTTTTHTH,61,32,1
HHHHHHHH,TTHTHTHT,61,33,0
THTHTTHT,THTHTHTH,61,34,1
THTH,HTTT,61,35,1
THHHTHHH,THTTTTTT,61,36,1
HHHHHTH,TTTHTTT,61,37,1
HTTTHTTT,HHHHHHHH,61,38,1
THTTTHTT,HHTHTHTH,61,39,1
HTT,TTT,61,40,1
HHHTHHHT,THTHTTTT,61,41,0
TTTHTTTH,HHHHHHHH,61,42,1
HTHHHHH,TTTHTTT,61,43,0
TTTTTTTT,HTHHTHTH,61,44,0
THHHTHHH,TTTTTTHT,61,45,0
HHHTHHH,THTTTTT,61,46,0
HHHTHHH,TTTTTHT,61,47,0
HHHHHHTH,TTTHTTTH,61,48,1
HHH,HHT,61,49,0
TTTTTTTT,HHTTHHTT,61,50,0
HTHHHHTT,THTTHTTT,61,51,0
HTHTHTHT,HTTTTHHT,61,52,0
HTTTHTTT,HTHHHHHH,61,53,1
HH,TT,61,54,1
HTHT,HTTT,61,55,0
TTT,HHH,61,56,0
TTT,TTH,61,57,0
TTTTTTTT,HTHTHHTH,61,58,0
TTTT,HHHH,61,59,1
HHHHHHTH,HHTTTTHT,61,60,0
TTTTTTTT,TTHHTTHH,61,61,0
TTTTT,HHHHH,61,62,1
HTH,HTT,61,63,1
THTTTTTT,HHTTHHTT,61,64,1
HHTHTTHH,THTTTHTT,62,1,1
HHTHTTHH,HTHHHTHH,62,2,1
HHHTTHHH,THTTTTTT,62,3,0
HHTHHHTH,TTHHTHTT,62,4,0
HTTTTTHT,HHTTHHTT,62,5,1
HTHTHTHT,THTHHTTT,62,6,0
HHHTTHTH,THTTTHTT,62,7,1
TTTTTTHT,HHHTTHHH,62,8,1
HHT,TTT,62,9,1
HTTTHTTT,HHHHTHHH,62,10,1
HHHHHHTH,TTTHHTTT,62,11,1
HHTHHHTH,THTHHTTT,62,12,1
HTHHHHHH,HHTTHHTT,62,13,1
TTHHTTHH,THTHHTTT,62,14,0
THTTTTTT,HHHTTTHH,62,15,1
THTHTTHT,HTHTHTHT,62,16,1
HTT,HHH,62,17,1
HHHHHHHH,THTHTHTT,62,18,1
HTHHHHTT,TTTHTTTT,62,19,1
HTHTTTTT,HTTHHHHT,62,20,1
THTTTTTT,HHHTHHHT,62,21,1
TTTHHTTT,HTHHHHHH,62,22,1
TTT,THH,62,23,0
HTHTHTHT,THTTHTHT,62,24,0
HHHHHHTH,HTTTHTTT,62,25,0
TTTTTTTT,HHHTHHHT,62,26,0
HTHTTTTT,THHHHTTH,62,27,1
HHHTTHHH,HTHTTTTT,62,28,0
HHHTHHHT,TTTTTTHT,62,29,0
HHH,TTH,62,30,0
TTTTTTTT,THHHTHHH,62,31,0
TTTTTHTH,HHHTTHHH,62,32,1
TTHTHTHT,HHHHHHHH,62,33,1
THTHTTHT,THTHTHTH,62,34,1
HTTT,THTH,62,35,1
THTTTTTT,THHHTHHH,62,36,1
TTTHTTT,HHHHHTH,62,37,0
HTTTHTTT,HHHHHHHH,62,38,1
THTTTHTT,HHTHTHTH,62,39,1
HTT,TTT,62,40,1
HHHTHHHT,THTHTTTT,62,41,1
TTTHTTTH,HHHHHHHH,62,42,1
TTTHTTT,HTHHHHH,62,43,0
HTHHTHTH,TTTTTTTT,62,44,1
THHHTHHH,TTTTTTHT,62,45,1
HHHTHHH,THTTTTT,62,46,0
HHHTHHH,TTTTTHT,62,47,0
TTTHTTTH,HHHHHHTH,62,48,0
HHT,HHH,62,49,1
TTTTTTTT,HHTTHHTT,62,50,0
HTHHHHTT,THTTHTTT,62,51,0
HTTTTHHT,HTHTHTHT,62,52,1
HTHHHHHH,HTTTHTTT,62,53,1
TT,HH,62,54,1
HTHT,HTTT,62,55,0
TTT,HHH,62,56,1
TTH,TTT,62,57,1
HTHTHHTH,TTTTTTTT,62,58,1
TTTT,HHHH,62,59,1
HHHHHHTH,HHTTTTHT,62,60,1
TTTTTTTT,TTHHTTHH,62,61,0
HHHHH,TTTTT,62,62,0
HTH,HTT,62,63,0
HHTTHHTT,THTTTTTT,62,64,0
HHTHTTHH,THTTTHTT,63,1,0
HHTHTTHH,HTHHHTHH,63,2,1
THTTTTTT,HHHTTHHH,63,3,0
TTHHTHTT,HHTHHHTH,63,4,1
HHTTHHTT,HTTTTTHT,63,5,0
THTHHTTT,HTHTHTHT,63,6,1
HHHTTHTH,THTTTHTT,63,7,1
TTTTTTHT,HHHTTHHH,63,8,0
HHT,TTT,63,9,1
HTTTHTTT,HHHHTHHH,63,10,1
TTTHHTTT,HHHHHHTH,63,11,1
THTHHTTT,HHTHHHTH,63,12,1
HHTTHHTT,HTHHHHHH,63,13,1
THTHHTTT,TTHHTTHH,63,14,1
THTTTTTT,HHHTTTHH,63,15,0
THTHTTHT,HTHTHTHT,63,16,1
HTT,HHH,63,17,1
THTHTHTT,HHHHHHHH,63,18,1
HTHHHHTT,TTTHTTTT,63,19,1
HTTHHHHT,HTHTTTTT,63,20,1
HHHTHHHT,THTTTTTT,63,21,1
HTHHHHHH,TTTHHTTT,63,22,0
TTT,THH,63,23,0
THTTHTHT,HTHTHTHT,63,24,1
HHHHHHTH,HTTTHTTT,63,25,0
TTTTTTTT,HHHTHHHT,63,26,0
HTHTTTTT,THHHHTTH,63,27,0
HHHTTHHH,HTHTTTTT,63,28,0
TTTTTTHT,HHHTHHHT,63,29,0
TTH,HHH,63,30,1
THHHTHHH,TTTTTTTT,63,31,1
HHHTTHHH,TTTTTHTH,63,32,0
HHHHHHHH,TTHTHTHT,63,33,0
THTHTTHT,THTHTHTH,63,34,1
THTH,HTTT,63,35,0
THHHTHHH,THTTTTTT,63,36,1
TTTHTTT,HHHHHTH,63,37,1
HTTTHTTT,HHHHHHHH,63,38,1
THTTTHTT,HHTHTHTH,63,39,1
HTT,TTT,63,40,1
THTHTTTT,HHHTHHHT,63,41,1
TTTHTTTH,HHHHHHHH,63,42,1
TTTHTTT,HTHHHHH,63,43,0
HTHHTHTH,TTTTTTTT,63,44,1
TTTTTTHT,THHHTHHH,63,45,0
THTTTTT,HHHTHHH,63,46,1
HHHTHHH,TTTTTHT,63,47,0
HHHHHHTH,TTTHTTTH,63,48,1
HHT,HHH,63,49,1
HHTTHHTT,TTTTTTTT,63,50,1
HTHHHHTT,THTTHTTT,63,51,0
HTHTHTHT,HTTTTHHT,63,52,0
HTHHHHHH,HTTTHTTT,63,53,0
TT,HH,63,54,1
HTTT,HTHT,63,55,1
TTT,HHH,63,56,1
TTH,TTT,63,57,1
HTHTHHTH,TTTTTTTT,63,58,1
TTTT,HHHH,63,59,1
HHTTTTHT,HHHHHHTH,63,60,1
TTTTTTTT,TTHHTTHH,63,61,0
TTTTT,HHHHH,63,62,1
HTH,HTT,63,63,0
THTTTTTT,HHTTHHTT,63,64,0
THTTTHTT,HHTHTTHH,64,1,0
HTHHHTHH,HHTHTTHH,64,2,0
THTTTTTT,HHHTTHHH,64,3,0
HHTHHHTH,TTHHTHTT,64,4,1
HHTTHHTT,HTTTTTHT,64,5,1
HTHTHTHT,THTHHTTT,64,6,1
THTTTHTT,HHHTTHTH,64,7,0
TTTTTTHT,HHHTTHHH,64,8,1
TTT,HHT,64,9,0
HTTTHTTT,HHHHTHHH,64,10,1
HHHHHHTH,TTTHHTTT,64,11,1
HHTHHHTH,THTHHTTT,64,12,1
HHTTHHTT,HTHHHHHH,64,13,1
THTHHTTT,TTHHTTHH,64,14,0
THTTTTTT,HHHTTTHH,64,15,0
THTHTTHT,HTHTHTHT,64,16,0
HHH,HTT,64,17,0
HHHHHHHH,THTHTHTT,64,18,1
TTTHTTTT,HTHHHHTT,64,19,0
HTTHHHHT,HTHTTTTT,64,20,1
THTTTTTT,HHHTHHHT,64,21,1
TTTHHTTT,HTHHHHHH,64,22,1
THH,TTT,64,23,0
THTTHTHT,HTHTHTHT,64,24,0
HTTTHTTT,HHHHHHTH,64,25,1
TTTTTTTT,HHHTHHHT,64,26,1
HTHTTTTT,THHHHTTH,64,27,1
HTHTTTTT,HHHTTHHH,64,28,0
TTTTTTHT,HHHTHHHT,64,29,0
HHH,TTH,64,30,0
THHHTHHH,TTTTTTTT,64,31,0
TTTTTHTH,HHHTTHHH,64,32,0
HHHHHHHH,TTHTHTHT,64,33,1
THTHTTHT,THTHTHTH,64,34,1
THTH,HTTT,64,35,0
THHHTHHH,THTTTTTT,64,36,1
TTTHTTT,HHHHHTH,64,37,1
HTTTHTTT,HHHHHHHH,64,38,1
HHTHTHTH,THTTTHTT,64,39,1
TTT,HTT,64,40,0
THTHTTTT,HHHTHHHT,64,41,0
TTTHTTTH,HHHHHHHH,64,42,1
HTHHHHH,TTTHTTT,64,43,1
HTHHTHTH,TTTTTTTT,64,44,1
TTTTTTHT,THHHTHHH,64,45,1
HHHTHHH,THTTTTT,64,46,1
TTTTTHT,HHHTHHH,64,47,0
TTTHTTTH,HHHHHHTH,64,48,0
HHT,HHH,64,49,1
TTTTTTTT,HHTTHHTT,64,50,0
HTHHHHTT,THTTHTTT,64,51,1
HTHTHTHT,HTTTTHHT,64,52,1
HTHHHHHH,HTTTHTTT,64,53,1
TT,HH,64,54,0
HTHT,HTTT,64,55,1
TTT,HHH,64,56,0
TTT,TTH,64,57,0
HTHTHHTH,TTTTTTTT,64,58,1
HHHH,TTTT,64,59,1
HHTTTTHT,HHHHHHTH,64,60,1
TTHHTTHH,TTTTTTTT,64,61,1
TTTTT,HHHHH,64,62,0
HTH,HTT,64,63,1
THTTTTTT,HHTTHHTT,64,64,0
HHTHTTHH,THTTTHTT,65,1,0
HHTHTTHH,HTHHHTHH,65,2,0
HHHTTHHH,THTTTTTT,65,3,0
HHTHHHTH,TTHHTHTT,65,4,1
HTTTTTHT,HHTTHHTT,65,5,1
HTHTHTHT,THTHHTTT,65,6,0
HHHTTHTH,THTTTHTT,65,7,1
TTTTTTHT,HHHTTHHH,65,8,1
TTT,HHT,65,9,1
HHHHTHHH,HTTTHTTT,65,10,1
HHHHHHTH,TTTHHTTT,65,11,1
HHTHHHTH,THTHHTTT,65,12,0
HHTTHHTT,HTHHHHHH,65,13,0
THTHHTTT,TTHHTTHH,65,14,1
HHHTTTHH,THTTTTTT,65,15,0
THTHTTHT,HTHTHTHT,65,16,1
HHH,HTT,65,17,1
HHHHHHHH,THTHTHTT,65,18,1
TTTHTTTT,HTHHHHTT,65,19,1
HTHTTTTT,HTTHHHHT,65,20,1
THTTTTTT,HHHTHHHT,65,21,1
TTTHHTTT,HTHHHHHH,65,22,0
TTT,THH,65,23,1
HTHTHTHT,THTTHTHT,65,24,0
HHHHHHTH,HTTTHTTT,65,25,1
HHHTHHHT,TTTTTTTT,65,26,0
THHHHTTH,HTHTTTTT,65,27,0
HTHTTTTT,HHHTTHHH,65,28,1
HHHTHHHT,TTTTTTHT,65,29,0
TTH,HHH,65,30,0
TTTTTTTT,THHHTHHH,65,31,1
TTTTTHTH,HHHTTHHH,65,32,1
TTHTHTHT,HHHHHHHH,65,33,0
THTHTHTH,THTHTTHT,65,34,1
THTH,HTTT,65,35,0
THTTTTTT,THHHTHHH,65,36,1
TTTHTTT,HHHHHTH,65,37,0
HTTTHTTT,HHHHHHHH,65,38,0
THTTTHTT,HHTHTHTH,65,39,1
TTT,HTT,65,40,1
HHHTHHHT,THTHTTTT,65,41,0
HHHHHHHH,TTTHTTTH,65,42,1
TTTHTTT,HTHHHHH,65,43,0
HTHHTHTH,TTTTTTTT,65,44,0
THHHTHHH,TTTTTTHT,65,45,0
THTTTTT,HHHTHHH,65,46,1
HHHTHHH,TTTTTHT,65,47,0
HHHHHHTH,TTTHTTTH,65,48,1
HHH,HHT,65,49,1
TTTTTTTT,HHTTHHTT,65,50,1
HTHHHHTT,THTTHTTT,65,51,1
HTTTTHHT,HTHTHTHT,65,52,1
HTHHHHHH,HTTTHTTT,65,53,1
TT,HH,65,54,0
HTHT,HTTT,65,55,0
HHH,TTT,65,56,1
TTT,TTH,65,57,1
TTTTTTTT,HTHTHHTH,65,58,1
HHHH,TTTT,65,59,0
HHTTTTHT,HHHHHHTH,65,60,0
TTTTTTTT,TTHHTTHH,65,61,1
TTTTT,HHHHH,65,62,0
HTH,HTT,65,63,0
THTTTTTT,HHTTHHTT,65,64,1
HHTHTTHH,THTTTHTT,66,1,1
HTHHHTHH,HHTHTTHH,66,2,0
HHHTTHHH,THTTTTTT,66,3,1
HHTHHHTH,TTHHTHTT,66,4,0
HHTTHHTT,HTTTTTHT,66,5,1
HTHTHTHT,THTHHTTT,66,6,1
THTTTHTT,HHHTTHTH,66,7,1
TTTTTTHT,HHHTTHHH,66,8,0
TTT,HHT,66,9,0
HHHHTHHH,HTTTHTTT,66,10,1
TTTHHTTT,HHHHHHTH,66,11,1
THTHHTTT,HHTHHHTH,66,12,0
HHTTHHTT,HTHHHHHH,66,13,1
TTHHTTHH,THTHHTTT,66,14,1
HHHTTTHH,THTTTTTT,66,15,0
THTHTTHT,HTHTHTHT,66,16,0
HTT,HHH,66,17,1
HHHHHHHH,THTHTHTT,66,18,0
TTTHTTTT,HTHHHHTT,66,19,1
HTTHHHHT,HTHTTTTT,66,20,1
HHHTHHHT,THTTTTTT,66,21,1
TTTHHTTT,HTHHHHHH,66,22,1
TTT,THH,66,23,0
HTHTHTHT,THTTHTHT,66,24,0
HHHHHHTH,HTTTHTTT,66,25,1
TTTTTTTT,HHHTHHHT,66,26,0
THHHHTTH,HTHTTTTT,66,27,1
HHHTTHHH,HTHTTTTT,66,28,1
HHHTHHHT,TTTTTTHT,66,29,0
TTH,HHH,66,30,1
TTTTTTTT,THHHTHHH,66,31,0
TTTTTHTH,HHHTTHHH,66,32,1
HHHHHHHH,TTHTHTHT,66,33,0
THTHTTHT,THTHTHTH,66,34,1
THTH,HTTT,66,35,0
THHHTHHH,THTTTTTT,66,36,0
HHHHHTH,TTTHTTT,66,37,1
HTTTHTTT,HHHHHHHH,66,38,1
THTTTHTT,HHTHTHTH,66,39,1
TTT,HTT,66,40,0
THTHTTTT,HHHTHHHT,66,41,1
HHHHHHHH,TTTHTTTH,66,42,0
TTTHTTT,HTHHHHH,66,43,1
TTTTTTTT,HTHHTHTH,66,44,0
THHHTHHH,TTTTTTHT,66,45,0
HHHTHHH,THTTTTT,66,46,0
HHHTHHH,TTTTTHT,66,47,0
HHHHHHTH,TTTHTTTH,66,48,1
HHT,HHH,66,49,1
TTTTTTTT,HHTTHHTT,66,50,0
HTHHHHTT,THTTHTTT,66,51,1
HTHTHTHT,HTTTTHHT,66,52,1
HTTTHTTT,HTHHHHHH,66,53,0
TT,HH,66,54,1
HTHT,HTTT,66,55,0
TTT,HHH,66,56,0
TTT,TTH,66,57,0
HTHTHHTH,TTTTTTTT,66,58,0
HHHH,TTTT,66,59,1
HHHHHHTH,HHTTTTHT,66,60,0
TTHHTTHH,TTTTTTTT,66,61,0
HHHHH,TTTTT,66,62,0
HTH,HTT,66,63,0
HHTTHHTT,THTTTTTT,66,64,1
THTTTHTT,HHTHTTHH,67,1,1
HTHHHTHH,HHTHTTHH,67,2,1
THTTTTTT,HHHTTHHH,67,3,0
TTHHTHTT,HHTHHHTH,67,4,0
HTTTTTHT,HHTTHHTT,67,5,0
THTHHTTT,HTHTHTHT,67,6,1
HHHTTHTH,THTTTHTT,67,7,1
TTTTTTHT,HHHTTHHH,67,8,0
HHT,TTT,67,9,1
HHHHTHHH,HTTTHTTT,67,10,0
HHHHHHTH,TTTHHTTT,67,11,1
THTHHTTT,HHTHHHTH,67,12,0
HTHHHHHH,HHTTHHTT,67,13,0
TTHHTTHH,THTHHTTT,67,14,0
HHHTTTHH,THTTTTTT,67,15,1
HTHTHTHT,THTHTTHT,67,16,0
HTT,HHH,67,17,1
THTHTHTT,HHHHHHHH,67,18,1
HTHHHHTT,TTTHTTTT,67,19,1
HTHTTTTT,HTTHHHHT,67,20,0
THTTTTTT,HHHTHHHT,67,21,0
HTHHHHHH,TTTHHTTT,67,22,0
TTT,THH,67,23,0
THTTHTHT,HTHTHTHT,67,24,1
HTTTHTTT,HHHHHHTH,67,25,0
HHHTHHHT,TTTTTTTT,67,26,1
THHHHTTH,HTHTTTTT,67,27,1
HTHTTTTT,HHHTTHHH,67,28,1
TTTTTTHT,HHHTHHHT,67,29,0
TTH,HHH,67,30,1
TTTTTTTT,THHHTHHH,67,31,0
HHHTTHHH,TTTTTHTH,67,32,1
HHHHHHHH,TTHTHTHT,67,33,0
THTHTHTH,THTHTTHT,67,34,0
THTH,HTTT,67,35,0
THTTTTTT,THHHTHHH,67,36,0
HHHHHTH,TTTHTTT,67,37,1
HHHHHHHH,HTTTHTTT,67,38,0
THTTTHTT,HHTHTHTH,67,39,1
TTT,HTT,67,40,0
THTHTTTT,HHHTHHHT,67,41,1
TTTHTTTH,HHHHHHHH,67,42,1
HTHHHHH,TTTHTTT,67,43,1
HTHHTHTH,TTTTTTTT,67,44,1
TTTTTTHT,THHHTHHH,67,45,1
HHHTHHH,THTTTTT,67,46,0
HHHTHHH,TTTTTHT,67,47,0
TTTHTTTH,HHHHHHTH,67,48,1
HHH,HHT,67,49,0
HHTTHHTT,TTTTTTTT,67,50,1
HTHHHHTT,THTTHTTT,67,51,1
HTHTHTHT,HTTTTHHT,67,52,0
HTTTHTTT,HTHHHHHH,67,53,0
HH,TT,67,54,1
HTHT,HTTT,67,55,0
TTT,HHH,67,56,1
TTH,TTT,67,57,1
HTHTHHTH,TTTTTTTT,67,58,1
HHHH,TTTT,67,59,1
HHTTTTHT,HHHHHHTH,67,60,0
TTHHTTHH,TTTTTTTT,67,61,1
TTTTT,HHHHH,67,62,0
HTT,HTH,67,63,1
HHTTHHTT,THTTTTTT,67,64,0
HHTHTTHH,THTTTHTT,68,1,1
HTHHHTHH,HHTHTTHH,68,2,0
HHHTTHHH,THTTTTTT,68,3,0
TTHHTHTT,HHTHHHTH,68,4,1
HHTTHHTT,HTTTTTHT,68,5,1
THTHHTTT,HTHTHTHT,68,6,1
HHHTTHTH,THTTTHTT,68,7,0
TTTTTTHT,HHHTTHHH,68,8,1
HHT,TTT,68,9,0
HHHHTHHH,HTTTHTTT,68,10,0
HHHHHHTH,TTTHHTTT,68,11,0
HHTHHHTH,THTHHTTT,68,12,0
HHTTHHTT,HTHHHHHH,68,13,1
TTHHTTHH,THTHHTTT,68,14,0
THTTTTTT,HHHTTTHH,68,15,0
HTHTHTHT,THTHTTHT,68,16,0
HTT,HHH,68,17,0
THTHTHTT,HHHHHHHH,68,18,1
TTTHTTTT,HTHHHHTT,68,19,1
HTTHHHHT,HTHTTTTT,68,20,0
THTTTTTT,HHHTHHHT,68,21,0
HTHHHHHH,TTTHHTTT,68,22,0
TTT,THH,68,23,0
HTHTHTHT,THTTHTHT,68,24,0
HTTTHTTT,HHHHHHTH,68,25,0
TTTTTTTT,HHHTHHHT,68,26,0
HTHTTTTT,THHHHTTH,68,27,0
HHHTTHHH,HTHTTTTT,68,28,0
HHHTHHHT,TTTTTTHT,68,29,0
HHH,TTH,68,30,0
THHHTHHH,TTTTTTTT,68,31,1
TTTTTHTH,HHHTTHHH,68,32,0
TTHTHTHT,HHHHHHHH,68,33,1
THTHTTHT,THTHTHTH,68,34,1
HTTT,THTH,68,35,1
THHHTHHH,THTTTTTT,68,36,0
HHHHHTH,TTTHTTT,68,37,1
HHHHHHHH,HTTTHTTT,68,38,0
THTTTHTT,HHTHTHTH,68,39,1
TTT,HTT,68,40,0
HHHTHHHT,THTHTTTT,68,41,0
TTTHTTTH,HHHHHHHH,68,42,1
TTTHTTT,HTHHHHH,68,43,1
TTTTTTTT,HTHHTHTH,68,44,0
TTTTTTHT,THHHTHHH,68,45,1
THTTTTT,HHHTHHH,68,46,1
TTTTTHT,HHHTHHH,68,47,1
HHHHHHTH,TTTHTTTH,68,48,0
HHT,HHH,68,49,1
TTTTTTTT,HHTTHHTT,68,50,0
THTTHTTT,HTHHHHTT,68,51,1
HTHTHTHT,HTTTTHHT,68,52,0
HTHHHHHH,HTTTHTTT,68,53,0
TT,HH,68,54,0
HTTT,HTHT,68,55,1
HHH,TTT,68,56,1
TTT,TTH,68,57,0
TTTTTTTT,HTHTHHTH,68,58,0
TTTT,HHHH,68,59,1
HHHHHHTH,HHTTTTHT,68,60,0
TTTTTTTT,TTHHTTHH,68,61,0
TTTTT,HHHHH,68,62,0
HTT,HTH,68,63,0
THTTTTTT,HHTTHHTT,68,64,0
HHTHTTHH,THTTTHTT,69,1,1
HHTHTTHH,HTHHHTHH,69,2,1
THTTTTTT,HHHTTHHH,69,3,0
TTHHTHTT,HHTHHHTH,69,4,1
HHTTHHTT,HTTTTTHT,69,5,1
HTHTHTHT,THTHHTTT,69,6,0
THTTTHTT,HHHTTHTH,69,7,0
TTTTTTHT,HHHTTHHH,69,8,0
TTT,HHT,69,9,0
HHHHTHHH,HTTTHTTT,69,10,1
HHHHHHTH,TTTHHTTT,69,11,0
HHTHHHTH,THTHHTTT,69,12,0
HTHHHHHH,HHTTHHTT,69,13,0
THTHHTTT,TTHHTTHH,69,14,0
HHHTTTHH,THTTTTTT,69,15,1
THTHTTHT,HTHTHTHT,69,16,0
HTT,HHH,69,17,1
HHHHHHHH,THTHTHTT,69,18,0
HTHHHHTT,TTTHTTTT,69,19,1
HTHTTTTT,HTTHHHHT,69,20,0
THTTTTTT,HHHTHHHT,69,21,0
HTHHHHHH,TTTHHTTT,69,22,0
TTT,THH,69,23,0
THTTHTHT,HTHTHTHT,69,24,0
HHHHHHTH,HTTTHTTT,69,25,0
TTTTTTTT,HHHTHHHT,69,26,0
HTHTTTTT,THHHHTTH,69,27,0
HHHTTHHH,HTHTTTTT,69,28,1
TTTTTTHT,HHHTHHHT,69,29,0
TTH,HHH,69,30,1
THHHTHHH,TTTTTTTT,69,31,1
TTTTTHTH,HHHTTHHH,69,32,0
HHHHHHHH,TTHTHTHT,69,33,0
THTHTHTH,THTHTTHT,69,34,1
THTH,HTTT,69,35,1
THTTTTTT,THHHTHHH,69,36,0
HHHHHTH,TTTHTTT,69,37,0
HHHHHHHH,HTTTHTTT,69,38,0
HHTHTHTH,THTTTHTT,69,39,0
TTT,HTT,69,40,0
HHHTHHHT,THTHTTTT,69,41,1
HHHHHHHH,TTTHTTTH,69,42,0
TTTHTTT,HTHHHHH,69,43,1
TTTTTTTT,HTHHTHTH,69,44,0
THHHTHHH,TTTTTTHT,69,45,1
HHHTHHH,THTTTTT,69,46,1
HHHTHHH,TTTTTHT,69,47,1
HHHHHHTH,TTTHTTTH,69,48,0
HHH,HHT,69,49,0
TTTTTTTT,HHTTHHTT,69,50,0
THTTHTTT,HTHHHHTT,69,51,1
HTHTHTHT,HTTTTHHT,69,52,1
HTHHHHHH,HTTTHTTT,69,53,0
HH,TT,69,54,1
HTTT,HTHT,69,55,0
TTT,HHH,69,56,0
TTH,TTT,69,57,1
TTTTTTTT,HTHTHHTH,69,58,0
HHHH,TTTT,69,59,1
HHTTTTHT,HHHHHHTH,69,60,1
TTTTTTTT,TTHHTTHH,69,61,0
TTTTT,HHHHH,69,62,0
HTH,HTT,69,63,1
THTTTTTT,HHTTHHTT,69,64,0
THTTTHTT,HHTHTTHH,70,1,1
HTHHHTHH,HHTHTTHH,70,2,0
THTTTTTT,HHHTTHHH,70,3,0
HHTHHHTH,TTHHTHTT,70,4,0
HTTTTTHT,HHTTHHTT,70,5,0
THTHHTTT,HTHTHTHT,70,6,1
HHHTTHTH,THTTTHTT,70,7,0
HHHTTHHH,TTTTTTHT,70,8,1
TTT,HHT,70,9,1
HHHHTHHH,HTTTHTTT,70,10,0
HHHHHHTH,TTTHHTTT,70,11,1
HHTHHHTH,THTHHTTT,70,12,0
HTHHHHHH,HHTTHHTT,70,13,0
TTHHTTHH,THTHHTTT,70,14,1
HHHTTTHH,THTTTTTT,70,15,1
THTHTTHT,HTHTHTHT,70,16,0
HHH,HTT,70,17,0
HHHHHHHH,THTHTHTT,70,18,0
TTTHTTTT,HTHHHHTT,70,19,0
HTHTTTTT,HTTHHHHT,70,20,0
THTTTTTT,HHHTHHHT,70,21,1
TTTHHTTT,HTHHHHHH,70,22,1
THH,TTT,70,23,0
THTTHTHT,HTHTHTHT,70,24,0
HTTTHTTT,HHHHHHTH,70,25,1
TTTTTTTT,HHHTHHHT,70,26,0
HTHTTTTT,THHHHTTH,70,27,1
HTHTTTTT,HHHTTHHH,70,28,0
TTTTTTHT,HHHTHHHT,70,29,0
TTH,HHH,70,30,0
TTTTTTTT,THHHTHHH,70,31,1
TTTTTHTH,HHHTTHHH,70,32,0
TTHTHTHT,HHHHHHHH,70,33,1
THTHTTHT,THTHTHTH,70,34,0
THTH,HTTT,70,35,1
THHHTHHH,THTTTTTT,70,36,1
HHHHHTH,TTTHTTT,70,37,0
HTTTHTTT,HHHHHHHH,70,38,1
THTTTHTT,HHTHTHTH,70,39,1
HTT,TTT,70,40,1
THTHTTTT,HHHTHHHT,70,41,1
HHHHHHHH,TTTHTTTH,70,42,0
TTTHTTT,HTHHHHH,70,43,1
HTHHTHTH,TTTTTTTT,70,44,1
THHHTHHH,TTTTTTHT,70,45,1
HHHTHHH,THTTTTT,70,46,1
TTTTTHT,HHHTHHH,70,47,0
TTTHTTTH,HHHHHHTH,70,48,1
HHT,HHH,70,49,1
TTTTTTTT,HHTTHHTT,70,50,0
THTTHTTT,HTHHHHTT,70,51,0
HTHTHTHT,HTTTTHHT,70,52,1
HTTTHTTT,HTHHHHHH,70,53,1
HH,TT,70,54,1
HTHT,HTTT,70,55,1
HHH,TTT,70,56,1
TTH,TTT,70,57,0
HTHTHHTH,TTTTTTTT,70,58,1
TTTT,HHHH,70,59,0
HHTTTTHT,HHHHHHTH,70,60,1
TTHHTTHH,TTTTTTTT,70,61,1
HHHHH,TTTTT,70,62,0
HTT,HTH,70,63,0
THTTTTTT,HHTTHHTT,70,64,0
THTTTHTT,HHTHTTHH,71,1,1
HHTHTTHH,HTHHHTHH,71,2,0
HHHTTHHH,THTTTTTT,71,3,0
TTHHTHTT,HHTHHHTH,71,4,0
HTTTTTHT,HHTTHHTT,71,5,0
HTHTHTHT,THTHHTTT,71,6,0
HHHTTHTH,THTTTHTT,71,7,0
HHHTTHHH,TTTTTTHT,71,8,0
TTT,HHT,71,9,1
HTTTHTTT,HHHHTHHH,71,10,0
HHHHHHTH,TTTHHTTT,71,11,1
THTHHTTT,HHTHHHTH,71,12,0
HTHHHHHH,HHTTHHTT,71,13,1
TTHHTTHH,THTHHTTT,71,14,0
THTTTTTT,HHHTTTHH,71,15,1
HTHTHTHT,THTHTTHT,71,16,1
HTT,HHH,71,17,0
HHHHHHHH,THTHTHTT,71,18,1
TTTHTTTT,HTHHHHTT,71,19,1
HTTHHHHT,HTHTTTTT,71,20,0
HHHTHHHT,THTTTTTT,71,21,0
TTTHHTTT,HTHHHHHH,71,22,0
TTT,THH,71,23,1
HTHTHTHT,THTTHTHT,71,24,1
HHHHHHTH,HTTTHTTT,71,25,1
TTTTTTTT,HHHTHHHT,71,26,1
HTHTTTTT,THHHHTTH,71,27,0
HTHTTTTT,HHHTTHHH,71,28,0
HHHTHHHT,TTTTTTHT,71,29,0
HHH,TTH,71,30,1
THHHTHHH,TTTTTTTT,71,31,0
HHHTTHHH,TTTTTHTH,71,32,0
TTHTHTHT,HHHHHHHH,71,33,0
THTHTTHT,THTHTHTH,71,34,0
THTH,HTTT,71,35,0
THHHTHHH,THTTTTTT,71,36,0
HHHHHTH,TTTHTTT,71,37,1
HTTTHTTT,HHHHHHHH,71,38,0
HHTHTHTH,THTTTHTT,71,39,0
HTT,TTT,71,40,0
HHHTHHHT,THTHTTTT,71,41,1
TTTHTTTH,HHHHHHHH,71,42,0
HTHHHHH,TTTHTTT,71,43,1
HTHHTHTH,TTTTTTTT,71,44,0
THHHTHHH,TTTTTTHT,71,45,0
HHHTHHH,THTTTTT,71,46,1
TTTTTHT,HHHTHHH,71,47,1
TTTHTTTH,HHHHHHTH,71,48,1
HHH,HHT,71,49,1
HHTTHHTT,TTTTTTTT,71,50,0
HTHHHHTT,THTTHTTT,71,51,1
HTHTHTHT,HTTTTHHT,71,52,0
HTTTHTTT,HTHHHHHH,71,53,0
HH,TT,71,54,0
HTHT,HTTT,71,55,1
HHH,TTT,71,56,1
TTH,TTT,71,57,0
TTTTTTTT,HTHTHHTH,71,58,1
TTTT,HHHH,71,59,1
HHTTTTHT,HHHHHHTH,71,60,0
TTHHTTHH,TTTTTTTT,71,61,0
HHHHH,TTTTT,71,62,0
HTT,HTH,71,63,0
THTTTTTT,HHTTHHTT,71,64,1
HHTHTTHH,THTTTHTT,72,1,1
HTHHHTHH,HHTHTTHH,72,2,1
HHHTTHHH,THTTTTTT,72,3,1
HHTHHHTH,TTHHTHTT,72,4,0
HTTTTTHT,HHTTHHTT,72,5,1
THTHHTTT,HTHTHTHT,72,6,1
THTTTHTT,HHHTTHTH,72,7,0
HHHTTHHH,TTTTTTHT,72,8,0
HHT,TTT,72,9,1
HTTTHTTT,HHHHTHHH,72,10,0
HHHHHHTH,TTTHHTTT,72,11,1
THTHHTTT,HHTHHHTH,72,12,0
HTHHHHHH,HHTTHHTT,72,13,0
TTHHTTHH,THTHHTTT,72,14,0
THTTTTTT,HHHTTTHH,72,15,1
THTHTTHT,HTHTHTHT,72,16,1
HHH,HTT,72,17,0
HHHHHHHH,THTHTHTT,72,18,0
TTTHTTTT,HTHHHHTT,72,19,0
HTHTTTTT,HTTHHHHT,72,20,0
THTTTTTT,HHHTHHHT,72,21,1
HTHHHHHH,TTTHHTTT,72,22,1
TTT,THH,72,23,0
HTHTHTHT,THTTHTHT,72,24,0
HTTTHTTT,HHHHHHTH,72,25,0
HHHTHHHT,TTTTTTTT,72,26,0
THHHHTTH,HTHTTTTT,72,27,0
HHHTTHHH,HTHTTTTT,72,28,0
TTTTTTHT,HHHTHHHT,72,29,1
TTH,HHH,72,30,1
TTTTTTTT,THHHTHHH,72,31,1
HHHTTHHH,TTTTTHTH,72,32,1
HHHHHHHH,TTHTHTHT,72,33,0
THTHTTHT,THTHTHTH,72,34,1
THTH,HTTT,72,35,0
THTTTTTT,THHHTHHH,72,36,1
TTTHTTT,HHHHHTH,72,37,0
HTTTHTTT,HHHHHHHH,72,38,0
HHTHTHTH,THTTTHTT,72,39,0
TTT,HTT,72,40,0
THTHTTTT,HHHTHHHT,72,41,1
HHHHHHHH,TTTHTTTH,72,42,1
HTHHHHH,TTTHTTT,72,43,1
TTTTTTTT,HTHHTHTH,72,44,0
TTTTTTHT,THHHTHHH,72,45,1
THTTTTT,HHHTHHH,72,46,1
TTTTTHT,HHHTHHH,72,47,1
TTTHTTTH,HHHHHHTH,72,48,0
HHT,HHH,72,49,1
TTTTTTTT,HHTTHHTT,72,50,1
THTTHTTT,HTHHHHTT,72,51,0
HTHTHTHT,HTTTTHHT,72,52,0
HTHHHHHH,HTTTHTTT,72,53,1
HH,TT,72,54,0
HTTT,HTHT,72,55,1
HHH,TTT,72,56,1
TTH,TTT,72,57,1
HTHTHHTH,TTTTTTTT,72,58,0
TTTT,HHHH,72,59,0
HHTTTTHT,HHHHHHTH,72,60,1
TTTTTTTT,TTHHTTHH,72,61,1
HHHHH,TTTTT,72,62,1
HTH,HTT,72,63,0
THTTTTTT,HHTTHHTT,72,64,1
HHTHTTHH,THTTTHTT,73,1,1
HTHHHTHH,HHTHTTHH,73,2,0
THTTTTTT,HHHTTHHH,73,3,0
HHTHHHTH,TTHHTHTT,73,4,0
HHTTHHTT,HTTTTTHT,73,5,1
HTHTHTHT,THTHHTTT,73,6,0
HHHTTHTH,THTTTHTT,73,7,1
TTTTTTHT,HHHTTHHH,73,8,0
HHT,TTT,73,9,1
HHHHTHHH,HTTTHTTT,73,10,0
HHHHHHTH,TTTHHTTT,73,11,0
HHTHHHTH,THTHHTTT,73,12,1
HTHHHHHH,HHTTHHTT,73,13,0
THTHHTTT,TTHHTTHH,73,14,0
THTTTTTT,HHHTTTHH,73,15,0
THTHTTHT,HTHTHTHT,73,16,1
HHH,HTT,73,17,0
HHHHHHHH,THTHTHTT,73,18,0
HTHHHHTT,TTTHTTTT,73,19,1
HTHTTTTT,HTTHHHHT,73,20,0
THTTTTTT,HHHTHHHT,73,21,0
HTHHHHHH,TTTHHTTT,73,22,0
TTT,THH,73,23,0
HTHTHTHT,THTTHTHT,73,24,0
HHHHHHTH,HTTTHTTT,73,25,1
HHHTHHHT,TTTTTTTT,73,26,1
THHHHTTH,HTHTTTTT,73,27,1
HTHTTTTT,HHHTTHHH,73,28,1
HHHTHHHT,TTTTTTHT,73,29,1
TTH,HHH,73,30,1
THHHTHHH,TTTTTTTT,73,31,1
TTTTTHTH,HHHTTHHH,73,32,1
HHHHHHHH,TTHTHTHT,73,33,0
THTHTTHT,THTHTHTH,73,34,0
HTTT,THTH,73,35,0
THTTTTTT,THHHTHHH,73,36,0
TTTHTTT,HHHHHTH,73,37,1
HHHHHHHH,HTTTHTTT,73,38,0
HHTHTHTH,THTTTHTT,73,39,1
HTT,TTT,73,40,1
HHHTHHHT,THTHTTTT,73,41,1
HHHHHHHH,TTTHTTTH,73,42,0
TTTHTTT,HTHHHHH,73,43,1
TTTTTTTT,HTHHTHTH,73,44,0
TTTTTTHT,THHHTHHH,73,45,0
HHHTHHH,THTTTTT,73,46,0
HHHTHHH,TTTTTHT,73,47,0
TTTHTTTH,HHHHHHTH,73,48,1
HHH,HHT,73,49,0
TTTTTTTT,HHTTHHTT,73,50,0
HTHHHHTT,THTTHTTT,73,51,1
HTHTHTHT,HTTTTHHT,73,52,0
HTHHHHHH,HTTTHTTT,73,53,0
HH,TT,73,54,1
HTTT,HTHT,73,55,1
TTT,HHH,73,56,0
TTT,TTH,73,57,0
HTHTHHTH,TTTTTTTT,73,58,1
HHHH,TTTT,73,59,1
HHHHHHTH,HHTTTTHT,73,60,0
TTTTTTTT,TTHHTTHH,73,61,0
HHHHH,TTTTT,73,62,1
HTT,HTH,73,63,1
HHTTHHTT,THTTTTTT,73,64,1
THTTTHTT,HHTHTTHH,74,1,0
HHTHTTHH,HTHHHTHH,74,2,0
THTTTTTT,HHHTTHHH,74,3,1
TTHHTHTT,HHTHHHTH,74,4,0
HTTTTTHT,HHTTHHTT,74,5,1
THTHHTTT,HTHTHTHT,74,6,1
HHHTTHTH,THTTTHTT,74,7,0
TTTTTTHT,HHHTTHHH,74,8,1
HHT,TTT,74,9,1
HHHHTHHH,HTTTHTTT,74,10,1
HHHHHHTH,TTTHHTTT,74,11,1
THTHHTTT,HHTHHHTH,74,12,1
HTHHHHHH,HHTTHHTT,74,13,1
THTHHTTT,TTHHTTHH,74,14,1
THTTTTTT,HHHTTTHH,74,15,1
THTHTTHT,HTHTHTHT,74,16,1
HTT,HHH,74,17,1
HHHHHHHH,THTHTHTT,74,18,0
TTTHTTTT,HTHHHHTT,74,19,1
HTTHHHHT,HTHTTTTT,74,20,1
THTTTTTT,HHHTHHHT,74,21,1
TTTHHTTT,HTHHHHHH,74,22,0
TTT,THH,74,23,0
THTTHTHT,HTHTHTHT,74,24,1
HHHHHHTH,HTTTHTTT,74,25,1
HHHTHHHT,TTTTTTTT,74,26,1
THHHHTTH,HTHTTTTT,74,27,1
HTHTTTTT,HHHTTHHH,74,28,1
HHHTHHHT,TTTTTTHT,74,29,0
HHH,TTH,74,30,0
THHHTHHH,TTTTTTTT,74,31,1
TTTTTHTH,HHHTTHHH,74,32,1
HHHHHHHH,TTHTHTHT,74,33,0
THTHTTHT,THTHTHTH,74,34,1
THTH,HTTT,74,35,0
THHHTHHH,THTTTTTT,74,36,0
TTTHTTT,HHHHHTH,74,37,0
HTTTHTTT,HHHHHHHH,74,38,1
HHTHTHTH,THTTTHTT,74,39,0
HTT,TTT,74,40,1
HHHTHHHT,THTHTTTT,74,41,0
HHHHHHHH,TTTHTTTH,74,42,0
HTHHHHH,TTTHTTT,74,43,1
TTTTTTTT,HTHHTHTH,74,44,0
THHHTHHH,TTTTTTHT,74,45,0
THTTTTT,HHHTHHH,74,46,1
HHHTHHH,TTTTTHT,74,47,0
TTTHTTTH,HHHHHHTH,74,48,0
HHH,HHT,74,49,0
TTTTTTTT,HHTTHHTT,74,50,0
HTHHHHTT,THTTHTTT,74,51,1
HTHTHTHT,HTTTTHHT,74,52,0
HTHHHHHH,HTTTHTTT,74,53,1
TT,HH,74,54,0
HTHT,HTTT,74,55,0
HHH,TTT,74,56,0
TTT,TTH,74,57,0
TTTTTTTT,HTHTHHTH,74,58,0
TTTT,HHHH,74,59,1
HHTTTTHT,HHHHHHTH,74,60,1
TTHHTTHH,TTTTTTTT,74,61,1
HHHHH,TTTTT,74,62,0
HTH,HTT,74,63,0
THTTTTTT,HHTTHHTT,74,64,1
HHTHTTHH,THTTTHTT,75,1,1
HHTHTTHH,HTHHHTHH,75,2,1
THTTTTTT,HHHTTHHH,75,3,0
TTHHTHTT,HHTHHHTH,75,4,0
HHTTHHTT,HTTTTTHT,75,5,0
HTHTHTHT,THTHHTTT,75,6,0
THTTTHTT,HHHTTHTH,75,7,0
TTTTTTHT,HHHTTHHH,75,8,0
TTT,HHT,75,9,0
HTTTHTTT,HHHHTHHH,75,10,1
HHHHHHTH,TTTHHTTT,75,11,0
HHTHHHTH,THTHHTTT,75,12,0
HTHHHHHH,HHTTHHTT,75,13,0
TTHHTTHH,THTHHTTT,75,14,0
THTTTTTT,HHHTTTHH,75,15,0
HTHTHTHT,THTHTTHT,75,16,0
HTT,HHH,75,17,1
HHHHHHHH,THTHTHTT,75,18,0
HTHHHHTT,TTTHTTTT,75,19,1
HTHTTTTT,HTTHHHHT,75,20,0
HHHTHHHT,THTTTTTT,75,21,1
HTHHHHHH,TTTHHTTT,75,22,0
TTT,THH,75,23,0
THTTHTHT,HTHTHTHT,75,24,1
HHHHHHTH,HTTTHTTT,75,25,1
HHHTHHHT,TTTTTTTT,75,26,1
HTHTTTTT,THHHHTTH,75,27,0
HHHTTHHH,HTHTTTTT,75,28,0
HHHTHHHT,TTTTTTHT,75,29,0
HHH,TTH,75,30,0
TTTTTTTT,THHHTHHH,75,31,0
TTTTTHTH,HHHTTHHH,75,32,0
TTHTHTHT,HHHHHHHH,75,33,1
THTHTTHT,THTHTHTH,75,34,1
HTTT,THTH,75,35,1
THHHTHHH,THTTTTTT,75,36,1
TTTHTTT,HHHHHTH,75,37,0
HHHHHHHH,HTTTHTTT,75,38,0
HHTHTHTH,THTTTHTT,75,39,0
HTT,TTT,75,40,1
HHHTHHHT,THTHTTTT,75,41,0
HHHHHHHH,TTTHTTTH,75,42,0
HTHHHHH,TTTHTTT,75,43,0
TTTTTTTT,HTHHTHTH,75,44,0
TTTTTTHT,THHHTHHH,75,45,0
THTTTTT,HHHTHHH,75,46,1
HHHTHHH,TTTTTHT,75,47,0
TTTHTTTH,HHHHHHTH,75,48,0
HHT,HHH,75,49,1
HHTTHHTT,TTTTTTTT,75,50,1
THTTHTTT,HTHHHHTT,75,51,1
HTHTHTHT,HTTTTHHT,75,52,0
HTTTHTTT,HTHHHHHH,75,53,0
HH,TT,75,54,1
HTTT,HTHT,75,55,1
HHH,TTT,75,56,1
TTT,TTH,75,57,0
TTTTTTTT,HTHTHHTH,75,58,0
HHHH,TTTT,75,59,1
HHHHHHTH,HHTTTTHT,75,60,0
TTTTTTTT,TTHHTTHH,75,61,0
HHHHH,TTTTT,75,62,1
HTH,HTT,75,63,0
THTTTTTT,HHTTHHTT,75,64,0
HHTHTTHH,THTTTHTT,76,1,1
HHTHTTHH,HTHHHTHH,76,2,1
THTTTTTT,HHHTTHHH,76,3,0
HHTHHHTH,TTHHTHTT,76,4,0
HTTTTTHT,HHTTHHTT,76,5,0
HTHTHTHT,THTHHTTT,76,6,0
THTTTHTT,HHHTTHTH,76,7,0
HHHTTHHH,TTTTTTHT,76,8,1
HHT,TTT,76,9,1
HTTTHTTT,HHHHTHHH,76,10,1
TTTHHTTT,HHHHHHTH,76,11,1
THTHHTTT,HHTHHHTH,76,12,1
HTHHHHHH,HHTTHHTT,76,13,0
TTHHTTHH,THTHHTTT,76,14,0
THTTTTTT,HHHTTTHH,76,15,0
THTHTTHT,HTHTHTHT,76,16,1
HHH,HTT,76,17,0
HHHHHHHH,THTHTHTT,76,18,0
TTTHTTTT,HTHHHHTT,76,19,0
HTTHHHHT,HTHTTTTT,76,20,1
THTTTTTT,HHHTHHHT,76,21,0
HTHHHHHH,TTTHHTTT,76,22,0
THH,TTT,76,23,1
HTHTHTHT,THTTHTHT,76,24,0
HTTTHTTT,HHHHHHTH,76,25,1
HHHTHHHT,TTTTTTTT,76,26,1
HTHTTTTT,THHHHTTH,76,27,0
HHHTTHHH,HTHTTTTT,76,28,0
HHHTHHHT,TTTTTTHT,76,29,1
HHH,TTH,76,30,0
THHHTHHH,TTTTTTTT,76,31,1
TTTTTHTH,HHHTTHHH,76,32,1
HHHHHHHH,TTHTHTHT,76,33,0
THTHTHTH,THTHTTHT,76,34,0
HTTT,THTH,76,35,1
THHHTHHH,THTTTTTT,76,36,1
TTTHTTT,HHHHHTH,76,37,1
HTTTHTTT,HHHHHHHH,76,38,1
HHTHTHTH,THTTTHTT,76,39,0
TTT,HTT,76,40,0
HHHTHHHT,THTHTTTT,76,41,0
TTTHTTTH,HHHHHHHH,76,42,1
HTHHHHH,TTTHTTT,76,43,1
HTHHTHTH,TTTTTTTT,76,44,1
THHHTHHH,TTTTTTHT,76,45,1
THTTTTT,HHHTHHH,76,46,1
HHHTHHH,TTTTTHT,76,47,0
HHHHHHTH,TTTHTTTH,76,48,0
HHT,HHH,76,49,1
HHTTHHTT,TTTTTTTT,76,50,1
THTTHTTT,HTHHHHTT,76,51,1
HTHTHTHT,HTTTTHHT,76,52,0
HTHHHHHH,HTTTHTTT,76,53,0
HH,TT,76,54,1
HTTT,HTHT,76,55,1
HHH,TTT,76,56,1
TTH,TTT,76,57,1
TTTTTTTT,HTHTHHTH,76,58,0
TTTT,HHHH,76,59,0
HHHHHHTH,HHTTTTHT,76,60,0
TTTTTTTT,TTHHTTHH,76,61,0
TTTTT,HHHHH,76,62,0
HTH,HTT,76,63,0
THTTTTTT,HHTTHHTT,76,64,0
THTTTHTT,HHTHTTHH,77,1,1
HTHHHTHH,HHTHTTHH,77,2,1
THTTTTTT,HHHTTHHH,77,3,1
TTHHTHTT,HHTHHHTH,77,4,0
HTTTTTHT,HHTTHHTT,77,5,1
HTHTHTHT,THTHHTTT,77,6,1
HHHTTHTH,THTTTHTT,77,7,0
TTTTTTHT,HHHTTHHH,77,8,1
TTT,HHT,77,9,1
HTTTHTTT,HHHHTHHH,77,10,0
TTTHHTTT,HHHHHHTH,77,11,1
HHTHHHTH,THTHHTTT,77,12,0
HHTTHHTT,HTHHHHHH,77,13,1
THTHHTTT,TTHHTTHH,77,14,1
HHHTTTHH,THTTTTTT,77,15,0
HTHTHTHT,THTHTTHT,77,16,1
HHH,HTT,77,17,0
HHHHHHHH,THTHTHTT,77,18,0
TTTHTTTT,HTHHHHTT,77,19,1
HTHTTTTT,HTTHHHHT,77,20,0
HHHTHHHT,THTTTTTT,77,21,1
TTTHHTTT,HTHHHHHH,77,22,1
TTT,THH,77,23,0
HTHTHTHT,THTTHTHT,77,24,1
HHHHHHTH,HTTTHTTT,77,25,0
HHHTHHHT,TTTTTTTT,77,26,1
THHHHTTH,HTHTTTTT,77,27,1
HTHTTTTT,HHHTTHHH,77,28,1
HHHTHHHT,TTTTTTHT,77,29,1
HHH,TTH,77,30,0
THHHTHHH,TTTTTTTT,77,31,1
TTTTTHTH,HHHTTHHH,77,32,1
HHHHHHHH,TTHTHTHT,77,33,0
THTHTTHT,THTHTHTH,77,34,1
THTH,HTTT,77,35,0
THHHTHHH,THTTTTTT,77,36,1
HHHHHTH,TTTHTTT,77,37,0
HHHHHHHH,HTTTHTTT,77,38,0
HHTHTHTH,THTTTHTT,77,39,1
TTT,HTT,77,40,0
HHHTHHHT,THTHTTTT,77,41,1
HHHHHHHH,TTTHTTTH,77,42,0
TTTHTTT,HTHHHHH,77,43,1
TTTTTTTT,HTHHTHTH,77,44,0
THHHTHHH,TTTTTTHT,77,45,1
HHHTHHH,THTTTTT,77,46,1
HHHTHHH,TTTTTHT,77,47,1
TTTHTTTH,HHHHHHTH,77,48,1
HHH,HHT,77,49,0
HHTTHHTT,TTTTTTTT,77,50,1
HTHHHHTT,THTTHTTT,77,51,0
HTHTHTHT,HTTTTHHT,77,52,1
HTTTHTTT,HTHHHHHH,77,53,1
TT,HH,77,54,1
HTTT,HTHT,77,55,0
TTT,HHH,77,56,1
TTH,TTT,77,57,1
TTTTTTTT,HTHTHHTH,77,58,0
TTTT,HHHH,77,59,0
HHTTTTHT,HHHHHHTH,77,60,1
TTHHTTHH,TTTTTTTT,77,61,1
HHHHH,TTTTT,77,62,1
HTT,HTH,77,63,0
THTTTTTT,HHTTHHTT,77,64,0
THTTTHTT,HHTHTTHH,78,1,1
HTHHHTHH,HHTHTTHH,78,2,1
HHHTTHHH,THTTTTTT,78,3,0
HHTHHHTH,TTHHTHTT,78,4,1
HTTTTTHT,HHTTHHTT,78,5,1
THTHHTTT,HTHTHTHT,78,6,1
HHHTTHTH,THTTTHTT,78,7,1
HHHTTHHH,TTTTTTHT,78,8,1
TTT,HHT,78,9,1
HHHHTHHH,HTTTHTTT,78,10,0
HHHHHHTH,TTTHHTTT,78,11,0
HHTHHHTH,THTHHTTT,78,12,0
HTHHHHHH,HHTTHHTT,78,13,0
THTHHTTT,TTHHTTHH,78,14,1
HHHTTTHH,THTTTTTT,78,15,1
THTHTTHT,HTHTHTHT,78,16,1
HHH,HTT,78,17,1
THTHTHTT,HHHHHHHH,78,18,1
HTHHHHTT,TTTHTTTT,78,19,1
HTHTTTTT,HTTHHHHT,78,20,0
THTTTTTT,HHHTHHHT,78,21,0
HTHHHHHH,TTTHHTTT,78,22,0
TTT,THH,78,23,0
HTHTHTHT,THTTHTHT,78,24,0
HTTTHTTT,HHHHHHTH,78,25,1
TTTTTTTT,HHHTHHHT,78,26,0
HTHTTTTT,THHHHTTH,78,27,1
HTHTTTTT,HHHTTHHH,78,28,1
TTTTTTHT,HHHTHHHT,78,29,0
HHH,TTH,78,30,1
THHHTHHH,TTTTTTTT,78,31,1
HHHTTHHH,TTTTTHTH,78,32,1
TTHTHTHT,HHHHHHHH,78,33,1
THTHTHTH,THTHTTHT,78,34,0
HTTT,THTH,78,35,0
THHHTHHH,THTTTTTT,78,36,1
HHHHHTH,TTTHTTT,78,37,0
HTTTHTTT,HHHHHHHH,78,38,1
THTTTHTT,HHTHTHTH,78,39,1
HTT,TTT,78,40,0
HHHTHHHT,THTHTTTT,78,41,0
HHHHHHHH,TTTHTTTH,78,42,0
HTHHHHH,TTTHTTT,78,43,0
TTTTTTTT,HTHHTHTH,78,44,0
TTTTTTHT,THHHTHHH,78,45,0
HHHTHHH,THTTTTT,78,46,0
TTTTTHT,HHHTHHH,78,47,0
HHHHHHTH,TTTHTTTH,78,48,0
HHT,HHH,78,49,0
TTTTTTTT,HHTTHHTT,78,50,0
THTTHTTT,HTHHHHTT,78,51,1
HTTTTHHT,HTHTHTHT,78,52,1
HTTTHTTT,HTHHHHHH,78,53,1
TT,HH,78,54,1
HTTT,HTHT,78,55,1
TTT,HHH,78,56,1
TTH,TTT,78,57,1
TTTTTTTT,HTHTHHTH,78,58,0
HHHH,TTTT,78,59,1
HHHHHHTH,HHTTTTHT,78,60,0
TTHHTTHH,TTTTTTTT,78,61,1
TTTTT,HHHHH,78,62,1
HTH,HTT,78,63,0
HHTTHHTT,THTTTTTT,78,64,1
THTTTHTT,HHTHTTHH,79,1,1
HHTHTTHH,HTHHHTHH,79,2,1
HHHTTHHH,THTTTTTT,79,3,0
HHTHHHTH,TTHHTHTT,79,4,1
HHTTHHTT,HTTTTTHT,79,5,0
HTHTHTHT,THTHHTTT,79,6,0
THTTTHTT,HHHTTHTH,79,7,1
TTTTTTHT,HHHTTHHH,79,8,1
TTT,HHT,79,9,0
HTTTHTTT,HHHHTHHH,79,10,1
HHHHHHTH,TTTHHTTT,79,11,1
THTHHTTT,HHTHHHTH,79,12,1
HHTTHHTT,HTHHHHHH,79,13,0
TTHHTTHH,THTHHTTT,79,14,1
HHHTTTHH,THTTTTTT,79,15,0
HTHTHTHT,THTHTTHT,79,16,0
HHH,HTT,79,17,0
THTHTHTT,HHHHHHHH,79,18,0
HTHHHHTT,TTTHTTTT,79,19,0
HTHTTTTT,HTTHHHHT,79,20,1
HHHTHHHT,THTTTTTT,79,21,1
TTTHHTTT,HTHHHHHH,79,22,1
TTT,THH,79,23,1
HTHTHTHT,THTTHTHT,79,24,0
HTTTHTTT,HHHHHHTH,79,25,0
HHHTHHHT,TTTTTTTT,79,26,0
HTHTTTTT,THHHHTTH,79,27,0
HTHTTTTT,HHHTTHHH,79,28,0
TTTTTTHT,HHHTHHHT,79,29,0
HHH,TTH,79,30,1
THHHTHHH,TTTTTTTT,79,31,0
HHHTTHHH,TTTTTHTH,79,32,1
HHHHHHHH,TTHTHTHT,79,33,1
THTHTHTH,THTHTTHT,79,34,0
THTH,HTTT,79,35,1
THTTTTTT,THHHTHHH,79,36,1
TTTHTTT,HHHHHTH,79,37,1
HHHHHHHH,HTTTHTTT,79,38,0
THTTTHTT,HHTHTHTH,79,39,0
HTT,TTT,79,40,1
THTHTTTT,HHHTHHHT,79,41,1
TTTHTTTH,HHHHHHHH,79,42,1
HTHHHHH,TTTHTTT,79,43,0
HTHHTHTH,TTTTTTTT,79,44,0
TTTTTTHT,THHHTHHH,79,45,0
THTTTTT,HHHTHHH,79,46,1
HHHTHHH,TTTTTHT,79,47,0
TTTHTTTH,HHHHHHTH,79,48,1
HHH,HHT,79,49,1
HHTTHHTT,TTTTTTTT,79,50,0
THTTHTTT,HTHHHHTT,79,51,0
HTTTTHHT,HTHTHTHT,79,52,1
HTHHHHHH,HTTTHTTT,79,53,0
HH,TT,79,54,0
HTHT,HTTT,79,55,0
HHH,TTT,79,56,0
TTT,TTH,79,57,0
TTTTTTTT,HTHTHHTH,79,58,1
HHHH,TTTT,79,59,0
HHHHHHTH,HHTTTTHT,79,60,1
TTTTTTTT,TTHHTTHH,79,61,1
TTTTT,HHHHH,79,62,1
HTH,HTT,79,63,0
HHTTHHTT,THTTTTTT,79,64,0
HHTTHHTT,HHTHTHTH,80,1,0
HTHHTHHT,HTHHTTTH,80,2,1
TTHH,HTHT,80,3,0
HHHTHTTH,HTHHTHHT,80,4,1
HHTHTHTH,TTHHTTHH,80,5,1
HTHTTHHH,HTHHTHHT,80,6,1
HTTHTTHT,HHHTHTTH,80,7,0
HHTTHTTH,HHTHHHTH,80,8,0
HTHTTTHH,HTHHTHHT,80,9,1
HTHT,HHTT,80,10,1
HTHTHTHH,TTHHTTHH,80,11,1
HHHTHTTH,THHTHHTH,80,12,1
HHTTHHTT,HTHTHTHH,80,13,0
HHT,HHH,80,14,1
HHTHTHTH,HTHHTTHT,80,15,1
HHHHTTTT,HHHTHHHT,80,16,0
HHHTHTTH,THTTHTTH,80,17,1
THTH,TTHH,80,18,1
HTTHHHTH,HTHHTHHT,80,19,1
HHH,HTT,80,20,0
THTHTHTT,TTHHTTHH,80,21,0
HHTHHHTH,HHHHTTTT,80,22,1
HTHHTTHT,HHTTHHTT,80,23,0
HTHHHTHH,HHTHTHTH,80,24,1
HHTTHHTT,THTHTHTT,80,25,1
HHHHH,HHHTH,80,26,0
HHTT,THTH,80,27,0
HTHHHTHH,HHHHTTTT,80,28,1
HHH,THH,80,29,0
HTHTTHHT,HHTTHHTT,80,30,1
HHTHTHTH,HHHTTTHH,80,31,0
HHHT,HTHT,80,32,1
TTTTHHHH,HHTHHHTH,80,33,0
TTT,HHT,80,34,0
HTHHTHHT,HTTHTHHH,80,35,0
HHHHTTTT,THTTTHTT,80,36,0
TTT,HTT,80,37,0
HTHHTHHT,HHHHHHHT,80,38,0
HTHHTTHT,TTHHTTHH,80,39,1
HHHHTTTT,HHTHHTHH,80,40,0
HHHTHTTT,HTHHTHHT,80,41,1
TTH,HHH,80,42,1
TTTTT,HHHTH,80,43,0
TTTHHHH,HHTHHTH,80,44,0
HTHTTHHT,HTHTHTHT,80,45,0
HHHHHHHT,TTTTTTTT,80,46,1
TTHTTTHT,HHHHTTTT,80,47,1
THH,TTT,80,48,1
HTHT,HTTT,80,49,0
HHHT,THTH,80,50,1
TTTTHHHH,HHTHHTHH,80,51,0
HHTHTHTH,HHHTHHHT,80,52,1
TTT,TTH,80,53,0
HHHHHTHH,HTHTHTHT,80,54,1
HHTHTHTH,HHHHHHHH,80,55,1
HTHHHTHH,TTTTHHHH,80,56,1
HHTHH,HHHHH,80,57,1
HHHTHTTH,HHHHHHHT,80,58,1
HHHHHHHT,HHHHHHHH,80,59,1
HHHHHHHH,HTTTTTTT,80,60,0
HTHT,THHH,80,61,0
HTHHTTHT,HTHTHTHT,80,62,1
TTTH,HTHT,80,63,1
THTHTHTH,HTHHTTHT,80,64,0
HHTTHHTT,HHTHTHTH,81,1,0
HTHHTHHT,HTHHTTTH,81,2,0
TTHH,HTHT,81,3,1
HTHHTHHT,HHHTHTTH,81,4,0
TTHHTTHH,HHTHTHTH,81,5,0
HTHTTHHH,HTHHTHHT,81,6,1
HHHTHTTH,HTTHTTHT,81,7,1
HHTHHHTH,HHTTHTTH,81,8,1
HTHTTTHH,HTHHTHHT,81,9,0
HHTT,HTHT,81,10,0
HTHTHTHH,TTHHTTHH,81,11,0
HHHTHTTH,THHTHHTH,81,12,0
HHTTHHTT,HTHTHTHH,81,13,0
HHT,HHH,81,14,1
HHTHTHTH,HTHHTTHT,81,15,1
HHHHTTTT,HHHTHHHT,81,16,0
THTTHTTH,HHHTHTTH,81,17,1
TTHH,THTH,81,18,0
HTHHTHHT,HTTHHHTH,81,19,0
HTT,HHH,81,20,0
TTHHTTHH,THTHTHTT,81,21,0
HHHHTTTT,HHTHHHTH,81,22,0
HTHHTTHT,HHTTHHTT,81,23,0
HTHHHTHH,HHTHTHTH,81,24,1
HHTTHHTT,THTHTHTT,81,25,1
HHHHH,HHHTH,81,26,0
THTH,HHTT,81,27,0
HHHHTTTT,HTHHHTHH,81,28,1
HHH,THH,81,29,1
HHTTHHTT,HTHTTHHT,81,30,1
HHTHTHTH,HHHTTTHH,81,31,0
HTHT,HHHT,81,32,0
HHTHHHTH,TTTTHHHH,81,33,1
TTT,HHT,81,34,1
HTTHTHHH,HTHHTHHT,81,35,1
THTTTHTT,HHHHTTTT,81,36,0
HTT,TTT,81,37,0
HTHHTHHT,HHHHHHHT,81,38,1
HTHHTTHT,TTHHTTHH,81,39,1
HHTHHTHH,HHHHTTTT,81,40,1
HTHHTHHT,HHHTHTTT,81,41,1
HHH,TTH,81,42,0
HHHTH,TTTTT,81,43,1
TTTHHHH,HHTHHTH,81,44,0
HTHTHTHT,HTHTTHHT,81,45,0
TTTTTTTT,HHHHHHHT,81,46,0
HHHHTTTT,TTHTTTHT,81,47,1
THH,TTT,81,48,1
HTHT,HTTT,81,49,1
THTH,HHHT,81,50,0
HHTHHTHH,TTTTHHHH,81,51,1
HHTHTHTH,HHHTHHHT,81,52,0
TTT,TTH,81,53,1
HTHTHTHT,HHHHHTHH,81,54,0
HHTHTHTH,HHHHHHHH,81,55,1
TTTTHHHH,HTHHHTHH,81,56,1
HHTHH,HHHHH,81,57,1
HHHHHHHT,HHHTHTTH,81,58,0
HHHHHHHT,HHHHHHHH,81,59,1
HHHHHHHH,HTTTTTTT,81,60,0
HTHT,THHH,81,61,0
HTHHTTHT,HTHTHTHT,81,62,0
HTHT,TTTH,81,63,0
THTHTHTH,HTHHTTHT,81,64,0
HHTTHHTT,HHTHTHTH,82,1,0
HTHHTHHT,HTHHTTTH,82,2,0
HTHT,TTHH,82,3,1
HHHTHTTH,HTHHTHHT,82,4,1
HHTHTHTH,TTHHTTHH,82,5,1
HTHHTHHT,HTHTTHHH,82,6,0
HHHTHTTH,HTTHTTHT,82,7,0
HHTTHTTH,HHTHHHTH,82,8,1
HTHTTTHH,HTHHTHHT,82,9,1
HTHT,HHTT,82,10,1
HTHTHTHH,TTHHTTHH,82,11,1
THHTHHTH,HHHTHTTH,82,12,0
HHTTHHTT,HTHTHTHH,82,13,0
HHT,HHH,82,14,1
HTHHTTHT,HHTHTHTH,82,15,1
HHHHTTTT,HHHTHHHT,82,16,0
HHHTHTTH,THTTHTTH,82,17,1
TTHH,THTH,82,18,0
HTHHTHHT,HTTHHHTH,82,19,0
HHH,HTT,82,20,0
THTHTHTT,TTHHTTHH,82,21,1
HHTHHHTH,HHHHTTTT,82,22,1
HTHHTTHT,HHTTHHTT,82,23,1
HHTHTHTH,HTHHHTHH,82,24,0
THTHTHTT,HHTTHHTT,82,25,1
HHHTH,HHHHH,82,26,1
THTH,HHTT,82,27,1
HHHHTTTT,HTHHHTHH,82,28,0
THH,HHH,82,29,1
HHTTHHTT,HTHTTHHT,82,30,0
HHHTTTHH,HHTHTHTH,82,31,1
HTHT,HHHT,82,32,0
HHTHHHTH,TTTTHHHH,82,33,1
TTT,HHT,82,34,0
HTHHTHHT,HTTHTHHH,82,35,0
HHHHTTTT,THTTTHTT,82,36,0
TTT,HTT,82,37,0
HTHHTHHT,HHHHHHHT,82,38,1
TTHHTTHH,HTHHTTHT,82,39,0
HHTHHTHH,HHHHTTTT,82,40,1
HTHHTHHT,HHHTHTTT,82,41,1
HHH,TTH,82,42,0
TTTTT,HHHTH,82,43,0
HHTHHTH,TTTHHHH,82,44,1
HTHTTHHT,HTHTHTHT,82,45,1
TTTTTTTT,HHHHHHHT,82,46,0
HHHHTTTT,TTHTTTHT,82,47,0
TTT,THH,82,48,0
HTHT,HTTT,82,49,0
THTH,HHHT,82,50,0
HHTHHTHH,TTTTHHHH,82,51,1
HHHTHHHT,HHTHTHTH,82,52,0
TTH,TTT,82,53,1
HHHHHTHH,HTHTHTHT,82,54,1
HHHHHHHH,HHTHTHTH,82,55,0
HTHHHTHH,TTTTHHHH,82,56,1
HHHHH,HHTHH,82,57,0
HHHTHTTH,HHHHHHHT,82,58,1
HHHHHHHT,HHHHHHHH,82,59,1
HTTTTTTT,HHHHHHHH,82,60,1
THHH,HTHT,82,61,1
HTHTHTHT,HTHHTTHT,82,62,0
HTHT,TTTH,82,63,0
THTHTHTH,HTHHTTHT,82,64,0
HHTHTHTH,HHTTHHTT,83,1,1
HTHHTTTH,HTHHTHHT,83,2,1
TTHH,HTHT,83,3,0
HTHHTHHT,HHHTHTTH,83,4,0
TTHHTTHH,HHTHTHTH,83,5,0
HTHHTHHT,HTHTTHHH,83,6,0
HTTHTTHT,HHHTHTTH,83,7,0
HHTTHTTH,HHTHHHTH,83,8,0
HTHTTTHH,HTHHTHHT,83,9,1
HHTT,HTHT,83,10,0
TTHHTTHH,HTHTHTHH,83,11,0
HHHTHTTH,THHTHHTH,83,12,1
HHTTHHTT,HTHTHTHH,83,13,0
HHT,HHH,83,14,1
HTHHTTHT,HHTHTHTH,83,15,1
HHHHTTTT,HHHTHHHT,83,16,0
THTTHTTH,HHHTHTTH,83,17,0
TTHH,THTH,83,18,0
HTHHTHHT,HTTHHHTH,83,19,0
HTT,HHH,83,20,1
THTHTHTT,TTHHTTHH,83,21,1
HHHHTTTT,HHTHHHTH,83,22,0
HTHHTTHT,HHTTHHTT,83,23,1
HHTHTHTH,HTHHHTHH,83,24,0
THTHTHTT,HHTTHHTT,83,25,1
HHHTH,HHHHH,83,26,1
THTH,HHTT,83,27,1
HTHHHTHH,HHHHTTTT,83,28,1
THH,HHH,83,29,1
HTHTTHHT,HHTTHHTT,83,30,1
HHTHTHTH,HHHTTTHH,83,31,1
HHHT,HTHT,83,32,1
TTTTHHHH,HHTHHHTH,83,33,0
TTT,HHT,83,34,0
HTHHTHHT,HTTHTHHH,83,35,0
HHHHTTTT,THTTTHTT,83,36,0
HTT,TTT,83,37,1
HTHHTHHT,HHHHHHHT,83,38,0
HTHHTTHT,TTHHTTHH,83,39,1
HHTHHTHH,HHHHTTTT,83,40,1
HTHHTHHT,HHHTHTTT,83,41,0
HHH,TTH,83,42,0
TTTTT,HHHTH,83,43,0
TTTHHHH,HHTHHTH,83,44,0
HTHTHTHT,HTHTTHHT,83,45,0
TTTTTTTT,HHHHHHHT,83,46,0
TTHTTTHT,HHHHTTTT,83,47,1
THH,TTT,83,48,1
HTTT,HTHT,83,49,1
THTH,HHHT,83,50,0
HHTHHTHH,TTTTHHHH,83,51,1
HHTHTHTH,HHHTHHHT,83,52,1
TTH,TTT,83,53,1
HTHTHTHT,HHHHHTHH,83,54,0
HHTHTHTH,HHHHHHHH,83,55,1
TTTTHHHH,HTHHHTHH,83,56,0
HHTHH,HHHHH,83,57,1
HHHTHTTH,HHHHHHHT,83,58,1
HHHHHHHT,HHHHHHHH,83,59,1
HTTTTTTT,HHHHHHHH,83,60,1
HTHT,THHH,83,61,0
HTHTHTHT,HTHHTTHT,83,62,0
HTHT,TTTH,83,63,0
HTHHTTHT,THTHTHTH,83,64,1
HHTTHHTT,HHTHTHTH,84,1,1
HTHHTHHT,HTHHTTTH,84,2,0
HTHT,TTHH,84,3,1
HHHTHTTH,HTHHTHHT,84,4,1
TTHHTTHH,HHTHTHTH,84,5,0
HTHTTHHH,HTHHTHHT,84,6,1
HTTHTTHT,HHHTHTTH,84,7,0
HHTHHHTH,HHTTHTTH,84,8,0
HTHTTTHH,HTHHTHHT,84,9,1
HTHT,HHTT,84,10,1
HTHTHTHH,TTHHTTHH,84,11,1
HHHTHTTH,THHTHHTH,84,12,0
HHTTHHTT,HTHTHTHH,84,13,0
HHH,HHT,84,14,0
HHTHTHTH,HTHHTTHT,84,15,1
HHHTHHHT,HHHHTTTT,84,16,0
THTTHTTH,HHHTHTTH,84,17,1
THTH,TTHH,84,18,1
HTHHTHHT,HTTHHHTH,84,19,1
HTT,HHH,84,20,1
TTHHTTHH,THTHTHTT,84,21,0
HHTHHHTH,HHHHTTTT,84,22,1
HHTTHHTT,HTHHTTHT,84,23,1
HTHHHTHH,HHTHTHTH,84,24,0
HHTTHHTT,THTHTHTT,84,25,0
HHHTH,HHHHH,84,26,1
THTH,HHTT,84,27,1
HHHHTTTT,HTHHHTHH,84,28,0
HHH,THH,84,29,0
HHTTHHTT,HTHTTHHT,84,30,0
HHHTTTHH,HHTHTHTH,84,31,0
HHHT,HTHT,84,32,0
TTTTHHHH,HHTHHHTH,84,33,0
TTT,HHT,84,34,0
HTHHTHHT,HTTHTHHH,84,35,1
THTTTHTT,HHHHTTTT,84,36,1
HTT,TTT,84,37,1
HTHHTHHT,HHHHHHHT,84,38,1
TTHHTTHH,HTHHTTHT,84,39,1
HHHHTTTT,HHTHHTHH,84,40,0
HHHTHTTT,HTHHTHHT,84,41,0
TTH,HHH,84,42,1
TTTTT,HHHTH,84,43,0
TTTHHHH,HHTHHTH,84,44,0
HTHTHTHT,HTHTTHHT,84,45,0
HHHHHHHT,TTTTTTTT,84,46,1
HHHHTTTT,TTHTTTHT,84,47,0
TTT,THH,84,48,0
HTTT,HTHT,84,49,0
THTH,HHHT,84,50,1
HHTHHTHH,TTTTHHHH,84,51,1
HHTHTHTH,HHHTHHHT,84,52,1
TTT,TTH,84,53,0
HTHTHTHT,HHHHHTHH,84,54,0
HHHHHHHH,HHTHTHTH,84,55,0
TTTTHHHH,HTHHHTHH,84,56,0
HHHHH,HHTHH,84,57,0
HHHHHHHT,HHHTHTTH,84,58,0
HHHHHHHH,HHHHHHHT,84,59,0
HTTTTTTT,HHHHHHHH,84,60,1
HTHT,THHH,84,61,1
HTHTHTHT,HTHHTTHT,84,62,0
HTHT,TTTH,84,63,1
HTHHTTHT,THTHTHTH,84,64,1
HHTHTHTH,HHTTHHTT,85,1,1
HTHHTHHT,HTHHTTTH,85,2,1
TTHH,HTHT,85,3,1
HHHTHTTH,HTHHTHHT,85,4,0
TTHHTTHH,HHTHTHTH,85,5,1
HTHHTHHT,HTHTTHHH,85,6,1
HTTHTTHT,HHHTHTTH,85,7,1
HHTTHTTH,HHTHHHTH,85,8,1
HTHHTHHT,HTHTTTHH,85,9,1
HHTT,HTHT,85,10,0
HTHTHTHH,TTHHTTHH,85,11,1
HHHTHTTH,THHTHHTH,85,12,1
HHTTHHTT,HTHTHTHH,85,13,1
HHT,HHH,85,14,1
HTHHTTHT,HHTHTHTH,85,15,1
HHHHTTTT,HHHTHHHT,85,16,0
THTTHTTH,HHHTHTTH,85,17,1
TTHH,THTH,85,18,1
HTTHHHTH,HTHHTHHT,85,19,0
HTT,HHH,85,20,1
THTHTHTT,TTHHTTHH,85,21,1
HHHHTTTT,HHTHHHTH,85,22,0
HHTTHHTT,HTHHTTHT,85,23,0
HTHHHTHH,HHTHTHTH,85,24,1
HHTTHHTT,THTHTHTT,85,25,0
HHHTH,HHHHH,85,26,1
HHTT,THTH,85,27,1
HTHHHTHH,HHHHTTTT,85,28,1
THH,HHH,85,29,1
HHTTHHTT,HTHTTHHT,85,30,0
HHTHTHTH,HHHTTTHH,85,31,0
HHHT,HTHT,85,32,1
HHTHHHTH,TTTTHHHH,85,33,1
HHT,TTT,85,34,1
HTTHTHHH,HTHHTHHT,85,35,1
HHHHTTTT,THTTTHTT,85,36,0
HTT,TTT,85,37,1
HTHHTHHT,HHHHHHHT,85,38,1
HTHHTTHT,TTHHTTHH,85,39,0
HHHHTTTT,HHTHHTHH,85,40,0
HTHHTHHT,HHHTHTTT,85,41,0
TTH,HHH,85,42,1
HHHTH,TTTTT,85,43,1
TTTHHHH,HHTHHTH,85,44,0
HTHTTHHT,HTHTHTHT,85,45,1
TTTTTTTT,HHHHHHHT,85,46,0
TTHTTTHT,HHHHTTTT,85,47,1
THH,TTT,85,48,1
HTHT,HTTT,85,49,0
THTH,HHHT,85,50,0
TTTTHHHH,HHTHHTHH,85,51,0
HHHTHHHT,HHTHTHTH,85,52,0
TTT,TTH,85,53,0
HHHHHTHH,HTHTHTHT,85,54,1
HHTHTHTH,HHHHHHHH,85,55,1
HTHHHTHH,TTTTHHHH,85,56,1
HHTHH,HHHHH,85,57,1
HHHHHHHT,HHHTHTTH,85,58,0
HHHHHHHT,HHHHHHHH,85,59,1
HHHHHHHH,HTTTTTTT,85,60,0
THHH,HTHT,85,61,1
HTHHTTHT,HTHTHTHT,85,62,1
TTTH,HTHT,85,63,0
HTHHTTHT,THTHTHTH,85,64,1
HHTTHHTT,HHTHTHTH,86,1,1
HTHHTHHT,HTHHTTTH,86,2,0
TTHH,HTHT,86,3,0
HHHTHTTH,HTHHTHHT,86,4,0
HHTHTHTH,TTHHTTHH,86,5,0
HTHTTHHH,HTHHTHHT,86,6,0
HTTHTTHT,HHHTHTTH,86,7,1
HHTTHTTH,HHTHHHTH,86,8,1
HTHTTTHH,HTHHTHHT,86,9,1
HHTT,HTHT,86,10,0
TTHHTTHH,HTHTHTHH,86,11,1
HHHTHTTH,THHTHHTH,86,12,0
HTHTHTHH,HHTTHHTT,86,13,0
HHH,HHT,86,14,0
HHTHTHTH,HTHHTTHT,86,15,0
HHHTHHHT,HHHHTTTT,86,16,0
THTTHTTH,HHHTHTTH,86,17,1
THTH,TTHH,86,18,1
HTTHHHTH,HTHHTHHT,86,19,0
HTT,HHH,86,20,1
TTHHTTHH,THTHTHTT,86,21,1
HHHHTTTT,HHTHHHTH,86,22,1
HHTTHHTT,HTHHTTHT,86,23,1
HTHHHTHH,HHTHTHTH,86,24,0
THTHTHTT,HHTTHHTT,86,25,0
HHHTH,HHHHH,86,26,1
THTH,HHTT,86,27,1
HHHHTTTT,HTHHHTHH,86,28,1
THH,HHH,86,29,1
HTHTTHHT,HHTTHHTT,86,30,1
HHHTTTHH,HHTHTHTH,86,31,1
HHHT,HTHT,86,32,0
HHTHHHTH,TTTTHHHH,86,33,0
TTT,HHT,86,34,0
HTTHTHHH,HTHHTHHT,86,35,0
HHHHTTTT,THTTTHTT,86,36,1
HTT,TTT,86,37,1
HTHHTHHT,HHHHHHHT,86,38,1
HTHHTTHT,TTHHTTHH,86,39,1
HHTHHTHH,HHHHTTTT,86,40,0
HHHTHTTT,HTHHTHHT,86,41,1
HHH,TTH,86,42,0
HHHTH,TTTTT,86,43,1
TTTHHHH,HHTHHTH,86,44,1
HTHTHTHT,HTHTTHHT,86,45,1
HHHHHHHT,TTTTTTTT,86,46,1
HHHHTTTT,TTHTTTHT,86,47,1
THH,TTT,86,48,1
HTHT,HTTT,86,49,1
THTH,HHHT,86,50,1
HHTHHTHH,TTTTHHHH,86,51,0
HHTHTHTH,HHHTHHHT,86,52,1
TTT,TTH,86,53,0
HTHTHTHT,HHHHHTHH,86,54,1
HHTHTHTH,HHHHHHHH,86,55,1
TTTTHHHH,HTHHHTHH,86,56,1
HHHHH,HHTHH,86,57,0
HHHHHHHT,HHHTHTTH,86,58,0
HHHHHHHT,HHHHHHHH,86,59,0
HTTTTTTT,HHHHHHHH,86,60,1
HTHT,THHH,86,61,1
HTHTHTHT,HTHHTTHT,86,62,1
HTHT,TTTH,86,63,1
THTHTHTH,HTHHTTHT,86,64,1
HHTTHHTT,HHTHTHTH,87,1,1
HTHHTTTH,HTHHTHHT,87,2,0
HTHT,TTHH,87,3,1
HTHHTHHT,HHHTHTTH,87,4,0
HHTHTHTH,TTHHTTHH,87,5,0
HTHTTHHH,HTHHTHHT,87,6,1
HHHTHTTH,HTTHTTHT,87,7,0
HHTTHTTH,HHTHHHTH,87,8,1
HTHTTTHH,HTHHTHHT,87,9,1
HTHT,HHTT,87,10,1
TTHHTTHH,HTHTHTHH,87,11,0
HHHTHTTH,THHTHHTH,87,12,1
HHTTHHTT,HTHTHTHH,87,13,1
HHT,HHH,87,14,1
HTHHTTHT,HHTHTHTH,87,15,1
HHHTHHHT,HHHHTTTT,87,16,1
HHHTHTTH,THTTHTTH,87,17,0
TTHH,THTH,87,18,0
HTTHHHTH,HTHHTHHT,87,19,1
HHH,HTT,87,20,0
THTHTHTT,TTHHTTHH,87,21,1
HHHHTTTT,HHTHHHTH,87,22,0
HHTTHHTT,HTHHTTHT,87,23,1
HTHHHTHH,HHTHTHTH,87,24,1
HHTTHHTT,THTHTHTT,87,25,0
HHHHH,HHHTH,87,26,0
THTH,HHTT,87,27,1
HTHHHTHH,HHHHTTTT,87,28,1
HHH,THH,87,29,0
HHTTHHTT,HTHTTHHT,87,30,1
HHHTTTHH,HHTHTHTH,87,31,1
HHHT,HTHT,87,32,1
TTTTHHHH,HHTHHHTH,87,33,0
HHT,TTT,87,34,1
HTTHTHHH,HTHHTHHT,87,35,1
HHHHTTTT,THTTTHTT,87,36,0
TTT,HTT,87,37,0
HHHHHHHT,HTHHTHHT,87,38,0
HTHHTTHT,TTHHTTHH,87,39,1
HHHHTTTT,HHTHHTHH,87,40,0
HTHHTHHT,HHHTHTTT,87,41,1
TTH,HHH,87,42,1
HHHTH,TTTTT,87,43,1
HHTHHTH,TTTHHHH,87,44,1
HTHTTHHT,HTHTHTHT,87,45,1
HHHHHHHT,TTTTTTTT,87,46,1
TTHTTTHT,HHHHTTTT,87,47,1
THH,TTT,87,48,1
HTHT,HTTT,87,49,0
HHHT,THTH,87,50,1
HHTHHTHH,TTTTHHHH,87,51,1
HHTHTHTH,HHHTHHHT,87,52,1
TTT,TTH,87,53,0
HHHHHTHH,HTHTHTHT,87,54,1
HHHHHHHH,HHTHTHTH,87,55,0
TTTTHHHH,HTHHHTHH,87,56,0
HHTHH,HHHHH,87,57,1
HHHHHHHT,HHHTHTTH,87,58,0
HHHHHHHH,HHHHHHHT,87,59,0
HHHHHHHH,HTTTTTTT,87,60,0
HTHT,THHH,87,61,0
HTHTHTHT,HTHHTTHT,87,62,0
HTHT,TTTH,87,63,0
THTHTHTH,HTHHTTHT,87,64,0
HHTTHHTT,HHTHTHTH,88,1,0
HTHHTTTH,HTHHTHHT,88,2,1
HTHT,TTHH,88,3,0
HTHHTHHT,HHHTHTTH,88,4,0
HHTHTHTH,TTHHTTHH,88,5,1
HTHHTHHT,HTHTTHHH,88,6,0
HHHTHTTH,HTTHTTHT,88,7,1
HHTTHTTH,HHTHHHTH,88,8,0
HTHTTTHH,HTHHTHHT,88,9,1
HHTT,HTHT,88,10,1
HTHTHTHH,TTHHTTHH,88,11,1
HHHTHTTH,THHTHHTH,88,12,1
HHTTHHTT,HTHTHTHH,88,13,0
HHH,HHT,88,14,0
HTHHTTHT,HHTHTHTH,88,15,1
HHHHTTTT,HHHTHHHT,88,16,1
HHHTHTTH,THTTHTTH,88,17,1
TTHH,THTH,88,18,1
HTHHTHHT,HTTHHHTH,88,19,0
HHH,HTT,88,20,0
THTHTHTT,TTHHTTHH,88,21,1
HHTHHHTH,HHHHTTTT,88,22,1
HTHHTTHT,HHTTHHTT,88,23,1
HHTHTHTH,HTHHHTHH,88,24,0
THTHTHTT,HHTTHHTT,88,25,1
HHHTH,HHHHH,88,26,1
THTH,HHTT,88,27,0
HHHHTTTT,HTHHHTHH,88,28,0
HHH,THH,88,29,0
HHTTHHTT,HTHTTHHT,88,30,0
HHHTTTHH,HHTHTHTH,88,31,1
HHHT,HTHT,88,32,1
HHTHHHTH,TTTTHHHH,88,33,1
TTT,HHT,88,34,0
HTHHTHHT,HTTHTHHH,88,35,0
HHHHTTTT,THTTTHTT,88,36,0
TTT,HTT,88,37,0
HTHHTHHT,HHHHHHHT,88,38,0
HTHHTTHT,TTHHTTHH,88,39,0
HHTHHTHH,HHHHTTTT,88,40,1
HHHTHTTT,HTHHTHHT,88,41,1
TTH,HHH,88,42,1
HHHTH,TTTTT,88,43,1
HHTHHTH,TTTHHHH,88,44,1
HTHTHTHT,HTHTTHHT,88,45,0
HHHHHHHT,TTTTTTTT,88,46,1
TTHTTTHT,HHHHTTTT,88,47,0
TTT,THH,88,48,0
HTHT,HTTT,88,49,0
THTH,HHHT,88,50,0
HHTHHTHH,TTTTHHHH,88,51,0
HHHTHHHT,HHTHTHTH,88,52,0
TTH,TTT,88,53,1
HTHTHTHT,HHHHHTHH,88,54,0
HHTHTHTH,HHHHHHHH,88,55,1
HTHHHTHH,TTTTHHHH,88,56,1
HHTHH,HHHHH,88,57,1
HHHHHHHT,HHHTHTTH,88,58,0
HHHHHHHT,HHHHHHHH,88,59,1
HTTTTTTT,HHHHHHHH,88,60,1
THHH,HTHT,88,61,1
HTHHTTHT,HTHTHTHT,88,62,1
TTTH,HTHT,88,63,1
THTHTHTH,HTHHTTHT,88,64,0
HHTTHHTT,HHTHTHTH,89,1,0
HTHHTTTH,HTHHTHHT,89,2,1
HTHT,TTHH,89,3,0
HTHHTHHT,HHHTHTTH,89,4,0
TTHHTTHH,HHTHTHTH,89,5,0
HTHTTHHH,HTHHTHHT,89,6,1
HHHTHTTH,HTTHTTHT,89,7,1
HHTHHHTH,HHTTHTTH,89,8,1
HTHHTHHT,HTHTTTHH,89,9,0
HTHT,HHTT,89,10,0
HTHTHTHH,TTHHTTHH,89,11,1
HHHTHTTH,THHTHHTH,89,12,1
HTHTHTHH,HHTTHHTT,89,13,1
HHT,HHH,89,14,1
HTHHTTHT,HHTHTHTH,89,15,1
HHHTHHHT,HHHHTTTT,89,16,0
HHHTHTTH,THTTHTTH,89,17,1
THTH,TTHH,89,18,0
HTTHHHTH,HTHHTHHT,89,19,1
HHH,HTT,89,20,0
THTHTHTT,TTHHTTHH,89,21,1
HHTHHHTH,HHHHTTTT,89,22,1
HTHHTTHT,HHTTHHTT,89,23,1
HTHHHTHH,HHTHTHTH,89,24,1
THTHTHTT,HHTTHHTT,89,25,1
HHHHH,HHHTH,89,26,0
HHTT,THTH,89,27,0
HTHHHTHH,HHHHTTTT,89,28,1
HHH,THH,89,29,0
HTHTTHHT,HHTTHHTT,89,30,1
HHTHTHTH,HHHTTTHH,89,31,0
HHHT,HTHT,89,32,1
HHTHHHTH,TTTTHHHH,89,33,1
TTT,HHT,89,34,0
HTTHTHHH,HTHHTHHT,89,35,1
THTTTHTT,HHHHTTTT,89,36,1
HTT,TTT,89,37,1
HHHHHHHT,HTHHTHHT,89,38,1
HTHHTTHT,TTHHTTHH,89,39,1
HHHHTTTT,HHTHHTHH,89,40,1
HHHTHTTT,HTHHTHHT,89,41,1
TTH,HHH,89,42,1
TTTTT,HHHTH,89,43,0
HHTHHTH,TTTHHHH,89,44,0
HTHTHTHT,HTHTTHHT,89,45,0
TTTTTTTT,HHHHHHHT,89,46,0
HHHHTTTT,TTHTTTHT,89,47,0
THH,TTT,89,48,1
HTHT,HTTT,89,49,0
THTH,HHHT,89,50,0
TTTTHHHH,HHTHHTHH,89,51,1
HHTHTHTH,HHHTHHHT,89,52,1
TTH,TTT,89,53,1
HTHTHTHT,HHHHHTHH,89,54,0
HHHHHHHH,HHTHTHTH,89,55,1
TTTTHHHH,HTHHHTHH,89,56,0
HHTHH,HHHHH,89,57,1
HHHHHHHT,HHHTHTTH,89,58,0
HHHHHHHH,HHHHHHHT,89,59,0
HHHHHHHH,HTTTTTTT,89,60,0
THHH,HTHT,89,61,1
HTHHTTHT,HTHTHTHT,89,62,1
HTHT,TTTH,89,63,0
THTHTHTH,HTHHTTHT,89,64,0
HHTTHHTT,HHTHTHTH,90,1,0
HTHHTTTH,HTHHTHHT,90,2,0
TTHH,HTHT,90,3,0
HHHTHTTH,HTHHTHHT,90,4,1
TTHHTTHH,HHTHTHTH,90,5,0
HTHHTHHT,HTHTTHHH,90,6,0
HHHTHTTH,HTTHTTHT,90,7,0
HHTHHHTH,HHTTHTTH,90,8,0
HTHHTHHT,HTHTTTHH,90,9,0
HTHT,HHTT,90,10,0
TTHHTTHH,HTHTHTHH,90,11,0
THHTHHTH,HHHTHTTH,90,12,0
HHTTHHTT,HTHTHTHH,90,13,1
HHT,HHH,90,14,0
HTHHTTHT,HHTHTHTH,90,15,1
HHHTHHHT,HHHHTTTT,90,16,0
THTTHTTH,HHHTHTTH,90,17,1
THTH,TTHH,90,18,1
HTHHTHHT,HTTHHHTH,90,19,0
HHH,HTT,90,20,0
TTHHTTHH,THTHTHTT,90,21,0
HHHHTTTT,HHTHHHTH,90,22,0
HHTTHHTT,HTHHTTHT,90,23,1
HTHHHTHH,HHTHTHTH,90,24,0
THTHTHTT,HHTTHHTT,90,25,1
HHHTH,HHHHH,90,26,0
HHTT,THTH,90,27,1
HTHHHTHH,HHHHTTTT,90,28,0
THH,HHH,90,29,0
HHTTHHTT,HTHTTHHT,90,30,0
HHTHTHTH,HHHTTTHH,90,31,0
HHHT,HTHT,90,32,0
HHTHHHTH,TTTTHHHH,90,33,0
HHT,TTT,90,34,0
HTTHTHHH,HTHHTHHT,90,35,0
HHHHTTTT,THTTTHTT,90,36,0
HTT,TTT,90,37,1
HTHHTHHT,HHHHHHHT,90,38,0
HTHHTTHT,TTHHTTHH,90,39,0
HHHHTTTT,HHTHHTHH,90,40,0
HHHTHTTT,HTHHTHHT,90,41,1
TTH,HHH,90,42,1
HHHTH,TTTTT,90,43,0
HHTHHTH,TTTHHHH,90,44,0
HTHTTHHT,HTHTHTHT,90,45,1
TTTTTTTT,HHHHHHHT,90,46,0
TTHTTTHT,HHHHTTTT,90,47,1
THH,TTT,90,48,0
HTTT,HTHT,90,49,0
HHHT,THTH,90,50,0
TTTTHHHH,HHTHHTHH,90,51,1
HHTHTHTH,HHHTHHHT,90,52,0
TTT,TTH,90,53,0
HHHHHTHH,HTHTHTHT,90,54,1
HHHHHHHH,HHTHTHTH,90,55,1
TTTTHHHH,HTHHHTHH,90,56,1
HHHHH,HHTHH,90,57,0
HHHTHTTH,HHHHHHHT,90,58,1
HHHHHHHH,HHHHHHHT,90,59,0
HHHHHHHH,HTTTTTTT,90,60,0
HTHT,THHH,90,61,1
HTHHTTHT,HTHTHTHT,90,62,1
TTTH,HTHT,90,63,1
HTHHTTHT,THTHTHTH,90,64,0
HHTTHHTT,HHTHTHTH,91,1,0
HTHHTHHT,HTHHTTTH,91,2,1
TTHH,HTHT,91,3,0
HTHHTHHT,HHHTHTTH,91,4,1
TTHHTTHH,HHTHTHTH,91,5,0
HTHHTHHT,HTHTTHHH,91,6,1
HHHTHTTH,HTTHTTHT,91,7,0
HHTTHTTH,HHTHHHTH,91,8,1
HTHHTHHT,HTHTTTHH,91,9,1
HTHT,HHTT,91,10,1
TTHHTTHH,HTHTHTHH,91,11,0
THHTHHTH,HHHTHTTH,91,12,1
HTHTHTHH,HHTTHHTT,91,13,1
HHT,HHH,91,14,1
HTHHTTHT,HHTHTHTH,91,15,0
HHHTHHHT,HHHHTTTT,91,16,1
THTTHTTH,HHHTHTTH,91,17,1
TTHH,THTH,91,18,0
HTHHTHHT,HTTHHHTH,91,19,1
HTT,HHH,91,20,1
TTHHTTHH,THTHTHTT,91,21,0
HHHHTTTT,HHTHHHTH,91,22,0
HTHHTTHT,HHTTHHTT,91,23,1
HHTHTHTH,HTHHHTHH,91,24,1
HHTTHHTT,THTHTHTT,91,25,0
HHHTH,HHHHH,91,26,1
THTH,HHTT,91,27,1
HHHHTTTT,HTHHHTHH,91,28,0
HHH,THH,91,29,0
HHTTHHTT,HTHTTHHT,91,30,0
HHTHTHTH,HHHTTTHH,91,31,1
HHHT,HTHT,91,32,0
TTTTHHHH,HHTHHHTH,91,33,0
TTT,HHT,91,34,0
HTTHTHHH,HTHHTHHT,91,35,0
HHHHTTTT,THTTTHTT,91,36,0
HTT,TTT,91,37,1
HHHHHHHT,HTHHTHHT,91,38,0
TTHHTTHH,HTHHTTHT,91,39,0
HHTHHTHH,HHHHTTTT,91,40,1
HTHHTHHT,HHHTHTTT,91,41,1
HHH,TTH,91,42,0
TTTTT,HHHTH,91,43,0
TTTHHHH,HHTHHTH,91,44,0
HTHTTHHT,HTHTHTHT,91,45,0
HHHHHHHT,TTTTTTTT,91,46,1
HHHHTTTT,TTHTTTHT,91,47,0
THH,TTT,91,48,1
HTHT,HTTT,91,49,1
THTH,HHHT,91,50,1
TTTTHHHH,HHTHHTHH,91,51,0
HHTHTHTH,HHHTHHHT,91,52,1
TTH,TTT,91,53,1
HHHHHTHH,HTHTHTHT,91,54,0
HHHHHHHH,HHTHTHTH,91,55,0
HTHHHTHH,TTTTHHHH,91,56,1
HHHHH,HHTHH,91,57,0
HHHTHTTH,HHHHHHHT,91,58,1
HHHHHHHH,HHHHHHHT,91,59,0
HHHHHHHH,HTTTTTTT,91,60,0
HTHT,THHH,91,61,1
HTHHTTHT,HTHTHTHT,91,62,1
TTTH,HTHT,91,63,0
THTHTHTH,HTHHTTHT,91,64,0
HHTHTHTH,HHTTHHTT,92,1,1
HTHHTHHT,HTHHTTTH,92,2,0
HTHT,TTHH,92,3,0
HTHHTHHT,HHHTHTTH,92,4,0
TTHHTTHH,HHTHTHTH,92,5,0
HTHHTHHT,HTHTTHHH,92,6,0
HHHTHTTH,HTTHTTHT,92,7,0
HHTHHHTH,HHTTHTTH,92,8,1
HTHTTTHH,HTHHTHHT,92,9,0
HHTT,HTHT,92,10,1
TTHHTTHH,HTHTHTHH,92,11,1
THHTHHTH,HHHTHTTH,92,12,0
HHTTHHTT,HTHTHTHH,92,13,0
HHT,HHH,92,14,0
HTHHTTHT,HHTHTHTH,92,15,1
HHHTHHHT,HHHHTTTT,92,16,0
THTTHTTH,HHHTHTTH,92,17,0
TTHH,THTH,92,18,1
HTHHTHHT,HTTHHHTH,92,19,1
HHH,HTT,92,20,0
THTHTHTT,TTHHTTHH,92,21,0
HHHHTTTT,HHTHHHTH,92,22,1
HTHHTTHT,HHTTHHTT,92,23,1
HHTHTHTH,HTHHHTHH,92,24,0
HHTTHHTT,THTHTHTT,92,25,0
HHHHH,HHHTH,92,26,0
THTH,HHTT,92,27,0
HHHHTTTT,HTHHHTHH,92,28,0
HHH,THH,92,29,0
HTHTTHHT,HHTTHHTT,92,30,1
HHHTTTHH,HHTHTHTH,92,31,1
HTHT,HHHT,92,32,0
TTTTHHHH,HHTHHHTH,92,33,0
TTT,HHT,92,34,0
HTHHTHHT,HTTHTHHH,92,35,0
THTTTHTT,HHHHTTTT,92,36,1
HTT,TTT,92,37,1
HTHHTHHT,HHHHHHHT,92,38,0
HTHHTTHT,TTHHTTHH,92,39,1
HHTHHTHH,HHHHTTTT,92,40,0
HHHTHTTT,HTHHTHHT,92,41,1
TTH,HHH,92,42,1
HHHTH,TTTTT,92,43,1
TTTHHHH,HHTHHTH,92,44,1
HTHTTHHT,HTHTHTHT,92,45,1
TTTTTTTT,HHHHHHHT,92,46,0
HHHHTTTT,TTHTTTHT,92,47,1
TTT,THH,92,48,0
HTHT,HTTT,92,49,0
HHHT,THTH,92,50,1
TTTTHHHH,HHTHHTHH,92,51,1
HHHTHHHT,HHTHTHTH,92,52,0
TTH,TTT,92,53,1
HTHTHTHT,HHHHHTHH,92,54,0
HHHHHHHH,HHTHTHTH,92,55,1
HTHHHTHH,TTTTHHHH,92,56,1
HHHHH,HHTHH,92,57,0
HHHTHTTH,HHHHHHHT,92,58,1
HHHHHHHH,HHHHHHHT,92,59,0
HHHHHHHH,HTTTTTTT,92,60,0
THHH,HTHT,92,61,0
HTHHTTHT,HTHTHTHT,92,62,1
HTHT,TTTH,92,63,0
THTHTHTH,HTHHTTHT,92,64,0
HHTTHHTT,HHTHTHTH,93,1,0
HTHHTHHT,HTHHTTTH,93,2,1
TTHH,HTHT,93,3,0
HTHHTHHT,HHHTHTTH,93,4,1
TTHHTTHH,HHTHTHTH,93,5,0
HTHHTHHT,HTHTTHHH,93,6,0
HTTHTTHT,HHHTHTTH,93,7,1
HHTTHTTH,HHTHHHTH,93,8,0
HTHTTTHH,HTHHTHHT,93,9,0
HTHT,HHTT,93,10,1
HTHTHTHH,TTHHTTHH,93,11,0
THHTHHTH,HHHTHTTH,93,12,0
HHTTHHTT,HTHTHTHH,93,13,1
HHH,HHT,93,14,1
HTHHTTHT,HHTHTHTH,93,15,0
HHHTHHHT,HHHHTTTT,93,16,0
HHHTHTTH,THTTHTTH,93,17,1
TTHH,THTH,93,18,0
HTTHHHTH,HTHHTHHT,93,19,1
HHH,HTT,93,20,0
TTHHTTHH,THTHTHTT,93,21,1
HHTHHHTH,HHHHTTTT,93,22,0
HHTTHHTT,HTHHTTHT,93,23,1
HTHHHTHH,HHTHTHTH,93,24,0
HHTTHHTT,THTHTHTT,93,25,0
HHHHH,HHHTH,93,26,1
HHTT,THTH,93,27,0
HHHHTTTT,HTHHHTHH,93,28,0
THH,HHH,93,29,1
HTHTTHHT,HHTTHHTT,93,30,1
HHHTTTHH,HHTHTHTH,93,31,0
HHHT,HTHT,93,32,0
TTTTHHHH,HHTHHHTH,93,33,0
TTT,HHT,93,34,0
HTTHTHHH,HTHHTHHT,93,35,0
THTTTHTT,HHHHTTTT,93,36,1
TTT,HTT,93,37,0
HHHHHHHT,HTHHTHHT,93,38,0
TTHHTTHH,HTHHTTHT,93,39,1
HHHHTTTT,HHTHHTHH,93,40,0
HTHHTHHT,HHHTHTTT,93,41,0
TTH,HHH,93,42,1
HHHTH,TTTTT,93,43,0
TTTHHHH,HHTHHTH,93,44,1
HTHTHTHT,HTHTTHHT,93,45,1
TTTTTTTT,HHHHHHHT,93,46,0
HHHHTTTT,TTHTTTHT,93,47,0
TTT,THH,93,48,0
HTTT,HTHT,93,49,0
THTH,HHHT,93,50,1
HHTHHTHH,TTTTHHHH,93,51,1
HHTHTHTH,HHHTHHHT,93,52,1
TTH,TTT,93,53,1
HTHTHTHT,HHHHHTHH,93,54,1
HHHHHHHH,HHTHTHTH,93,55,0
HTHHHTHH,TTTTHHHH,93,56,1
HHHHH,HHTHH,93,57,0
HHHHHHHT,HHHTHTTH,93,58,0
HHHHHHHH,HHHHHHHT,93,59,0
HTTTTTTT,HHHHHHHH,93,60,1
THHH,HTHT,93,61,0
HTHHTTHT,HTHTHTHT,93,62,0
HTHT,TTTH,93,63,1
THTHTHTH,HTHHTTHT,93,64,1
HHTHTHTH,HHTTHHTT,94,1,0
HTHHTTTH,HTHHTHHT,94,2,1
TTHH,HTHT,94,3,0
HTHHTHHT,HHHTHTTH,94,4,0
HHTHTHTH,TTHHTTHH,94,5,0
HTHHTHHT,HTHTTHHH,94,6,0
HHHTHTTH,HTTHTTHT,94,7,1
HHTHHHTH,HHTTHTTH,94,8,1
HTHTTTHH,HTHHTHHT,94,9,0
HHTT,HTHT,94,10,1
TTHHTTHH,HTHTHTHH,94,11,1
THHTHHTH,HHHTHTTH,94,12,1
HTHTHTHH,HHTTHHTT,94,13,0
HHT,HHH,94,14,0
HTHHTTHT,HHTHTHTH,94,15,0
HHHHTTTT,HHHTHHHT,94,16,0
HHHTHTTH,THTTHTTH,94,17,1
THTH,TTHH,94,18,1
HTHHTHHT,HTTHHHTH,94,19,1
HTT,HHH,94,20,0
THTHTHTT,TTHHTTHH,94,21,0
HHTHHHTH,HHHHTTTT,94,22,0
HTHHTTHT,HHTTHHTT,94,23,1
HTHHHTHH,HHTHTHTH,94,24,1
THTHTHTT,HHTTHHTT,94,25,0
HHHHH,HHHTH,94,26,0
THTH,HHTT,94,27,0
HTHHHTHH,HHHHTTTT,94,28,0
HHH,THH,94,29,1
HHTTHHTT,HTHTTHHT,94,30,0
HHTHTHTH,HHHTTTHH,94,31,0
HHHT,HTHT,94,32,0
TTTTHHHH,HHTHHHTH,94,33,1
TTT,HHT,94,34,0
HTHHTHHT,HTTHTHHH,94,35,0
HHHHTTTT,THTTTHTT,94,36,1
HTT,TTT,94,37,1
HTHHTHHT,HHHHHHHT,94,38,0
HTHHTTHT,TTHHTTHH,94,39,0
HHHHTTTT,HHTHHTHH,94,40,1
HHHTHTTT,HTHHTHHT,94,41,1
TTH,HHH,94,42,0
HHHTH,TTTTT,94,43,1
HHTHHTH,TTTHHHH,94,44,1
HTHTHTHT,HTHTTHHT,94,45,0
TTTTTTTT,HHHHHHHT,94,46,0
TTHTTTHT,HHHHTTTT,94,47,0
THH,TTT,94,48,1
HTHT,HTTT,94,49,0
HHHT,THTH,94,50,0
HHTHHTHH,TTTTHHHH,94,51,1
HHHTHHHT,HHTHTHTH,94,52,0
TTH,TTT,94,53,0
HTHTHTHT,HHHHHTHH,94,54,1
HHHHHHHH,HHTHTHTH,94,55,1
HTHHHTHH,TTTTHHHH,94,56,1
HHHHH,HHTHH,94,57,0
HHHTHTTH,HHHHHHHT,94,58,1
HHHHHHHT,HHHHHHHH,94,59,1
HTTTTTTT,HHHHHHHH,94,60,1
THHH,HTHT,94,61,1
HTHTHTHT,HTHHTTHT,94,62,0
HTHT,TTTH,94,63,0
THTHTHTH,HTHHTTHT,94,64,0
HHTHTHTH,HHTTHHTT,95,1,0
HTHHTHHT,HTHHTTTH,95,2,1
HTHT,TTHH,95,3,1
HTHHTHHT,HHHTHTTH,95,4,1
HHTHTHTH,TTHHTTHH,95,5,0
HTHHTHHT,HTHTTHHH,95,6,0
HTTHTTHT,HHHTHTTH,95,7,1
HHTHHHTH,HHTTHTTH,95,8,0
HTHHTHHT,HTHTTTHH,95,9,0
HHTT,HTHT,95,10,1
TTHHTTHH,HTHTHTHH,95,11,0
THHTHHTH,HHHTHTTH,95,12,1
HTHTHTHH,HHTTHHTT,95,13,0
HHH,HHT,95,14,0
HHTHTHTH,HTHHTTHT,95,15,0
HHHHTTTT,HHHTHHHT,95,16,0
HHHTHTTH,THTTHTTH,95,17,0
TTHH,THTH,95,18,0
HTTHHHTH,HTHHTHHT,95,19,0
HHH,HTT,95,20,0
THTHTHTT,TTHHTTHH,95,21,1
HHTHHHTH,HHHHTTTT,95,22,1
HHTTHHTT,HTHHTTHT,95,23,0
HTHHHTHH,HHTHTHTH,95,24,1
HHTTHHTT,THTHTHTT,95,25,0
HHHTH,HHHHH,95,26,1
HHTT,THTH,95,27,0
HTHHHTHH,HHHHTTTT,95,28,1
THH,HHH,95,29,1
HTHTTHHT,HHTTHHTT,95,30,1
HHHTTTHH,HHTHTHTH,95,31,0
HTHT,HHHT,95,32,1
TTTTHHHH,HHTHHHTH,95,33,0
HHT,TTT,95,34,1
HTHHTHHT,HTTHTHHH,95,35,1
THTTTHTT,HHHHTTTT,95,36,1
HTT,TTT,95,37,1
HHHHHHHT,HTHHTHHT,95,38,0
TTHHTTHH,HTHHTTHT,95,39,0
HHTHHTHH,HHHHTTTT,95,40,1
HTHHTHHT,HHHTHTTT,95,41,1
HHH,TTH,95,42,0
TTTTT,HHHTH,95,43,0
TTTHHHH,HHTHHTH,95,44,0
HTHTTHHT,HTHTHTHT,95,45,1
TTTTTTTT,HHHHHHHT,95,46,0
TTHTTTHT,HHHHTTTT,95,47,1
THH,TTT,95,48,1
HTTT,HTHT,95,49,1
THTH,HHHT,95,50,1
TTTTHHHH,HHTHHTHH,95,51,0
HHHTHHHT,HHTHTHTH,95,52,1
TTT,TTH,95,53,0
HHHHHTHH,HTHTHTHT,95,54,1
HHHHHHHH,HHTHTHTH,95,55,0
HTHHHTHH,TTTTHHHH,95,56,1
HHTHH,HHHHH,95,57,1
HHHHHHHT,HHHTHTTH,95,58,0
HHHHHHHT,HHHHHHHH,95,59,1
HHHHHHHH,HTTTTTTT,95,60,0
THHH,HTHT,95,61,1
HTHTHTHT,HTHHTTHT,95,62,0
TTTH,HTHT,95,63,0
HTHHTTHT,THTHTHTH,95,64,1
HHTTHHTT,HHTHTHTH,96,1,0
HTHHTHHT,HTHHTTTH,96,2,0
TTHH,HTHT,96,3,1
HTHHTHHT,HHHTHTTH,96,4,0
HHTHTHTH,TTHHTTHH,96,5,1
HTHHTHHT,HTHTTHHH,96,6,0
HHHTHTTH,HTTHTTHT,96,7,1
HHTTHTTH,HHTHHHTH,96,8,0
HTHTTTHH,HTHHTHHT,96,9,1
HTHT,HHTT,96,10,0
TTHHTTHH,HTHTHTHH,96,11,0
THHTHHTH,HHHTHTTH,96,12,0
HTHTHTHH,HHTTHHTT,96,13,1
HHT,HHH,96,14,1
HTHHTTHT,HHTHTHTH,96,15,1
HHHTHHHT,HHHHTTTT,96,16,1
THTTHTTH,HHHTHTTH,96,17,0
TTHH,THTH,96,18,1
HTHHTHHT,HTTHHHTH,96,19,0
HTT,HHH,96,20,1
THTHTHTT,TTHHTTHH,96,21,1
HHHHTTTT,HHTHHHTH,96,22,0
HHTTHHTT,HTHHTTHT,96,23,0
HTHHHTHH,HHTHTHTH,96,24,0
HHTTHHTT,THTHTHTT,96,25,0
HHHTH,HHHHH,96,26,1
THTH,HHTT,96,27,0
HHHHTTTT,HTHHHTHH,96,28,0
HHH,THH,96,29,0
HHTTHHTT,HTHTTHHT,96,30,0
HHHTTTHH,HHTHTHTH,96,31,1
HHHT,HTHT,96,32,1
HHTHHHTH,TTTTHHHH,96,33,1
TTT,HHT,96,34,0
HTTHTHHH,HTHHTHHT,96,35,0
THTTTHTT,HHHHTTTT,96,36,1
HTT,TTT,96,37,1
HTHHTHHT,HHHHHHHT,96,38,1
TTHHTTHH,HTHHTTHT,96,39,0
HHHHTTTT,HHTHHTHH,96,40,0
HHHTHTTT,HTHHTHHT,96,41,1
HHH,TTH,96,42,0
TTTTT,HHHTH,96,43,0
HHTHHTH,TTTHHHH,96,44,1
HTHTTHHT,HTHTHTHT,96,45,1
HHHHHHHT,TTTTTTTT,96,46,1
TTHTTTHT,HHHHTTTT,96,47,1
TTT,THH,96,48,0
HTHT,HTTT,96,49,0
THTH,HHHT,96,50,0
HHTHHTHH,TTTTHHHH,96,51,0
HHHTHHHT,HHTHTHTH,96,52,0
TTH,TTT,96,53,1
HHHHHTHH,HTHTHTHT,96,54,1
HHTHTHTH,HHHHHHHH,96,55,1
TTTTHHHH,HTHHHTHH,96,56,0
HHHHH,HHTHH,96,57,0
HHHHHHHT,HHHTHTTH,96,58,0
HHHHHHHT,HHHHHHHH,96,59,1
HTTTTTTT,HHHHHHHH,96,60,1
THHH,HTHT,96,61,1
HTHHTTHT,HTHTHTHT,96,62,1
TTTH,HTHT,96,63,1
HTHHTTHT,THTHTHTH,96,64,1
HHTTHHTT,HHTHTHTH,97,1,0
HTHHTTTH,HTHHTHHT,97,2,1
TTHH,HTHT,97,3,0
HTHHTHHT,HHHTHTTH,97,4,1
HHTHTHTH,TTHHTTHH,97,5,1
HTHTTHHH,HTHHTHHT,97,6,0
HTTHTTHT,HHHTHTTH,97,7,1
HHTTHTTH,HHTHHHTH,97,8,1
HTHTTTHH,HTHHTHHT,97,9,0
HHTT,HTHT,97,10,0
TTHHTTHH,HTHTHTHH,97,11,0
HHHTHTTH,THHTHHTH,97,12,0
HTHTHTHH,HHTTHHTT,97,13,1
HHH,HHT,97,14,0
HHTHTHTH,HTHHTTHT,97,15,0
HHHHTTTT,HHHTHHHT,97,16,0
HHHTHTTH,THTTHTTH,97,17,0
THTH,TTHH,97,18,1
HTHHTHHT,HTTHHHTH,97,19,1
HHH,HTT,97,20,0
THTHTHTT,TTHHTTHH,97,21,1
HHHHTTTT,HHTHHHTH,97,22,0
HTHHTTHT,HHTTHHTT,97,23,1
HHTHTHTH,HTHHHTHH,97,24,0
THTHTHTT,HHTTHHTT,97,25,1
HHHHH,HHHTH,97,26,0
HHTT,THTH,97,27,0
HTHHHTHH,HHHHTTTT,97,28,1
HHH,THH,97,29,0
HHTTHHTT,HTHTTHHT,97,30,0
HHHTTTHH,HHTHTHTH,97,31,0
HTHT,HHHT,97,32,1
HHTHHHTH,TTTTHHHH,97,33,1
TTT,HHT,97,34,0
HTHHTHHT,HTTHTHHH,97,35,1
THTTTHTT,HHHHTTTT,97,36,1
TTT,HTT,97,37,0
HTHHTHHT,HHHHHHHT,97,38,1
HTHHTTHT,TTHHTTHH,97,39,1
HHTHHTHH,HHHHTTTT,97,40,1
HTHHTHHT,HHHTHTTT,97,41,1
TTH,HHH,97,42,1
TTTTT,HHHTH,97,43,0
HHTHHTH,TTTHHHH,97,44,1
HTHTHTHT,HTHTTHHT,97,45,0
HHHHHHHT,TTTTTTTT,97,46,1
TTHTTTHT,HHHHTTTT,97,47,1
TTT,THH,97,48,0
HTHT,HTTT,97,49,0
THTH,HHHT,97,50,0
HHTHHTHH,TTTTHHHH,97,51,1
HHTHTHTH,HHHTHHHT,97,52,0
TTH,TTT,97,53,1
HTHTHTHT,HHHHHTHH,97,54,1
HHHHHHHH,HHTHTHTH,97,55,0
HTHHHTHH,TTTTHHHH,97,56,1
HHHHH,HHTHH,97,57,0
HHHHHHHT,HHHTHTTH,97,58,0
HHHHHHHT,HHHHHHHH,97,59,0
HHHHHHHH,HTTTTTTT,97,60,0
HTHT,THHH,97,61,0
HTHTHTHT,HTHHTTHT,97,62,0
HTHT,TTTH,97,63,1
THTHTHTH,HTHHTTHT,97,64,0
HHTTHHTT,HHTHTHTH,98,1,1
HTHHTHHT,HTHHTTTH,98,2,0
TTHH,HTHT,98,3,1
HTHHTHHT,HHHTHTTH,98,4,1
TTHHTTHH,HHTHTHTH,98,5,0
HTHHTHHT,HTHTTHHH,98,6,0
HHHTHTTH,HTTHTTHT,98,7,1
HHTTHTTH,HHTHHHTH,98,8,0
HTHHTHHT,HTHTTTHH,98,9,0
HHTT,HTHT,98,10,1
HTHTHTHH,TTHHTTHH,98,11,1
HHHTHTTH,THHTHHTH,98,12,1
HHTTHHTT,HTHTHTHH,98,13,0
HHT,HHH,98,14,1
HHTHTHTH,HTHHTTHT,98,15,1
HHHHTTTT,HHHTHHHT,98,16,0
HHHTHTTH,THTTHTTH,98,17,1
TTHH,THTH,98,18,0
HTHHTHHT,HTTHHHTH,98,19,0
HHH,HTT,98,20,0
TTHHTTHH,THTHTHTT,98,21,0
HHHHTTTT,HHTHHHTH,98,22,0
HHTTHHTT,HTHHTTHT,98,23,0
HHTHTHTH,HTHHHTHH,98,24,0
THTHTHTT,HHTTHHTT,98,25,1
HHHHH,HHHTH,98,26,0
THTH,HHTT,98,27,1
HTHHHTHH,HHHHTTTT,98,28,1
HHH,THH,98,29,0
HHTTHHTT,HTHTTHHT,98,30,0
HHHTTTHH,HHTHTHTH,98,31,1
HHHT,HTHT,98,32,1
TTTTHHHH,HHTHHHTH,98,33,0
TTT,HHT,98,34,0
HTHHTHHT,HTTHTHHH,98,35,0
THTTTHTT,HHHHTTTT,98,36,1
TTT,HTT,98,37,0
HTHHTHHT,HHHHHHHT,98,38,0
TTHHTTHH,HTHHTTHT,98,39,0
HHTHHTHH,HHHHTTTT,98,40,1
HHHTHTTT,HTHHTHHT,98,41,1
TTH,HHH,98,42,1
HHHTH,TTTTT,98,43,1
TTTHHHH,HHTHHTH,98,44,0
HTHTTHHT,HTHTHTHT,98,45,1
HHHHHHHT,TTTTTTTT,98,46,1
TTHTTTHT,HHHHTTTT,98,47,1
TTT,THH,98,48,0
HTTT,HTHT,98,49,1
THTH,HHHT,98,50,0
HHTHHTHH,TTTTHHHH,98,51,1
HHTHTHTH,HHHTHHHT,98,52,1
TTT,TTH,98,53,0
HTHTHTHT,HHHHHTHH,98,54,0
HHHHHHHH,HHTHTHTH,98,55,0
HTHHHTHH,TTTTHHHH,98,56,1
HHTHH,HHHHH,98,57,1
HHHTHTTH,HHHHHHHT,98,58,1
HHHHHHHT,HHHHHHHH,98,59,1
HTTTTTTT,HHHHHHHH,98,60,1
HTHT,THHH,98,61,0
HTHTHTHT,HTHHTTHT,98,62,0
TTTH,HTHT,98,63,0
THTHTHTH,HTHHTTHT,98,64,0
HHTTHHTT,HHTHTHTH,99,1,0
HTHHTTTH,HTHHTHHT,99,2,1
HTHT,TTHH,99,3,1
HTHHTHHT,HHHTHTTH,99,4,0
HHTHTHTH,TTHHTTHH,99,5,1
HTHHTHHT,HTHTTHHH,99,6,0
HTTHTTHT,HHHTHTTH,99,7,0
HHTHHHTH,HHTTHTTH,99,8,1
HTHTTTHH,HTHHTHHT,99,9,1
HHTT,HTHT,99,10,1
TTHHTTHH,HTHTHTHH,99,11,0
THHTHHTH,HHHTHTTH,99,12,0
HHTTHHTT,HTHTHTHH,99,13,0
HHH,HHT,99,14,0
HTHHTTHT,HHTHTHTH,99,15,1
HHHTHHHT,HHHHTTTT,99,16,1
THTTHTTH,HHHTHTTH,99,17,0
THTH,TTHH,99,18,0
HTHHTHHT,HTTHHHTH,99,19,0
HTT,HHH,99,20,0
THTHTHTT,TTHHTTHH,99,21,1
HHTHHHTH,HHHHTTTT,99,22,1
HTHHTTHT,HHTTHHTT,99,23,1
HTHHHTHH,HHTHTHTH,99,24,1
HHTTHHTT,THTHTHTT,99,25,0
HHHHH,HHHTH,99,26,0
HHTT,THTH,99,27,1
HTHHHTHH,HHHHTTTT,99,28,1
THH,HHH,99,29,0
HHTTHHTT,HTHTTHHT,99,30,0
HHHTTTHH,HHTHTHTH,99,31,0
HHHT,HTHT,99,32,1
HHTHHHTH,TTTTHHHH,99,33,1
TTT,HHT,99,34,0
HTHHTHHT,HTTHTHHH,99,35,0
THTTTHTT,HHHHTTTT,99,36,1
TTT,HTT,99,37,0
HHHHHHHT,HTHHTHHT,99,38,1
TTHHTTHH,HTHHTTHT,99,39,0
HHTHHTHH,HHHHTTTT,99,40,1
HTHHTHHT,HHHTHTTT,99,41,0
TTH,HHH,99,42,1
HHHTH,TTTTT,99,43,1
TTTHHHH,HHTHHTH,99,44,0
HTHTHTHT,HTHTTHHT,99,45,0
HHHHHHHT,TTTTTTTT,99,46,1
HHHHTTTT,TTHTTTHT,99,47,0
TTT,THH,99,48,0
HTHT,HTTT,99,49,1
HHHT,THTH,99,50,0
TTTTHHHH,HHTHHTHH,99,51,0
HHTHTHTH,HHHTHHHT,99,52,1
TTH,TTT,99,53,1
HHHHHTHH,HTHTHTHT,99,54,1
HHTHTHTH,HHHHHHHH,99,55,1
TTTTHHHH,HTHHHTHH,99,56,0
HHTHH,HHHHH,99,57,1
HHHTHTTH,HHHHHHHT,99,58,1
HHHHHHHH,HHHHHHHT,99,59,0
HHHHHHHH,HTTTTTTT,99,60,0
THHH,HTHT,99,61,1
HTHHTTHT,HTHTHTHT,99,62,1
TTTH,HTHT,99,63,1
HTHHTTHT,THTHTHTH,99,64,1
HHTTHHTT,HHTHTHTH,100,1,0
HTHHTTTH,HTHHTHHT,100,2,1
TTHH,HTHT,100,3,1
HTHHTHHT,HHHTHTTH,100,4,0
HHTHTHTH,TTHHTTHH,100,5,1
HTHTTHHH,HTHHTHHT,100,6,1
HTTHTTHT,HHHTHTTH,100,7,0
HHTTHTTH,HHTHHHTH,100,8,0
HTHHTHHT,HTHTTTHH,100,9,0
HHTT,HTHT,100,10,1
HTHTHTHH,TTHHTTHH,100,11,1
HHHTHTTH,THHTHHTH,100,12,1
HTHTHTHH,HHTTHHTT,100,13,1
HHT,HHH,100,14,1
HTHHTTHT,HHTHTHTH,100,15,0
HHHTHHHT,HHHHTTTT,100,16,1
THTTHTTH,HHHTHTTH,100,17,0
TTHH,THTH,100,18,1
HTTHHHTH,HTHHTHHT,100,19,1
HTT,HHH,100,20,1
THTHTHTT,TTHHTTHH,100,21,1
HHTHHHTH,HHHHTTTT,100,22,1
HHTTHHTT,HTHHTTHT,100,23,0
HTHHHTHH,HHTHTHTH,100,24,0
HHTTHHTT,THTHTHTT,100,25,0
HHHHH,HHHTH,100,26,0
HHTT,THTH,100,27,1
HTHHHTHH,HHHHTTTT,100,28,1
HHH,THH,100,29,0
HHTTHHTT,HTHTTHHT,100,30,0
HHHTTTHH,HHTHTHTH,100,31,0
HTHT,HHHT,100,32,0
TTTTHHHH,HHTHHHTH,100,33,0
TTT,HHT,100,34,0
HTHHTHHT,HTTHTHHH,100,35,0
HHHHTTTT,THTTTHTT,100,36,0
HTT,TTT,100,37,1
HTHHTHHT,HHHHHHHT,100,38,0
HTHHTTHT,TTHHTTHH,100,39,1
HHTHHTHH,HHHHTTTT,100,40,0
HHHTHTTT,HTHHTHHT,100,41,1
TTH,HHH,100,42,1
HHHTH,TTTTT,100,43,1
TTTHHHH,HHTHHTH,100,44,1
HTHTTHHT,HTHTHTHT,100,45,1
TTTTTTTT,HHHHHHHT,100,46,0
TTHTTTHT,HHHHTTTT,100,47,1
TTT,THH,100,48,0
HTTT,HTHT,100,49,1
HHHT,THTH,100,50,1
HHTHHTHH,TTTTHHHH,100,51,0
HHTHTHTH,HHHTHHHT,100,52,1
TTT,TTH,100,53,0
HTHTHTHT,HHHHHTHH,100,54,0
HHHHHHHH,HHTHTHTH,100,55,0
HTHHHTHH,TTTTHHHH,100,56,1
HHTHH,HHHHH,100,57,1
HHHTHTTH,HHHHHHHT,100,58,0
HHHHHHHT,HHHHHHHH,100,59,1
HTTTTTTT,HHHHHHHH,100,60,1
THHH,HTHT,100,61,1
HTHHTTHT,HTHTHTHT,100,62,1
HTHT,TTTH,100,63,0
THTHTHTH,HTHHTTHT,100,64,0
HHTHTHTH,HHTTHHTT,101,1,1
HTHHTTTH,HTHHTHHT,101,2,1
TTHH,HTHT,101,3,0
HHHTHTTH,HTHHTHHT,101,4,0
HHTHTHTH,TTHHTTHH,101,5,1
HTHTTHHH,HTHHTHHT,101,6,1
HTTHTTHT,HHHTHTTH,101,7,0
HHTTHTTH,HHTHHHTH,101,8,1
HTHHTHHT,HTHTTTHH,101,9,1
HTHT,HHTT,101,10,1
HTHTHTHH,TTHHTTHH,101,11,0
THHTHHTH,HHHTHTTH,101,12,1
HTHTHTHH,HHTTHHTT,101,13,1
HHT,HHH,101,14,1
HTHHTTHT,HHTHTHTH,101,15,1
HHHTHHHT,HHHHTTTT,101,16,1
HHHTHTTH,THTTHTTH,101,17,0
THTH,TTHH,101,18,0
HTHHTHHT,HTTHHHTH,101,19,1
HTT,HHH,101,20,1
TTHHTTHH,THTHTHTT,101,21,0
HHTHHHTH,HHHHTTTT,101,22,1
HTHHTTHT,HHTTHHTT,101,23,1
HTHHHTHH,HHTHTHTH,101,24,0
HHTTHHTT,THTHTHTT,101,25,1
HHHHH,HHHTH,101,26,0
THTH,HHTT,101,27,1
HTHHHTHH,HHHHTTTT,101,28,1
HHH,THH,101,29,0
HHTTHHTT,HTHTTHHT,101,30,0
HHTHTHTH,HHHTTTHH,101,31,1
HTHT,HHHT,101,32,1
TTTTHHHH,HHTHHHTH,101,33,0
HHT,TTT,101,34,1
HTTHTHHH,HTHHTHHT,101,35,1
THTTTHTT,HHHHTTTT,101,36,1
TTT,HTT,101,37,0
HHHHHHHT,HTHHTHHT,101,38,0
TTHHTTHH,HTHHTTHT,101,39,0
HHHHTTTT,HHTHHTHH,101,40,0
HHHTHTTT,HTHHTHHT,101,41,1
TTH,HHH,101,42,1
TTTTT,HHHTH,101,43,0
TTTHHHH,HHTHHTH,101,44,0
HTHTTHHT,HTHTHTHT,101,45,1
HHHHHHHT,TTTTTTTT,101,46,1
HHHHTTTT,TTHTTTHT,101,47,0
TTT,THH,101,48,0
HTTT,HTHT,101,49,0
THTH,HHHT,101,50,0
HHTHHTHH,TTTTHHHH,101,51,1
HHTHTHTH,HHHTHHHT,101,52,1
TTT,TTH,101,53,0
HTHTHTHT,HHHHHTHH,101,54,0
HHTHTHTH,HHHHHHHH,101,55,1
TTTTHHHH,HTHHHTHH,101,56,0
HHHHH,HHTHH,101,57,0
HHHHHHHT,HHHTHTTH,101,58,0
HHHHHHHH,HHHHHHHT,101,59,0
HHHHHHHH,HTTTTTTT,101,60,0
HTHT,THHH,101,61,0
HTHTHTHT,HTHHTTHT,101,62,0
HTHT,TTTH,101,63,0
HTHHTTHT,THTHTHTH,101,64,1
HHTHTHTH,HHTTHHTT,102,1,1
HTHHTHHT,HTHHTTTH,102,2,0
TTHH,HTHT,102,3,0
HTHHTHHT,HHHTHTTH,102,4,0
TTHHTTHH,HHTHTHTH,102,5,0
HTHTTHHH,HTHHTHHT,102,6,1
HHHTHTTH,HTTHTTHT,102,7,1
HHTTHTTH,HHTHHHTH,102,8,1
HTHHTHHT,HTHTTTHH,102,9,0
HTHT,HHTT,102,10,1
HTHTHTHH,TTHHTTHH,102,11,1
HHHTHTTH,THHTHHTH,102,12,1
HTHTHTHH,HHTTHHTT,102,13,1
HHT,HHH,102,14,1
HHTHTHTH,HTHHTTHT,102,15,1
HHHTHHHT,HHHHTTTT,102,16,1
HHHTHTTH,THTTHTTH,102,17,1
THTH,TTHH,102,18,1
HTTHHHTH,HTHHTHHT,102,19,1
HHH,HTT,102,20,0
THTHTHTT,TTHHTTHH,102,21,1
HHHHTTTT,HHTHHHTH,102,22,0
HTHHTTHT,HHTTHHTT,102,23,1
HTHHHTHH,HHTHTHTH,102,24,1
HHTTHHTT,THTHTHTT,102,25,0
HHHHH,HHHTH,102,26,0
THTH,HHTT,102,27,1
HHHHTTTT,HTHHHTHH,102,28,0
THH,HHH,102,29,1
HTHTTHHT,HHTTHHTT,102,30,1
HHHTTTHH,HHTHTHTH,102,31,1
HHHT,HTHT,102,32,0
HHTHHHTH,TTTTHHHH,102,33,1
TTT,HHT,102,34,0
HTTHTHHH,HTHHTHHT,102,35,1
HHHHTTTT,THTTTHTT,102,36,0
HTT,TTT,102,37,1
HHHHHHHT,HTHHTHHT,102,38,0
TTHHTTHH,HTHHTTHT,102,39,0
HHHHTTTT,HHTHHTHH,102,40,0
HTHHTHHT,HHHTHTTT,102,41,0
HHH,TTH,102,42,0
TTTTT,HHHTH,102,43,0
HHTHHTH,TTTHHHH,102,44,1
HTHTTHHT,HTHTHTHT,102,45,1
HHHHHHHT,TTTTTTTT,102,46,1
HHHHTTTT,TTHTTTHT,102,47,0
TTT,THH,102,48,0
HTTT,HTHT,102,49,0
HHHT,THTH,102,50,0
TTTTHHHH,HHTHHTHH,102,51,0
HHHTHHHT,HHTHTHTH,102,52,0
TTT,TTH,102,53,0
HHHHHTHH,HTHTHTHT,102,54,0
HHTHTHTH,HHHHHHHH,102,55,1
HTHHHTHH,TTTTHHHH,102,56,1
HHTHH,HHHHH,102,57,1
HHHHHHHT,HHHTHTTH,102,58,0
HHHHHHHH,HHHHHHHT,102,59,0
HHHHHHHH,HTTTTTTT,102,60,0
HTHT,THHH,102,61,1
HTHTHTHT,HTHHTTHT,102,62,0
HTHT,TTTH,102,63,1
HTHHTTHT,THTHTHTH,102,64,1
HHTHTHTH,HHTTHHTT,103,1,1
HTHHTTTH,HTHHTHHT,103,2,1
HTHT,TTHH,103,3,0
HTHHTHHT,HHHTHTTH,103,4,1
HHTHTHTH,TTHHTTHH,103,5,1
HTHHTHHT,HTHTTHHH,103,6,1
HHHTHTTH,HTTHTTHT,103,7,1
HHTTHTTH,HHTHHHTH,103,8,1
HTHTTTHH,HTHHTHHT,103,9,1
HHTT,HTHT,103,10,1
TTHHTTHH,HTHTHTHH,103,11,1
THHTHHTH,HHHTHTTH,103,12,0
HTHTHTHH,HHTTHHTT,103,13,1
HHT,HHH,103,14,1
HTHHTTHT,HHTHTHTH,103,15,1
HHHHTTTT,HHHTHHHT,103,16,0
THTTHTTH,HHHTHTTH,103,17,1
TTHH,THTH,103,18,1
HTTHHHTH,HTHHTHHT,103,19,1
HTT,HHH,103,20,1
THTHTHTT,TTHHTTHH,103,21,0
HHHHTTTT,HHTHHHTH,103,22,0
HHTTHHTT,HTHHTTHT,103,23,0
HTHHHTHH,HHTHTHTH,103,24,0
THTHTHTT,HHTTHHTT,103,25,1
HHHHH,HHHTH,103,26,0
THTH,HHTT,103,27,0
HTHHHTHH,HHHHTTTT,103,28,1
HHH,THH,103,29,0
HTHTTHHT,HHTTHHTT,103,30,0
HHTHTHTH,HHHTTTHH,103,31,1
HHHT,HTHT,103,32,1
TTTTHHHH,HHTHHHTH,103,33,0
TTT,HHT,103,34,0
HTTHTHHH,HTHHTHHT,103,35,0
HHHHTTTT,THTTTHTT,103,36,0
TTT,HTT,103,37,0
HTHHTHHT,HHHHHHHT,103,38,1
TTHHTTHH,HTHHTTHT,103,39,1
HHHHTTTT,HHTHHTHH,103,40,0
HHHTHTTT,HTHHTHHT,103,41,0
TTH,HHH,103,42,1
HHHTH,TTTTT,103,43,1
HHTHHTH,TTTHHHH,103,44,1
HTHTHTHT,HTHTTHHT,103,45,0
HHHHHHHT,TTTTTTTT,103,46,1
HHHHTTTT,TTHTTTHT,103,47,0
THH,TTT,103,48,1
HTTT,HTHT,103,49,1
HHHT,THTH,103,50,1
TTTTHHHH,HHTHHTHH,103,51,0
HHTHTHTH,HHHTHHHT,103,52,1
TTH,TTT,103,53,1
HTHTHTHT,HHHHHTHH,103,54,1
HHTHTHTH,HHHHHHHH,103,55,1
HTHHHTHH,TTTTHHHH,103,56,1
HHTHH,HHHHH,103,57,1
HHHTHTTH,HHHHHHHT,103,58,1
HHHHHHHH,HHHHHHHT,103,59,0
HHHHHHHH,HTTTTTTT,103,60,1
HTHT,THHH,103,61,1
HTHTHTHT,HTHHTTHT,103,62,0
TTTH,HTHT,103,63,1
HTHHTTHT,THTHTHTH,103,64,1
HHTTHHTT,HHTHTHTH,104,1,1
HTHHTHHT,HTHHTTTH,104,2,0
TTHH,HTHT,104,3,1
HTHHTHHT,HHHTHTTH,104,4,0
TTHHTTHH,HHTHTHTH,104,5,1
HTHTTHHH,HTHHTHHT,104,6,1
HHHTHTTH,HTTHTTHT,104,7,1
HHTHHHTH,HHTTHTTH,104,8,0
HTHHTHHT,HTHTTTHH,104,9,0
HHTT,HTHT,104,10,0
TTHHTTHH,HTHTHTHH,104,11,1
THHTHHTH,HHHTHTTH,104,12,0
HHTTHHTT,HTHTHTHH,104,13,1
HHH,HHT,104,14,0
HTHHTTHT,HHTHTHTH,104,15,1
HHHHTTTT,HHHTHHHT,104,16,0
THTTHTTH,HHHTHTTH,104,17,1
THTH,TTHH,104,18,1
HTHHTHHT,HTTHHHTH,104,19,0
HHH,HTT,104,20,0
TTHHTTHH,THTHTHTT,104,21,0
HHTHHHTH,HHHHTTTT,104,22,1
HHTTHHTT,HTHHTTHT,104,23,0
HTHHHTHH,HHTHTHTH,104,24,1
THTHTHTT,HHTTHHTT,104,25,0
HHHHH,HHHTH,104,26,0
THTH,HHTT,104,27,0
HTHHHTHH,HHHHTTTT,104,28,1
HHH,THH,104,29,0
HHTTHHTT,HTHTTHHT,104,30,0
HHTHTHTH,HHHTTTHH,104,31,1
HHHT,HTHT,104,32,1
TTTTHHHH,HHTHHHTH,104,33,0
TTT,HHT,104,34,0
HTTHTHHH,HTHHTHHT,104,35,0
THTTTHTT,HHHHTTTT,104,36,1
TTT,HTT,104,37,0
HTHHTHHT,HHHHHHHT,104,38,1
TTHHTTHH,HTHHTTHT,104,39,0
HHHHTTTT,HHTHHTHH,104,40,0
HTHHTHHT,HHHTHTTT,104,41,1
TTH,HHH,104,42,1
HHHTH,TTTTT,104,43,1
HHTHHTH,TTTHHHH,104,44,1
HTHTTHHT,HTHTHTHT,104,45,1
TTTTTTTT,HHHHHHHT,104,46,0
TTHTTTHT,HHHHTTTT,104,47,1
TTT,THH,104,48,0
HTHT,HTTT,104,49,0
HHHT,THTH,104,50,1
HHTHHTHH,TTTTHHHH,104,51,1
HHHTHHHT,HHTHTHTH,104,52,1
TTH,TTT,104,53,1
HTHTHTHT,HHHHHTHH,104,54,1
HHTHTHTH,HHHHHHHH,104,55,1
TTTTHHHH,HTHHHTHH,104,56,0
HHTHH,HHHHH,104,57,1
HHHTHTTH,HHHHHHHT,104,58,1
HHHHHHHH,HHHHHHHT,104,59,0
HTTTTTTT,HHHHHHHH,104,60,1
THHH,HTHT,104,61,1
HTHTHTHT,HTHHTTHT,104,62,1
HTHT,TTTH,104,63,1
HTHHTTHT,THTHTHTH,104,64,1
HHTHTHTH,HHTTHHTT,105,1,1
HTHHTHHT,HTHHTTTH,105,2,1
HTHT,TTHH,105,3,1
HHHTHTTH,HTHHTHHT,105,4,1
TTHHTTHH,HHTHTHTH,105,5,0
HTHTTHHH,HTHHTHHT,105,6,1
HTTHTTHT,HHHTHTTH,105,7,0
HHTTHTTH,HHTHHHTH,105,8,0
HTHTTTHH,HTHHTHHT,105,9,1
HHTT,HTHT,105,10,0
HTHTHTHH,TTHHTTHH,105,11,0
HHHTHTTH,THHTHHTH,105,12,0
HHTTHHTT,HTHTHTHH,105,13,0
HHT,HHH,105,14,1
HHTHTHTH,HTHHTTHT,105,15,0
HHHHTTTT,HHHTHHHT,105,16,0
THTTHTTH,HHHTHTTH,105,17,1
TTHH,THTH,105,18,1
HTHHTHHT,HTTHHHTH,105,19,1
HTT,HHH,105,20,1
TTHHTTHH,THTHTHTT,105,21,0
HHTHHHTH,HHHHTTTT,105,22,1
HHTTHHTT,HTHHTTHT,105,23,0
HHTHTHTH,HTHHHTHH,105,24,0
HHTTHHTT,THTHTHTT,105,25,0
HHHHH,HHHTH,105,26,0
HHTT,THTH,105,27,1
HTHHHTHH,HHHHTTTT,105,28,1
HHH,THH,105,29,1
HTHTTHHT,HHTTHHTT,105,30,1
HHTHTHTH,HHHTTTHH,105,31,1
HTHT,HHHT,105,32,0
TTTTHHHH,HHTHHHTH,105,33,0
TTT,HHT,105,34,0
HTHHTHHT,HTTHTHHH,105,35,0
THTTTHTT,HHHHTTTT,105,36,1
HTT,TTT,105,37,0
HHHHHHHT,HTHHTHHT,105,38,0
TTHHTTHH,HTHHTTHT,105,39,1
HHTHHTHH,HHHHTTTT,105,40,1
HTHHTHHT,HHHTHTTT,105,41,1
TTH,HHH,105,42,1
HHHTH,TTTTT,105,43,1
TTTHHHH,HHTHHTH,105,44,0
HTHTTHHT,HTHTHTHT,105,45,0
TTTTTTTT,HHHHHHHT,105,46,0
HHHHTTTT,TTHTTTHT,105,47,1
TTT,THH,105,48,1
HTHT,HTTT,105,49,1
THTH,HHHT,105,50,1
TTTTHHHH,HHTHHTHH,105,51,0
HHTHTHTH,HHHTHHHT,105,52,0
TTH,TTT,105,53,1
HHHHHTHH,HTHTHTHT,105,54,0
HHTHTHTH,HHHHHHHH,105,55,1
HTHHHTHH,TTTTHHHH,105,56,1
HHTHH,HHHHH,105,57,1
HHHHHHHT,HHHTHTTH,105,58,0
HHHHHHHH,HHHHHHHT,105,59,0
HTTTTTTT,HHHHHHHH,105,60,1
HTHT,THHH,105,61,0
HTHTHTHT,HTHHTTHT,105,62,0
TTTH,HTHT,105,63,1
HTHHTTHT,THTHTHTH,105,64,1
HHTTHHTT,HHTHTHTH,106,1,0
HTHHTTTH,HTHHTHHT,106,2,1
TTHH,HTHT,106,3,0
HHHTHTTH,HTHHTHHT,106,4,0
HHTHTHTH,TTHHTTHH,106,5,0
HTHTTHHH,HTHHTHHT,106,6,1
HTTHTTHT,HHHTHTTH,106,7,0
HHTHHHTH,HHTTHTTH,106,8,1
HTHTTTHH,HTHHTHHT,106,9,0
HHTT,HTHT,106,10,1
HTHTHTHH,TTHHTTHH,106,11,0
HHHTHTTH,THHTHHTH,106,12,1
HTHTHTHH,HHTTHHTT,106,13,1
HHH,HHT,106,14,0
HHTHTHTH,HTHHTTHT,106,15,0
HHHTHHHT,HHHHTTTT,106,16,0
THTTHTTH,HHHTHTTH,106,17,1
TTHH,THTH,106,18,0
HTHHTHHT,HTTHHHTH,106,19,0
HTT,HHH,106,20,1
THTHTHTT,TTHHTTHH,106,21,0
HHTHHHTH,HHHHTTTT,106,22,1
HHTTHHTT,HTHHTTHT,106,23,0
HHTHTHTH,HTHHHTHH,106,24,1
THTHTHTT,HHTTHHTT,106,25,0
HHHTH,HHHHH,106,26,1
HHTT,THTH,106,27,0
HTHHHTHH,HHHHTTTT,106,28,1
THH,HHH,106,29,1
HTHTTHHT,HHTTHHTT,106,30,0
HHHTTTHH,HHTHTHTH,106,31,1
HTHT,HHHT,106,32,0
TTTTHHHH,HHTHHHTH,106,33,1
TTT,HHT,106,34,0
HTTHTHHH,HTHHTHHT,106,35,0
THTTTHTT,HHHHTTTT,106,36,1
TTT,HTT,106,37,0
HTHHTHHT,HHHHHHHT,106,38,1
TTHHTTHH,HTHHTTHT,106,39,1
HHTHHTHH,HHHHTTTT,106,40,1
HTHHTHHT,HHHTHTTT,106,41,0
TTH,HHH,106,42,1
HHHTH,TTTTT,106,43,1
HHTHHTH,TTTHHHH,106,44,1
HTHTTHHT,HTHTHTHT,106,45,0
TTTTTTTT,HHHHHHHT,106,46,0
TTHTTTHT,HHHHTTTT,106,47,1
TTT,THH,106,48,0
HTHT,HTTT,106,49,1
HHHT,THTH,106,50,1
TTTTHHHH,HHTHHTHH,106,51,0
HHHTHHHT,HHTHTHTH,106,52,1
TTH,TTT,106,53,1
HHHHHTHH,HTHTHTHT,106,54,1
HHHHHHHH,HHTHTHTH,106,55,0
TTTTHHHH,HTHHHTHH,106,56,0
HHHHH,HHTHH,106,57,0
HHHTHTTH,HHHHHHHT,106,58,1
HHHHHHHH,HHHHHHHT,106,59,0
HHHHHHHH,HTTTTTTT,106,60,1
THHH,HTHT,106,61,0
HTHHTTHT,HTHTHTHT,106,62,1
TTTH,HTHT,106,63,1
HTHHTTHT,THTHTHTH,106,64,1
HHTTHHTT,HHTHTHTH,107,1,0
HTHHTHHT,HTHHTTTH,107,2,0
TTHH,HTHT,107,3,1
HHHTHTTH,HTHHTHHT,107,4,1
TTHHTTHH,HHTHTHTH,107,5,1
HTHHTHHT,HTHTTHHH,107,6,0
HHHTHTTH,HTTHTTHT,107,7,1
HHTTHTTH,HHTHHHTH,107,8,0
HTHTTTHH,HTHHTHHT,107,9,1
HTHT,HHTT,107,10,0
TTHHTTHH,HTHTHTHH,107,11,0
HHHTHTTH,THHTHHTH,107,12,1
HHTTHHTT,HTHTHTHH,107,13,1
HHT,HHH,107,14,0
HTHHTTHT,HHTHTHTH,107,15,0
HHHHTTTT,HHHTHHHT,107,16,0
HHHTHTTH,THTTHTTH,107,17,1
THTH,TTHH,107,18,0
HTHHTHHT,HTTHHHTH,107,19,0
HHH,HTT,107,20,1
THTHTHTT,TTHHTTHH,107,21,0
HHHHTTTT,HHTHHHTH,107,22,0
HTHHTTHT,HHTTHHTT,107,23,1
HTHHHTHH,HHTHTHTH,107,24,0
HHTTHHTT,THTHTHTT,107,25,1
HHHHH,HHHTH,107,26,0
THTH,HHTT,107,27,0
HTHHHTHH,HHHHTTTT,107,28,0
HHH,THH,107,29,1
HTHTTHHT,HHTTHHTT,107,30,0
HHTHTHTH,HHHTTTHH,107,31,0
HTHT,HHHT,107,32,0
HHTHHHTH,TTTTHHHH,107,33,0
HHT,TTT,107,34,1
HTHHTHHT,HTTHTHHH,107,35,0
HHHHTTTT,THTTTHTT,107,36,0
HTT,TTT,107,37,0
HHHHHHHT,HTHHTHHT,107,38,1
HTHHTTHT,TTHHTTHH,107,39,0
HHHHTTTT,HHTHHTHH,107,40,0
HTHHTHHT,HHHTHTTT,107,41,0
HHH,TTH,107,42,0
HHHTH,TTTTT,107,43,1
TTTHHHH,HHTHHTH,107,44,0
HTHTHTHT,HTHTTHHT,107,45,0
TTTTTTTT,HHHHHHHT,107,46,0
TTHTTTHT,HHHHTTTT,107,47,1
THH,TTT,107,48,0
HTTT,HTHT,107,49,1
HHHT,THTH,107,50,0
TTTTHHHH,HHTHHTHH,107,51,1
HHHTHHHT,HHTHTHTH,107,52,0
TTH,TTT,107,53,1
HHHHHTHH,HTHTHTHT,107,54,0
HHHHHHHH,HHTHTHTH,107,55,0
HTHHHTHH,TTTTHHHH,107,56,1
HHTHH,HHHHH,107,57,0
HHHTHTTH,HHHHHHHT,107,58,0
HHHHHHHH,HHHHHHHT,107,59,1
HHHHHHHH,HTTTTTTT,107,60,1
THHH,HTHT,107,61,1
HTHTHTHT,HTHHTTHT,107,62,0
HTHT,TTTH,107,63,1
THTHTHTH,HTHHTTHT,107,64,1
HHTHTHTH,HHTTHHTT,108,1,1
HTHHTTTH,HTHHTHHT,108,2,0
HTHT,TTHH,108,3,1
HTHHTHHT,HHHTHTTH,108,4,0
TTHHTTHH,HHTHTHTH,108,5,0
HTHTTHHH,HTHHTHHT,108,6,1
HTTHTTHT,HHHTHTTH,108,7,0
HHTHHHTH,HHTTHTTH,108,8,1
HTHHTHHT,HTHTTTHH,108,9,0
HHTT,HTHT,108,10,1
HTHTHTHH,TTHHTTHH,108,11,1
HHHTHTTH,THHTHHTH,108,12,1
HHTTHHTT,HTHTHTHH,108,13,0
HHH,HHT,108,14,1
HTHHTTHT,HHTHTHTH,108,15,1
HHHHTTTT,HHHTHHHT,108,16,0
HHHTHTTH,THTTHTTH,108,17,1
TTHH,THTH,108,18,1
HTTHHHTH,HTHHTHHT,108,19,1
HTT,HHH,108,20,0
THTHTHTT,TTHHTTHH,108,21,0
HHTHHHTH,HHHHTTTT,108,22,1
HHTTHHTT,HTHHTTHT,108,23,0
HHTHTHTH,HTHHHTHH,108,24,1
HHTTHHTT,THTHTHTT,108,25,0
HHHHH,HHHTH,108,26,1
HHTT,THTH,108,27,0
HTHHHTHH,HHHHTTTT,108,28,1
HHH,THH,108,29,0
HHTTHHTT,HTHTTHHT,108,30,1
HHTHTHTH,HHHTTTHH,108,31,1
HHHT,HTHT,108,32,1
HHTHHHTH,TTTTHHHH,108,33,1
HHT,TTT,108,34,0
HTTHTHHH,HTHHTHHT,108,35,1
HHHHTTTT,THTTTHTT,108,36,0
HTT,TTT,108,37,1
HTHHTHHT,HHHHHHHT,108,38,0
HTHHTTHT,TTHHTTHH,108,39,1
HHTHHTHH,HHHHTTTT,108,40,0
HHHTHTTT,HTHHTHHT,108,41,1
HHH,TTH,108,42,0
HHHTH,TTTTT,108,43,0
HHTHHTH,TTTHHHH,108,44,1
HTHTHTHT,HTHTTHHT,108,45,0
HHHHHHHT,TTTTTTTT,108,46,0
TTHTTTHT,HHHHTTTT,108,47,1
TTT,THH,108,48,0
HTTT,HTHT,108,49,1
HHHT,THTH,108,50,1
TTTTHHHH,HHTHHTHH,108,51,0
HHHTHHHT,HHTHTHTH,108,52,0
TTT,TTH,108,53,0
HHHHHTHH,HTHTHTHT,108,54,1
HHTHTHTH,HHHHHHHH,108,55,1
TTTTHHHH,HTHHHTHH,108,56,1
HHTHH,HHHHH,108,57,1
HHHHHHHT,HHHTHTTH,108,58,1
HHHHHHHH,HHHHHHHT,108,59,1
HTTTTTTT,HHHHHHHH,108,60,0
HTHT,THHH,108,61,0
HTHTHTHT,HTHHTTHT,108,62,0
TTTH,HTHT,108,63,1
HTHHTTHT,THTHTHTH,108,64,1
HHTHTHTH,HHTTHHTT,109,1,1
HTHHTHHT,HTHHTTTH,109,2,1
HTHT,TTHH,109,3,1
HHHTHTTH,HTHHTHHT,109,4,0
HHTHTHTH,TTHHTTHH,109,5,1
HTHTTHHH,HTHHTHHT,109,6,1
HTTHTTHT,HHHTHTTH,109,7,0
HHTTHTTH,HHTHHHTH,109,8,1
HTHHTHHT,HTHTTTHH,109,9,0
HHTT,HTHT,109,10,1
HTHTHTHH,TTHHTTHH,109,11,0
THHTHHTH,HHHTHTTH,109,12,0
HHTTHHTT,HTHTHTHH,109,13,1
HHT,HHH,109,14,1
HHTHTHTH,HTHHTTHT,109,15,1
HHHTHHHT,HHHHTTTT,109,16,1
HHHTHTTH,THTTHTTH,109,17,0
TTHH,THTH,109,18,1
HTHHTHHT,HTTHHHTH,109,19,0
HHH,HTT,109,20,0
THTHTHTT,TTHHTTHH,109,21,1
HHHHTTTT,HHTHHHTH,109,22,0
HHTTHHTT,HTHHTTHT,109,23,0
HTHHHTHH,HHTHTHTH,109,24,0
HHTTHHTT,THTHTHTT,109,25,0
HHHHH,HHHTH,109,26,0
HHTT,THTH,109,27,1
HHHHTTTT,HTHHHTHH,109,28,0
HHH,THH,109,29,0
HTHTTHHT,HHTTHHTT,109,30,1
HHTHTHTH,HHHTTTHH,109,31,1
HTHT,HHHT,109,32,0
HHTHHHTH,TTTTHHHH,109,33,1
TTT,HHT,109,34,0
HTTHTHHH,HTHHTHHT,109,35,1
HHHHTTTT,THTTTHTT,109,36,0
HTT,TTT,109,37,1
HHHHHHHT,HTHHTHHT,109,38,0
TTHHTTHH,HTHHTTHT,109,39,0
HHTHHTHH,HHHHTTTT,109,40,1
HTHHTHHT,HHHTHTTT,109,41,0
TTH,HHH,109,42,1
HHHTH,TTTTT,109,43,1
TTTHHHH,HHTHHTH,109,44,0
HTHTTHHT,HTHTHTHT,109,45,1
TTTTTTTT,HHHHHHHT,109,46,0
HHHHTTTT,TTHTTTHT,109,47,0
THH,TTT,109,48,1
HTHT,HTTT,109,49,1
HHHT,THTH,109,50,0
HHTHHTHH,TTTTHHHH,109,51,1
HHHTHHHT,HHTHTHTH,109,52,0
TTH,TTT,109,53,1
HTHTHTHT,HHHHHTHH,109,54,1
HHHHHHHH,HHTHTHTH,109,55,0
HTHHHTHH,TTTTHHHH,109,56,1
HHTHH,HHHHH,109,57,1
HHHTHTTH,HHHHHHHT,109,58,1
HHHHHHHH,HHHHHHHT,109,59,0
HTTTTTTT,HHHHHHHH,109,60,1
THHH,HTHT,109,61,1
HTHHTTHT,HTHTHTHT,109,62,1
TTTH,HTHT,109,63,1
HTHHTTHT,THTHTHTH,109,64,1
HHTHTHTH,HHTTHHTT,110,1,1
HTHHTTTH,HTHHTHHT,110,2,1
HTHT,TTHH,110,3,0
HTHHTHHT,HHHTHTTH,110,4,0
HHTHTHTH,TTHHTTHH,110,5,1
HTHHTHHT,HTHTTHHH,110,6,0
HHHTHTTH,HTTHTTHT,110,7,0
HHTHHHTH,HHTTHTTH,110,8,1
HTHTTTHH,HTHHTHHT,110,9,1
HHTT,HTHT,110,10,1
HTHTHTHH,TTHHTTHH,110,11,1
HHHTHTTH,THHTHHTH,110,12,1
HTHTHTHH,HHTTHHTT,110,13,1
HHT,HHH,110,14,1
HTHHTTHT,HHTHTHTH,110,15,1
HHHTHHHT,HHHHTTTT,110,16,1
THTTHTTH,HHHTHTTH,110,17,0
THTH,TTHH,110,18,0
HTTHHHTH,HTHHTHHT,110,19,1
HHH,HTT,110,20,1
THTHTHTT,TTHHTTHH,110,21,1
HHTHHHTH,HHHHTTTT,110,22,1
HTHHTTHT,HHTTHHTT,110,23,1
HTHHHTHH,HHTHTHTH,110,24,1
THTHTHTT,HHTTHHTT,110,25,0
HHHHH,HHHTH,110,26,0
THTH,HHTT,110,27,0
HTHHHTHH,HHHHTTTT,110,28,1
HHH,THH,110,29,0
HHTTHHTT,HTHTTHHT,110,30,0
HHTHTHTH,HHHTTTHH,110,31,0
HTHT,HHHT,110,32,0
TTTTHHHH,HHTHHHTH,110,33,0
TTT,HHT,110,34,0
HTHHTHHT,HTTHTHHH,110,35,0
THTTTHTT,HHHHTTTT,110,36,1
HTT,TTT,110,37,1
HTHHTHHT,HHHHHHHT,110,38,0
HTHHTTHT,TTHHTTHH,110,39,1
HHTHHTHH,HHHHTTTT,110,40,0
HTHHTHHT,HHHTHTTT,110,41,0
HHH,TTH,110,42,0
HHHTH,TTTTT,110,43,1
TTTHHHH,HHTHHTH,110,44,1
HTHTHTHT,HTHTTHHT,110,45,0
TTTTTTTT,HHHHHHHT,110,46,1
HHHHTTTT,TTHTTTHT,110,47,0
THH,TTT,110,48,1
HTHT,HTTT,110,49,0
THTH,HHHT,110,50,0
HHTHHTHH,TTTTHHHH,110,51,0
HHHTHHHT,HHTHTHTH,110,52,1
TTT,TTH,110,53,0
HHHHHTHH,HTHTHTHT,110,54,1
HHTHTHTH,HHHHHHHH,110,55,0
TTTTHHHH,HTHHHTHH,110,56,1
HHTHH,HHHHH,110,57,1
HHHTHTTH,HHHHHHHT,110,58,1
HHHHHHHT,HHHHHHHH,110,59,1
HTTTTTTT,HHHHHHHH,110,60,1
THHH,HTHT,110,61,1
HTHTHTHT,HTHHTTHT,110,62,0
TTTH,HTHT,110,63,1
HTHHTTHT,THTHTHTH,110,64,1
HHTTHHTT,HHTHTHTH,111,1,0
HTHHTTTH,HTHHTHHT,111,2,1
TTHH,HTHT,111,3,1
HHHTHTTH,HTHHTHHT,111,4,0
TTHHTTHH,HHTHTHTH,111,5,0
HTHTTHHH,HTHHTHHT,111,6,1
HHHTHTTH,HTTHTTHT,111,7,1
HHTHHHTH,HHTTHTTH,111,8,0
HTHHTHHT,HTHTTTHH,111,9,0
HTHT,HHTT,111,10,1
TTHHTTHH,HTHTHTHH,111,11,1
HHHTHTTH,THHTHHTH,111,12,0
HHTTHHTT,HTHTHTHH,111,13,1
HHT,HHH,111,14,0
HTHHTTHT,HHTHTHTH,111,15,1
HHHHTTTT,HHHTHHHT,111,16,0
HHHTHTTH,THTTHTTH,111,17,1
THTH,TTHH,111,18,0
HTHHTHHT,HTTHHHTH,111,19,1
HTT,HHH,111,20,0
TTHHTTHH,THTHTHTT,111,21,1
HHHHTTTT,HHTHHHTH,111,22,1
HTHHTTHT,HHTTHHTT,111,23,0
HTHHHTHH,HHTHTHTH,111,24,1
HHTTHHTT,THTHTHTT,111,25,0
HHHTH,HHHHH,111,26,0
HHTT,THTH,111,27,0
HHHHTTTT,HTHHHTHH,111,28,0
HHH,THH,111,29,1
HTHTTHHT,HHTTHHTT,111,30,0
HHHTTTHH,HHTHTHTH,111,31,0
HTHT,HHHT,111,32,0
TTTTHHHH,HHTHHHTH,111,33,1
TTT,HHT,111,34,0
HTTHTHHH,HTHHTHHT,111,35,0
HHHHTTTT,THTTTHTT,111,36,0
HTT,TTT,111,37,0
HTHHTHHT,HHHHHHHT,111,38,0
TTHHTTHH,HTHHTTHT,111,39,1
HHHHTTTT,HHTHHTHH,111,40,0
HTHHTHHT,HHHTHTTT,111,41,0
TTH,HHH,111,42,0
HHHTH,TTTTT,111,43,0
TTTHHHH,HHTHHTH,111,44,0
HTHTHTHT,HTHTTHHT,111,45,0
HHHHHHHT,TTTTTTTT,111,46,1
HHHHTTTT,TTHTTTHT,111,47,1
THH,TTT,111,48,0
HTHT,HTTT,111,49,1
THTH,HHHT,111,50,1
TTTTHHHH,HHTHHTHH,111,51,0
HHHTHHHT,HHTHTHTH,111,52,1
TTH,TTT,111,53,1
HHHHHTHH,HTHTHTHT,111,54,0
HHTHTHTH,HHHHHHHH,111,55,0
TTTTHHHH,HTHHHTHH,111,56,0
HHHHH,HHTHH,111,57,1
HHHHHHHT,HHHTHTTH,111,58,1
HHHHHHHT,HHHHHHHH,111,59,0
HHHHHHHH,HTTTTTTT,111,60,1
THHH,HTHT,111,61,1
HTHHTTHT,HTHTHTHT,111,62,0
TTTH,HTHT,111,63,0
THTHTHTH,HTHHTTHT,111,64,0
HHTHTHTH,HHTTHHTT,112,1,1
HTHHTHHT,HTHHTTTH,112,2,0
HTHT,TTHH,112,3,0
HHHTHTTH,HTHHTHHT,112,4,1
HHTHTHTH,TTHHTTHH,112,5,1
HTHHTHHT,HTHTTHHH,112,6,0
HHHTHTTH,HTTHTTHT,112,7,1
HHTTHTTH,HHTHHHTH,112,8,0
HTHTTTHH,HTHHTHHT,112,9,1
HHTT,HTHT,112,10,1
HTHTHTHH,TTHHTTHH,112,11,1
HHHTHTTH,THHTHHTH,112,12,1
HTHTHTHH,HHTTHHTT,112,13,1
HHT,HHH,112,14,1
HTHHTTHT,HHTHTHTH,112,15,1
HHHHTTTT,HHHTHHHT,112,16,1
HHHTHTTH,THTTHTTH,112,17,1
TTHH,THTH,112,18,1
HTHHTHHT,HTTHHHTH,112,19,0
HTT,HHH,112,20,1
TTHHTTHH,THTHTHTT,112,21,0
HHHHTTTT,HHTHHHTH,112,22,0
HHTTHHTT,HTHHTTHT,112,23,0
HHTHTHTH,HTHHHTHH,112,24,0
HHTTHHTT,THTHTHTT,112,25,0
HHHHH,HHHTH,112,26,0
HHTT,THTH,112,27,1
HTHHHTHH,HHHHTTTT,112,28,1
HHH,THH,112,29,0
HHTTHHTT,HTHTTHHT,112,30,0
HHTHTHTH,HHHTTTHH,112,31,0
HTHT,HHHT,112,32,0
HHTHHHTH,TTTTHHHH,112,33,1
TTT,HHT,112,34,0
HTHHTHHT,HTTHTHHH,112,35,0
HHHHTTTT,THTTTHTT,112,36,0
HTT,TTT,112,37,1
HTHHTHHT,HHHHHHHT,112,38,0
TTHHTTHH,HTHHTTHT,112,39,0
HHTHHTHH,HHHHTTTT,112,40,0
HTHHTHHT,HHHTHTTT,112,41,0
TTH,HHH,112,42,1
HHHTH,TTTTT,112,43,1
TTTHHHH,HHTHHTH,112,44,1
HTHTTHHT,HTHTHTHT,112,45,1
TTTTTTTT,HHHHHHHT,112,46,0
TTHTTTHT,HHHHTTTT,112,47,1
THH,TTT,112,48,1
HTHT,HTTT,112,49,0
HHHT,THTH,112,50,1
TTTTHHHH,HHTHHTHH,112,51,1
HHHTHHHT,HHTHTHTH,112,52,1
TTH,TTT,112,53,1
HTHTHTHT,HHHHHTHH,112,54,0
HHTHTHTH,HHHHHHHH,112,55,1
HTHHHTHH,TTTTHHHH,112,56,1
HHHHH,HHTHH,112,57,0
HHHTHTTH,HHHHHHHT,112,58,1
HHHHHHHH,HHHHHHHT,112,59,0
HTTTTTTT,HHHHHHHH,112,60,1
HTHT,THHH,112,61,0
HTHTHTHT,HTHHTTHT,112,62,0
TTTH,HTHT,112,63,1
HTHHTTHT,THTHTHTH,112,64,1
HHTHTHTH,HHTTHHTT,113,1,0
HTHHTHHT,HTHHTTTH,113,2,0
TTHH,HTHT,113,3,1
HTHHTHHT,HHHTHTTH,113,4,0
TTHHTTHH,HHTHTHTH,113,5,1
HTHTTHHH,HTHHTHHT,113,6,1
HHHTHTTH,HTTHTTHT,113,7,0
HHTHHHTH,HHTTHTTH,113,8,0
HTHTTTHH,HTHHTHHT,113,9,1
HTHT,HHTT,113,10,0
TTHHTTHH,HTHTHTHH,113,11,0
THHTHHTH,HHHTHTTH,113,12,0
HHTTHHTT,HTHTHTHH,113,13,1
HHT,HHH,113,14,0
HTHHTTHT,HHTHTHTH,113,15,1
HHHHTTTT,HHHTHHHT,113,16,1
THTTHTTH,HHHTHTTH,113,17,1
TTHH,THTH,113,18,0
HTHHTHHT,HTTHHHTH,113,19,1
HTT,HHH,113,20,1
TTHHTTHH,THTHTHTT,113,21,0
HHHHTTTT,HHTHHHTH,113,22,1
HTHHTTHT,HHTTHHTT,113,23,0
HHTHTHTH,HTHHHTHH,113,24,0
THTHTHTT,HHTTHHTT,113,25,0
HHHTH,HHHHH,113,26,0
HHTT,THTH,113,27,1
HTHHHTHH,HHHHTTTT,113,28,0
HHH,THH,113,29,1
HHTTHHTT,HTHTTHHT,113,30,1
HHHTTTHH,HHTHTHTH,113,31,1
HHHT,HTHT,113,32,1
TTTTHHHH,HHTHHHTH,113,33,1
HHT,TTT,113,34,0
HTHHTHHT,HTTHTHHH,113,35,0
THTTTHTT,HHHHTTTT,113,36,0
HTT,TTT,113,37,0
HHHHHHHT,HTHHTHHT,113,38,1
TTHHTTHH,HTHHTTHT,113,39,1
HHTHHTHH,HHHHTTTT,113,40,0
HTHHTHHT,HHHTHTTT,113,41,1
TTH,HHH,113,42,0
HHHTH,TTTTT,113,43,0
HHTHHTH,TTTHHHH,113,44,0
HTHTTHHT,HTHTHTHT,113,45,0
TTTTTTTT,HHHHHHHT,113,46,1
TTHTTTHT,HHHHTTTT,113,47,0
TTT,THH,113,48,1
HTHT,HTTT,113,49,0
THTH,HHHT,113,50,0
TTTTHHHH,HHTHHTHH,113,51,1
HHHTHHHT,HHTHTHTH,113,52,1
TTH,TTT,113,53,0
HTHTHTHT,HHHHHTHH,113,54,0
HHTHTHTH,HHHHHHHH,113,55,0
TTTTHHHH,HTHHHTHH,113,56,0
HHHHH,HHTHH,113,57,1
HHHHHHHT,HHHTHTTH,113,58,1
HHHHHHHT,HHHHHHHH,113,59,1
HHHHHHHH,HTTTTTTT,113,60,1
THHH,HTHT,113,61,1
HTHHTTHT,HTHTHTHT,113,62,0
TTTH,HTHT,113,63,1
THTHTHTH,HTHHTTHT,113,64,0
HHTTHHTT,HHTHTHTH,114,1,1
HTHHTHHT,HTHHTTTH,114,2,1
HTHT,TTHH,114,3,0
HTHHTHHT,HHHTHTTH,114,4,1
TTHHTTHH,HHTHTHTH,114,5,0
HTHTTHHH,HTHHTHHT,114,6,0
HHHTHTTH,HTTHTTHT,114,7,0
HHTHHHTH,HHTTHTTH,114,8,1
HTHHTHHT,HTHTTTHH,114,9,0
HTHT,HHTT,114,10,0
HTHTHTHH,TTHHTTHH,114,11,0
HHHTHTTH,THHTHHTH,114,12,0
HHTTHHTT,HTHTHTHH,114,13,0
HHT,HHH,114,14,0
HHTHTHTH,HTHHTTHT,114,15,1
HHHTHHHT,HHHHTTTT,114,16,1
HHHTHTTH,THTTHTTH,114,17,0
TTHH,THTH,114,18,1
HTHHTHHT,HTTHHHTH,114,19,1
HTT,HHH,114,20,0
TTHHTTHH,THTHTHTT,114,21,1
HHHHTTTT,HHTHHHTH,114,22,0
HTHHTTHT,HHTTHHTT,114,23,0
HTHHHTHH,HHTHTHTH,114,24,0
THTHTHTT,HHTTHHTT,114,25,0
HHHTH,HHHHH,114,26,1
THTH,HHTT,114,27,1
HTHHHTHH,HHHHTTTT,114,28,0
THH,HHH,114,29,0
HTHTTHHT,HHTTHHTT,114,30,1
HHHTTTHH,HHTHTHTH,114,31,0
HTHT,HHHT,114,32,0
TTTTHHHH,HHTHHHTH,114,33,0
TTT,HHT,114,34,0
HTTHTHHH,HTHHTHHT,114,35,0
HHHHTTTT,THTTTHTT,114,36,0
TTT,HTT,114,37,0
HHHHHHHT,HTHHTHHT,114,38,0
TTHHTTHH,HTHHTTHT,114,39,1
HHHHTTTT,HHTHHTHH,114,40,0
HHHTHTTT,HTHHTHHT,114,41,1
TTH,HHH,114,42,1
TTTTT,HHHTH,114,43,0
HHTHHTH,TTTHHHH,114,44,1
HTHTTHHT,HTHTHTHT,114,45,1
HHHHHHHT,TTTTTTTT,114,46,1
TTHTTTHT,HHHHTTTT,114,47,1
THH,TTT,114,48,1
HTTT,HTHT,114,49,0
HHHT,THTH,114,50,0
HHTHHTHH,TTTTHHHH,114,51,1
HHTHTHTH,HHHTHHHT,114,52,1
TTT,TTH,114,53,0
HTHTHTHT,HHHHHTHH,114,54,1
HHTHTHTH,HHHHHHHH,114,55,1
HTHHHTHH,TTTTHHHH,114,56,1
HHHHH,HHTHH,114,57,0
HHHHHHHT,HHHTHTTH,114,58,0
HHHHHHHT,HHHHHHHH,114,59,1
HTTTTTTT,HHHHHHHH,114,60,1
THHH,HTHT,114,61,0
HTHHTTHT,HTHTHTHT,114,62,1
HTHT,TTTH,114,63,0
THTHTHTH,HTHHTTHT,114,64,0
HHTTHHTT,HHTHTHTH,115,1,0
HTHHTTTH,HTHHTHHT,115,2,0
TTHH,HTHT,115,3,0
HTHHTHHT,HHHTHTTH,115,4,1
HHTHTHTH,TTHHTTHH,115,5,0
HTHTTHHH,HTHHTHHT,115,6,0
HTTHTTHT,HHHTHTTH,115,7,1
HHTTHTTH,HHTHHHTH,115,8,0
HTHTTTHH,HTHHTHHT,115,9,0
HTHT,HHTT,115,10,1
TTHHTTHH,HTHTHTHH,115,11,1
HHHTHTTH,THHTHHTH,115,12,0
HHTTHHTT,HTHTHTHH,115,13,0
HHH,HHT,115,14,0
HHTHTHTH,HTHHTTHT,115,15,0
HHHHTTTT,HHHTHHHT,115,16,0
HHHTHTTH,THTTHTTH,115,17,0
TTHH,THTH,115,18,0
HTHHTHHT,HTTHHHTH,115,19,0
HHH,HTT,115,20,0
THTHTHTT,TTHHTTHH,115,21,0
HHTHHHTH,HHHHTTTT,115,22,1
HHTTHHTT,HTHHTTHT,115,23,1
HHTHTHTH,HTHHHTHH,115,24,1
THTHTHTT,HHTTHHTT,115,25,1
HHHHH,HHHTH,115,26,0
HHTT,THTH,115,27,0
HTHHHTHH,HHHHTTTT,115,28,1
HHH,THH,115,29,0
HHTTHHTT,HTHTTHHT,115,30,0
HHHTTTHH,HHTHTHTH,115,31,0
HTHT,HHHT,115,32,1
HHTHHHTH,TTTTHHHH,115,33,0
TTT,HHT,115,34,0
HTTHTHHH,HTHHTHHT,115,35,0
THTTTHTT,HHHHTTTT,115,36,1
TTT,HTT,115,37,0
HTHHTHHT,HHHHHHHT,115,38,1
TTHHTTHH,HTHHTTHT,115,39,0
HHHHTTTT,HHTHHTHH,115,40,1
HTHHTHHT,HHHTHTTT,115,41,0
HHH,TTH,115,42,0
HHHTH,TTTTT,115,43,1
TTTHHHH,HHTHHTH,115,44,0
HTHTHTHT,HTHTTHHT,115,45,0
TTTTTTTT,HHHHHHHT,115,46,1
TTHTTTHT,HHHHTTTT,115,47,0
TTT,THH,115,48,0
HTTT,HTHT,115,49,0
THTH,HHHT,115,50,1
HHTHHTHH,TTTTHHHH,115,51,1
HHHTHHHT,HHTHTHTH,115,52,0
TTT,TTH,115,53,0
HHHHHTHH,HTHTHTHT,115,54,0
HHTHTHTH,HHHHHHHH,115,55,1
TTTTHHHH,HTHHHTHH,115,56,0
HHTHH,HHHHH,115,57,1
HHHHHHHT,HHHTHTTH,115,58,0
HHHHHHHH,HHHHHHHT,115,59,0
HHHHHHHH,HTTTTTTT,115,60,0
THHH,HTHT,115,61,0
HTHHTTHT,HTHTHTHT,115,62,0
HTHT,TTTH,115,63,1
HTHHTTHT,THTHTHTH,115,64,0
HHTHTHTH,HHTTHHTT,116,1,1
HTHHTTTH,HTHHTHHT,116,2,0
HTHT,TTHH,116,3,1
HTHHTHHT,HHHTHTTH,116,4,1
TTHHTTHH,HHTHTHTH,116,5,1
HTHHTHHT,HTHTTHHH,116,6,0
HTTHTTHT,HHHTHTTH,116,7,0
HHTTHTTH,HHTHHHTH,116,8,1
HTHTTTHH,HTHHTHHT,116,9,1
HTHT,HHTT,116,10,1
HTHTHTHH,TTHHTTHH,116,11,1
THHTHHTH,HHHTHTTH,116,12,0
HHTTHHTT,HTHTHTHH,116,13,0
HHT,HHH,116,14,1
HTHHTTHT,HHTHTHTH,116,15,1
HHHTHHHT,HHHHTTTT,116,16,1
THTTHTTH,HHHTHTTH,116,17,0
TTHH,THTH,116,18,0
HTTHHHTH,HTHHTHHT,116,19,1
HHH,HTT,116,20,0
TTHHTTHH,THTHTHTT,116,21,0
HHTHHHTH,HHHHTTTT,116,22,1
HHTTHHTT,HTHHTTHT,116,23,0
HHTHTHTH,HTHHHTHH,116,24,0
THTHTHTT,HHTTHHTT,116,25,1
HHHHH,HHHTH,116,26,0
THTH,HHTT,116,27,1
HHHHTTTT,HTHHHTHH,116,28,0
HHH,THH,116,29,0
HHTTHHTT,HTHTTHHT,116,30,0
HHTHTHTH,HHHTTTHH,116,31,1
HTHT,HHHT,116,32,0
TTTTHHHH,HHTHHHTH,116,33,0
HHT,TTT,116,34,1
HTHHTHHT,HTTHTHHH,116,35,0
HHHHTTTT,THTTTHTT,116,36,0
TTT,HTT,116,37,0
HHHHHHHT,HTHHTHHT,116,38,0
TTHHTTHH,HTHHTTHT,116,39,0
HHHHTTTT,HHTHHTHH,116,40,0
HHHTHTTT,HTHHTHHT,116,41,0
HHH,TTH,116,42,0
TTTTT,HHHTH,116,43,0
TTTHHHH,HHTHHTH,116,44,0
HTHTTHHT,HTHTHTHT,116,45,1
TTTTTTTT,HHHHHHHT,116,46,0
TTHTTTHT,HHHHTTTT,116,47,1
TTT,THH,116,48,0
HTTT,HTHT,116,49,1
THTH,HHHT,116,50,0
TTTTHHHH,HHTHHTHH,116,51,0
HHHTHHHT,HHTHTHTH,116,52,0
TTT,TTH,116,53,0
HHHHHTHH,HTHTHTHT,116,54,1
HHHHHHHH,HHTHTHTH,116,55,0
HTHHHTHH,TTTTHHHH,116,56,1
HHTHH,HHHHH,116,57,1
HHHTHTTH,HHHHHHHT,116,58,1
HHHHHHHT,HHHHHHHH,116,59,1
HHHHHHHH,HTTTTTTT,116,60,0
HTHT,THHH,116,61,0
HTHTHTHT,HTHHTTHT,116,62,0
HTHT,TTTH,116,63,0
HTHHTTHT,THTHTHTH,116,64,1
HHTHTHTH,HHTTHHTT,117,1,0
HTHHTHHT,HTHHTTTH,117,2,0
TTHH,HTHT,117,3,0
HHHTHTTH,HTHHTHHT,117,4,1
HHTHTHTH,TTHHTTHH,117,5,1
HTHTTHHH,HTHHTHHT,117,6,1
HHHTHTTH,HTTHTTHT,117,7,1
HHTHHHTH,HHTTHTTH,117,8,1
HTHHTHHT,HTHTTTHH,117,9,0
HTHT,HHTT,117,10,1
HTHTHTHH,TTHHTTHH,117,11,1
THHTHHTH,HHHTHTTH,117,12,0
HHTTHHTT,HTHTHTHH,117,13,0
HHT,HHH,117,14,1
HTHHTTHT,HHTHTHTH,117,15,0
HHHTHHHT,HHHHTTTT,117,16,1
THTTHTTH,HHHTHTTH,117,17,0
THTH,TTHH,117,18,1
HTTHHHTH,HTHHTHHT,117,19,1
HTT,HHH,117,20,1
THTHTHTT,TTHHTTHH,117,21,1
HHTHHHTH,HHHHTTTT,117,22,1
HTHHTTHT,HHTTHHTT,117,23,1
HHTHTHTH,HTHHHTHH,117,24,1
THTHTHTT,HHTTHHTT,117,25,1
HHHTH,HHHHH,117,26,1
THTH,HHTT,117,27,1
HTHHHTHH,HHHHTTTT,117,28,1
THH,HHH,117,29,1
HHTTHHTT,HTHTTHHT,117,30,0
HHHTTTHH,HHTHTHTH,117,31,0
HTHT,HHHT,117,32,0
TTTTHHHH,HHTHHHTH,117,33,0
HHT,TTT,117,34,1
HTTHTHHH,HTHHTHHT,117,35,1
HHHHTTTT,THTTTHTT,117,36,0
TTT,HTT,117,37,0
HHHHHHHT,HTHHTHHT,117,38,0
HTHHTTHT,TTHHTTHH,117,39,1
HHHHTTTT,HHTHHTHH,117,40,0
HTHHTHHT,HHHTHTTT,117,41,0
HHH,TTH,117,42,0
TTTTT,HHHTH,117,43,0
TTTHHHH,HHTHHTH,117,44,0
HTHTTHHT,HTHTHTHT,117,45,1
TTTTTTTT,HHHHHHHT,117,46,0
TTHTTTHT,HHHHTTTT,117,47,1
THH,TTT,117,48,1
HTTT,HTHT,117,49,1
THTH,HHHT,117,50,0
HHTHHTHH,TTTTHHHH,117,51,1
HHHTHHHT,HHTHTHTH,117,52,1
TTT,TTH,117,53,0
HTHTHTHT,HHHHHTHH,117,54,1
HHTHTHTH,HHHHHHHH,117,55,1
TTTTHHHH,HTHHHTHH,117,56,0
HHHHH,HHTHH,117,57,0
HHHHHHHT,HHHTHTTH,117,58,0
HHHHHHHH,HHHHHHHT,117,59,0
HHHHHHHH,HTTTTTTT,117,60,0
HTHT,THHH,117,61,0
HTHTHTHT,HTHHTTHT,117,62,0
HTHT,TTTH,117,63,0
HTHHTTHT,THTHTHTH,117,64,1
HHTHTHTH,HHTTHHTT,118,1,1
HTHHTTTH,HTHHTHHT,118,2,0
HTHT,TTHH,118,3,0
HTHHTHHT,HHHTHTTH,118,4,0
TTHHTTHH,HHTHTHTH,118,5,0
HTHHTHHT,HTHTTHHH,118,6,0
HTTHTTHT,HHHTHTTH,118,7,0
HHTTHTTH,HHTHHHTH,118,8,1
HTHTTTHH,HTHHTHHT,118,9,1
HHTT,HTHT,118,10,1
TTHHTTHH,HTHTHTHH,118,11,0
THHTHHTH,HHHTHTTH,118,12,1
HHTTHHTT,HTHTHTHH,118,13,1
HHT,HHH,118,14,1
HTHHTTHT,HHTHTHTH,118,15,1
HHHTHHHT,HHHHTTTT,118,16,1
THTTHTTH,HHHTHTTH,118,17,1
TTHH,THTH,118,18,0
HTHHTHHT,HTTHHHTH,118,19,0
HTT,HHH,118,20,1
TTHHTTHH,THTHTHTT,118,21,0
HHTHHHTH,HHHHTTTT,118,22,1
HHTTHHTT,HTHHTTHT,118,23,1
HTHHHTHH,HHTHTHTH,118,24,0
THTHTHTT,HHTTHHTT,118,25,1
HHHHH,HHHTH,118,26,0
HHTT,THTH,118,27,0
HHHHTTTT,HTHHHTHH,118,28,0
HHH,THH,118,29,0
HHTTHHTT,HTHTTHHT,118,30,0
HHHTTTHH,HHTHTHTH,118,31,0
HTHT,HHHT,118,32,0
TTTTHHHH,HHTHHHTH,118,33,0
HHT,TTT,118,34,1
HTTHTHHH,HTHHTHHT,118,35,0
HHHHTTTT,THTTTHTT,118,36,0
HTT,TTT,118,37,1
HHHHHHHT,HTHHTHHT,118,38,0
HTHHTTHT,TTHHTTHH,118,39,1
HHHHTTTT,HHTHHTHH,118,40,0
HTHHTHHT,HHHTHTTT,118,41,0
HHH,TTH,118,42,0
TTTTT,HHHTH,118,43,0
TTTHHHH,HHTHHTH,118,44,0
HTHTHTHT,HTHTTHHT,118,45,0
HHHHHHHT,TTTTTTTT,118,46,1
TTHTTTHT,HHHHTTTT,118,47,1
TTT,THH,118,48,0
HTHT,HTTT,118,49,1
THTH,HHHT,118,50,1
TTTTHHHH,HHTHHTHH,118,51,0
HHTHTHTH,HHHTHHHT,118,52,1
TTH,TTT,118,53,1
HHHHHTHH,HTHTHTHT,118,54,1
HHTHTHTH,HHHHHHHH,118,55,1
HTHHHTHH,TTTTHHHH,118,56,1
HHTHH,HHHHH,118,57,1
HHHHHHHT,HHHTHTTH,118,58,0
HHHHHHHT,HHHHHHHH,118,59,1
HTTTTTTT,HHHHHHHH,118,60,0
HTHT,THHH,118,61,1
HTHTHTHT,HTHHTTHT,118,62,0
TTTH,HTHT,118,63,1
THTHTHTH,HTHHTTHT,118,64,0
HHTHTHTH,HHTTHHTT,119,1,0
HTHHTTTH,HTHHTHHT,119,2,1
HTHT,TTHH,119,3,1
HTHHTHHT,HHHTHTTH,119,4,0
HHTHTHTH,TTHHTTHH,119,5,1
HTHHTHHT,HTHTTHHH,119,6,0
HTTHTTHT,HHHTHTTH,119,7,0
HHTHHHTH,HHTTHTTH,119,8,0
HTHTTTHH,HTHHTHHT,119,9,1
HHTT,HTHT,119,10,0
TTHHTTHH,HTHTHTHH,119,11,1
THHTHHTH,HHHTHTTH,119,12,0
HTHTHTHH,HHTTHHTT,119,13,1
HHT,HHH,119,14,1
HHTHTHTH,HTHHTTHT,119,15,0
HHHTHHHT,HHHHTTTT,119,16,1
THTTHTTH,HHHTHTTH,119,17,1
THTH,TTHH,119,18,1
HTHHTHHT,HTTHHHTH,119,19,0
HHH,HTT,119,20,0
TTHHTTHH,THTHTHTT,119,21,0
HHTHHHTH,HHHHTTTT,119,22,1
HHTTHHTT,HTHHTTHT,119,23,0
HTHHHTHH,HHTHTHTH,119,24,1
HHTTHHTT,THTHTHTT,119,25,0
HHHTH,HHHHH,119,26,1
THTH,HHTT,119,27,1
HHHHTTTT,HTHHHTHH,119,28,0
HHH,THH,119,29,0
HHTTHHTT,HTHTTHHT,119,30,0
HHHTTTHH,HHTHTHTH,119,31,0
HTHT,HHHT,119,32,0
TTTTHHHH,HHTHHHTH,119,33,0
TTT,HHT,119,34,0
HTHHTHHT,HTTHTHHH,119,35,0
HHHHTTTT,THTTTHTT,119,36,0
HTT,TTT,119,37,1
HTHHTHHT,HHHHHHHT,119,38,1
TTHHTTHH,HTHHTTHT,119,39,0
HHHHTTTT,HHTHHTHH,119,40,0
HHHTHTTT,HTHHTHHT,119,41,0
TTH,HHH,119,42,1
TTTTT,HHHTH,119,43,0
TTTHHHH,HHTHHTH,119,44,0
HTHTTHHT,HTHTHTHT,119,45,1
HHHHHHHT,TTTTTTTT,119,46,1
HHHHTTTT,TTHTTTHT,119,47,0
THH,TTT,119,48,1
HTTT,HTHT,119,49,1
HHHT,THTH,119,50,1
HHTHHTHH,TTTTHHHH,119,51,1
HHHTHHHT,HHTHTHTH,119,52,1
TTT,TTH,119,53,0
HTHTHTHT,HHHHHTHH,119,54,1
HHTHTHTH,HHHHHHHH,119,55,1
TTTTHHHH,HTHHHTHH,119,56,0
HHHHH,HHTHH,119,57,0
HHHTHTTH,HHHHHHHT,119,58,1
HHHHHHHH,HHHHHHHT,119,59,0
HHHHHHHH,HTTTTTTT,119,60,0
THHH,HTHT,119,61,1
HTHTHTHT,HTHHTTHT,119,62,0
HTHT,TTTH,119,63,0
HTHHTTHT,THTHTHTH,119,64,1
