sequence_a,sequence_b,participant_id,trial_index,chose_left
THTHTHHH,HTTHHTTH,0,1,1
HTHTTHTH,HTHHHHHT,0,2,1
HTTTTTTT,HTHTHTHT,0,3,0
HTHHTHHT,HHHHTTTT,0,4,1
TTTTTTH,TTHHTTH,0,5,0
TTTTTTTH,TTTTTTTT,0,6,1
TTTTTTH,HTTTHHT,0,7,0
HTHTHTHT,HHHHHHHT,0,8,1
HHHHHHHH,HHHHHHHT,0,9,0
HTTHTTHT,HTHTTHTH,0,10,0
HTHTHHTH,THTTHHTH,0,11,0
HTHHTHHT,HTHTTHTH,0,12,0
THTHHTHT,THTTHTTH,0,13,0
THHTTHHT,THTHTTHT,0,14,0
TTTTHHHH,HTHHTHHT,0,15,0
HTHTTHTH,HHHHHHHT,0,16,1
THTTHTTH,HTHTTHTH,0,17,0
THTHHTHT,HHHHHHHT,0,18,1
HTTHTTHT,TTTTHHHH,0,19,1
HHHHHHT,TTTTTTT,0,20,1
TTHTHTHH,HTHHTHHT,0,21,1
HTHTTHTH,HTTTTTTT,0,22,1
HHHHHHHT,THTHTHTH,0,23,0
THHHHHHH,HTHTHTHT,0,24,0
THHTHTTH,THTHTTHT,0,25,0
HTHHTHHT,HHHHHHHT,0,26,1
HTTHTTHT,HHHHTTTT,0,27,1
HTTTTTH,HHHHHHH,0,28,1
THTHTHTH,THHHHHHH,0,29,1
THHHHHHH,HTHTTHTH,0,30,0
THHTHHTH,TTTTHHHH,0,31,1
THTHHTHT,HTTTTTTT,0,32,1
TTTTTTTH,HTHTHTHT,0,33,0
HTHHTTHT,HTTTTTTT,0,34,1
THHHHHHH,THTHHTHT,0,35,0
HTHTHTHT,HTHHHHHH,0,36,1
THHHHHHH,HTHHTTHT,0,37,0
HTTHTTHT,TTTHTHTH,0,38,1
HTHTTHTH,THHTHHTH,0,39,1
HHHHHHH,HHHHHHT,0,40,0
THTHTHTH,HTTTTTTT,0,41,1
HTHTTHTH,TTTTTTTH,0,42,1
THTTTHTT,TTHTHTHH,0,43,1
THTHHTHT,HTHHTHHT,0,44,1
TTTTTTH,HHHHHHH,0,45,1
HHTHTHHT,HHHHHHHT,0,46,1
TTTTTTTT,HTTHHTTH,0,47,0
HTHTHTH,HHHHHHT,0,48,1
THTHHTHT,HTTHTTHT,0,49,0
HHHHHHT,THTHTHT,0,50,0
HTHHTHHT,TTTTHTHT,0,51,1
THTHHTHT,TTTTTTTH,0,52,1
TTTTTTH,HHTTHHT,0,53,0
TTHTHTTH,HTTTTTTT,0,54,1
TTTTH,HTTHT,0,55,0
HHHHHHHH,HTTTTTTT,0,56,1
TTT,HTT,0,57,0
TTTTTTH,TTTTTTT,0,58,1
HTHTHHHH,HTTHTTHT,0,59,0
HTTHHTTH,HTHTHTTT,0,60,1
THH,TTT,0,61,1
HTHTHTHT,HHHHHHTH,0,62,1
HTTHTHHT,HTHTHTTT,0,63,1
HHHHHHTH,THTHHTHT,0,64,0
THTHTHHH,HTTHHTTH,1,1,0
HTHHHHHT,HTHTTHTH,1,2,0
HTHTHTHT,HTTTTTTT,1,3,1
HTHHTHHT,HHHHTTTT,1,4,1
TTHHTTH,TTTTTTH,1,5,1
TTTTTTTH,TTTTTTTT,1,6,1
TTTTTTH,HTTTHHT,1,7,0
HTHTHTHT,HHHHHHHT,1,8,1
HHHHHHHH,HHHHHHHT,1,9,0
HTHTTHTH,HTTHTTHT,1,10,0
HTHTHHTH,THTTHHTH,1,11,0
HTHTTHTH,HTHHTHHT,1,12,1
THTHHTHT,THTTHTTH,1,13,1
THTHTTHT,THHTTHHT,1,14,0
TTTTHHHH,HTHHTHHT,1,15,0
HHHHHHHT,HTHTTHTH,1,16,0
THTTHTTH,HTHTTHTH,1,17,1
THTHHTHT,HHHHHHHT,1,18,1
HTTHTTHT,TTTTHHHH,1,19,1
HHHHHHT,TTTTTTT,1,20,1
HTHHTHHT,TTHTHTHH,1,21,0
HTTTTTTT,HTHTTHTH,1,22,0
HHHHHHHT,THTHTHTH,1,23,0
HTHTHTHT,THHHHHHH,1,24,1
THTHTTHT,THHTHTTH,1,25,0
HHHHHHHT,HTHHTHHT,1,26,0
HTTHTTHT,HHHHTTTT,1,27,1
HHHHHHH,HTTTTTH,1,28,0
THTHTHTH,THHHHHHH,1,29,1
THHHHHHH,HTHTTHTH,1,30,0
TTTTHHHH,THHTHHTH,1,31,0
HTTTTTTT,THTHHTHT,1,32,0
HTHTHTHT,TTTTTTTH,1,33,1
HTTTTTTT,HTHHTTHT,1,34,0
THTHHTHT,THHHHHHH,1,35,1
HTHHHHHH,HTHTHTHT,1,36,0
HTHHTTHT,THHHHHHH,1,37,1
HTTHTTHT,TTTHTHTH,1,38,1
HTHTTHTH,THHTHHTH,1,39,1
HHHHHHT,HHHHHHH,1,40,1
HTTTTTTT,THTHTHTH,1,41,0
HTHTTHTH,TTTTTTTH,1,42,1
THTTTHTT,TTHTHTHH,1,43,0
HTHHTHHT,THTHHTHT,1,44,1
HHHHHHH,TTTTTTH,1,45,0
HHHHHHHT,HHTHTHHT,1,46,0
TTTTTTTT,HTTHHTTH,1,47,0
HTHTHTH,HHHHHHT,1,48,1
HTTHTTHT,THTHHTHT,1,49,0
THTHTHT,HHHHHHT,1,50,1
HTHHTHHT,TTTTHTHT,1,51,1
THTHHTHT,TTTTTTTH,1,52,1
TTTTTTH,HHTTHHT,1,53,0
TTHTHTTH,HTTTTTTT,1,54,1
TTTTH,HTTHT,1,55,0
HTTTTTTT,HHHHHHHH,1,56,1
TTT,HTT,1,57,0
TTTTTTH,TTTTTTT,1,58,1
HTHTHHHH,HTTHTTHT,1,59,1
HTHTHTTT,HTTHHTTH,1,60,0
THH,TTT,1,61,1
HHHHHHTH,HTHTHTHT,1,62,0
HTTHTHHT,HTHTHTTT,1,63,1
THTHHTHT,HHHHHHTH,1,64,1
HTTHHTTH,THTHTHHH,2,1,0
HTHHHHHT,HTHTTHTH,2,2,1
HTTTTTTT,HTHTHTHT,2,3,0
HTHHTHHT,HHHHTTTT,2,4,1
TTHHTTH,TTTTTTH,2,5,1
TTTTTTTH,TTTTTTTT,2,6,1
TTTTTTH,HTTTHHT,2,7,0
HHHHHHHT,HTHTHTHT,2,8,0
HHHHHHHT,HHHHHHHH,2,9,1
HTHTTHTH,HTTHTTHT,2,10,1
HTHTHHTH,THTTHHTH,2,11,0
HTHHTHHT,HTHTTHTH,2,12,0
THTHHTHT,THTTHTTH,2,13,1
THHTTHHT,THTHTTHT,2,14,0
TTTTHHHH,HTHHTHHT,2,15,0
HTHTTHTH,HHHHHHHT,2,16,1
THTTHTTH,HTHTTHTH,2,17,0
HHHHHHHT,THTHHTHT,2,18,0
TTTTHHHH,HTTHTTHT,2,19,0
TTTTTTT,HHHHHHT,2,20,0
TTHTHTHH,HTHHTHHT,2,21,0
HTHTTHTH,HTTTTTTT,2,22,1
HHHHHHHT,THTHTHTH,2,23,0
THHHHHHH,HTHTHTHT,2,24,0
THHTHTTH,THTHTTHT,2,25,1
HHHHHHHT,HTHHTHHT,2,26,0
HHHHTTTT,HTTHTTHT,2,27,0
HTTTTTH,HHHHHHH,2,28,1
THHHHHHH,THTHTHTH,2,29,0
HTHTTHTH,THHHHHHH,2,30,1
THHTHHTH,TTTTHHHH,2,31,1
HTTTTTTT,THTHHTHT,2,32,0
TTTTTTTH,HTHTHTHT,2,33,0
HTTTTTTT,HTHHTTHT,2,34,0
THTHHTHT,THHHHHHH,2,35,1
HTHTHTHT,HTHHHHHH,2,36,1
THHHHHHH,HTHHTTHT,2,37,0
TTTHTHTH,HTTHTTHT,2,38,0
HTHTTHTH,THHTHHTH,2,39,1
HHHHHHH,HHHHHHT,2,40,0
THTHTHTH,HTTTTTTT,2,41,1
HTHTTHTH,TTTTTTTH,2,42,1
THTTTHTT,TTHTHTHH,2,43,0
THTHHTHT,HTHHTHHT,2,44,1
TTTTTTH,HHHHHHH,2,45,1
HHTHTHHT,HHHHHHHT,2,46,1
TTTTTTTT,HTTHHTTH,2,47,0
HHHHHHT,HTHTHTH,2,48,0
THTHHTHT,HTTHTTHT,2,49,1
HHHHHHT,THTHTHT,2,50,0
TTTTHTHT,HTHHTHHT,2,51,0
TTTTTTTH,THTHHTHT,2,52,0
HHTTHHT,TTTTTTH,2,53,1
TTHTHTTH,HTTTTTTT,2,54,1
HTTHT,TTTTH,2,55,1
HHHHHHHH,HTTTTTTT,2,56,0
HTT,TTT,2,57,1
TTTTTTT,TTTTTTH,2,58,0
HTHTHHHH,HTTHTTHT,2,59,0
HTTHHTTH,HTHTHTTT,2,60,1
THH,TTT,2,61,1
HTHTHTHT,HHHHHHTH,2,62,1
HTHTHTTT,HTTHTHHT,2,63,0
HHHHHHTH,THTHHTHT,2,64,0
THTHTHHH,HTTHHTTH,3,1,1
HTHHHHHT,HTHTTHTH,3,2,1
HTTTTTTT,HTHTHTHT,3,3,1
HTHHTHHT,HHHHTTTT,3,4,1
TTHHTTH,TTTTTTH,3,5,0
TTTTTTTH,TTTTTTTT,3,6,1
HTTTHHT,TTTTTTH,3,7,0
HHHHHHHT,HTHTHTHT,3,8,1
HHHHHHHT,HHHHHHHH,3,9,1
HTTHTTHT,HTHTTHTH,3,10,1
HTHTHHTH,THTTHHTH,3,11,0
HTHHTHHT,HTHTTHTH,3,12,0
THTHHTHT,THTTHTTH,3,13,0
THTHTTHT,THHTTHHT,3,14,1
HTHHTHHT,TTTTHHHH,3,15,1
HTHTTHTH,HHHHHHHT,3,16,0
HTHTTHTH,THTTHTTH,3,17,0
HHHHHHHT,THTHHTHT,3,18,1
HTTHTTHT,TTTTHHHH,3,19,1
HHHHHHT,TTTTTTT,3,20,1
HTHHTHHT,TTHTHTHH,3,21,0
HTHTTHTH,HTTTTTTT,3,22,0
THTHTHTH,HHHHHHHT,3,23,0
HTHTHTHT,THHHHHHH,3,24,0
THTHTTHT,THHTHTTH,3,25,1
HHHHHHHT,HTHHTHHT,3,26,1
HHHHTTTT,HTTHTTHT,3,27,1
HTTTTTH,HHHHHHH,3,28,1
THTHTHTH,THHHHHHH,3,29,0
HTHTTHTH,THHHHHHH,3,30,0
TTTTHHHH,THHTHHTH,3,31,1
THTHHTHT,HTTTTTTT,3,32,0
TTTTTTTH,HTHTHTHT,3,33,1
HTHHTTHT,HTTTTTTT,3,34,0
THTHHTHT,THHHHHHH,3,35,0
HTHTHTHT,HTHHHHHH,3,36,0
HTHHTTHT,THHHHHHH,3,37,0
HTTHTTHT,TTTHTHTH,3,38,0
HTHTTHTH,THHTHHTH,3,39,0
HHHHHHT,HHHHHHH,3,40,1
HTTTTTTT,THTHTHTH,3,41,1
TTTTTTTH,HTHTTHTH,3,42,1
TTHTHTHH,THTTTHTT,3,43,1
THTHHTHT,HTHHTHHT,3,44,1
HHHHHHH,TTTTTTH,3,45,0
HHHHHHHT,HHTHTHHT,3,46,1
HTTHHTTH,TTTTTTTT,3,47,1
HHHHHHT,HTHTHTH,3,48,1
THTHHTHT,HTTHTTHT,3,49,0
HHHHHHT,THTHTHT,3,50,1
TTTTHTHT,HTHHTHHT,3,51,1
THTHHTHT,TTTTTTTH,3,52,0
TTTTTTH,HHTTHHT,3,53,1
TTHTHTTH,HTTTTTTT,3,54,0
HTTHT,TTTTH,3,55,0
HHHHHHHH,HTTTTTTT,3,56,0
TTT,HTT,3,57,0
TTTTTTT,TTTTTTH,3,58,0
HTTHTTHT,HTHTHHHH,3,59,0
HTTHHTTH,HTHTHTTT,3,60,0
TTT,THH,3,61,0
HHHHHHTH,HTHTHTHT,3,62,1
HTTHTHHT,HTHTHTTT,3,63,0
HHHHHHTH,THTHHTHT,3,64,1
THTHTHHH,HTTHHTTH,4,1,0
HTHTTHTH,HTHHHHHT,4,2,0
HTTTTTTT,HTHTHTHT,4,3,0
HHHHTTTT,HTHHTHHT,4,4,0
TTTTTTH,TTHHTTH,4,5,0
TTTTTTTH,TTTTTTTT,4,6,1
HTTTHHT,TTTTTTH,4,7,1
HTHTHTHT,HHHHHHHT,4,8,1
HHHHHHHT,HHHHHHHH,4,9,1
HTTHTTHT,HTHTTHTH,4,10,1
HTHTHHTH,THTTHHTH,4,11,1
HTHTTHTH,HTHHTHHT,4,12,1
THTHHTHT,THTTHTTH,4,13,0
THTHTTHT,THHTTHHT,4,14,1
TTTTHHHH,HTHHTHHT,4,15,0
HHHHHHHT,HTHTTHTH,4,16,0
THTTHTTH,HTHTTHTH,4,17,0
HHHHHHHT,THTHHTHT,4,18,0
TTTTHHHH,HTTHTTHT,4,19,0
TTTTTTT,HHHHHHT,4,20,0
HTHHTHHT,TTHTHTHH,4,21,0
HTTTTTTT,HTHTTHTH,4,22,0
THTHTHTH,HHHHHHHT,4,23,1
HTHTHTHT,THHHHHHH,4,24,1
THTHTTHT,THHTHTTH,4,25,0
HTHHTHHT,HHHHHHHT,4,26,1
HHHHTTTT,HTTHTTHT,4,27,0
HTTTTTH,HHHHHHH,4,28,1
THTHTHTH,THHHHHHH,4,29,1
HTHTTHTH,THHHHHHH,4,30,1
TTTTHHHH,THHTHHTH,4,31,0
THTHHTHT,HTTTTTTT,4,32,1
TTTTTTTH,HTHTHTHT,4,33,0
HTTTTTTT,HTHHTTHT,4,34,0
THTHHTHT,THHHHHHH,4,35,1
HTHTHTHT,HTHHHHHH,4,36,1
HTHHTTHT,THHHHHHH,4,37,1
TTTHTHTH,HTTHTTHT,4,38,0
THHTHHTH,HTHTTHTH,4,39,1
HHHHHHT,HHHHHHH,4,40,1
THTHTHTH,HTTTTTTT,4,41,1
TTTTTTTH,HTHTTHTH,4,42,0
THTTTHTT,TTHTHTHH,4,43,0
THTHHTHT,HTHHTHHT,4,44,1
TTTTTTH,HHHHHHH,4,45,1
HHTHTHHT,HHHHHHHT,4,46,1
TTTTTTTT,HTTHHTTH,4,47,0
HHHHHHT,HTHTHTH,4,48,0
THTHHTHT,HTTHTTHT,4,49,1
THTHTHT,HHHHHHT,4,50,1
TTTTHTHT,HTHHTHHT,4,51,1
THTHHTHT,TTTTTTTH,4,52,1
HHTTHHT,TTTTTTH,4,53,1
TTHTHTTH,HTTTTTTT,4,54,1
HTTHT,TTTTH,4,55,1
HHHHHHHH,HTTTTTTT,4,56,0
TTT,HTT,4,57,0
TTTTTTH,TTTTTTT,4,58,1
HTTHTTHT,HTHTHHHH,4,59,1
HTTHHTTH,HTHTHTTT,4,60,1
THH,TTT,4,61,1
HTHTHTHT,HHHHHHTH,4,62,1
HTHTHTTT,HTTHTHHT,4,63,1
HHHHHHTH,THTHHTHT,4,64,0
THTHTHHH,HTTHHTTH,5,1,1
HTHTTHTH,HTHHHHHT,5,2,1
HTTTTTTT,HTHTHTHT,5,3,0
HTHHTHHT,HHHHTTTT,5,4,1
TTHHTTH,TTTTTTH,5,5,1
TTTTTTTH,TTTTTTTT,5,6,1
TTTTTTH,HTTTHHT,5,7,0
HHHHHHHT,HTHTHTHT,5,8,0
HHHHHHHH,HHHHHHHT,5,9,0
HTHTTHTH,HTTHTTHT,5,10,0
HTHTHHTH,THTTHHTH,5,11,1
HTHHTHHT,HTHTTHTH,5,12,0
THTHHTHT,THTTHTTH,5,13,1
THHTTHHT,THTHTTHT,5,14,0
TTTTHHHH,HTHHTHHT,5,15,0
HTHTTHTH,HHHHHHHT,5,16,1
THTTHTTH,HTHTTHTH,5,17,1
HHHHHHHT,THTHHTHT,5,18,0
TTTTHHHH,HTTHTTHT,5,19,0
TTTTTTT,HHHHHHT,5,20,0
HTHHTHHT,TTHTHTHH,5,21,1
HTHTTHTH,HTTTTTTT,5,22,1
THTHTHTH,HHHHHHHT,5,23,1
THHHHHHH,HTHTHTHT,5,24,0
THTHTTHT,THHTHTTH,5,25,1
HHHHHHHT,HTHHTHHT,5,26,0
HTTHTTHT,HHHHTTTT,5,27,1
HTTTTTH,HHHHHHH,5,28,1
THHHHHHH,THTHTHTH,5,29,0
HTHTTHTH,THHHHHHH,5,30,1
THHTHHTH,TTTTHHHH,5,31,1
THTHHTHT,HTTTTTTT,5,32,1
HTHTHTHT,TTTTTTTH,5,33,1
HTTTTTTT,HTHHTTHT,5,34,0
THHHHHHH,THTHHTHT,5,35,0
HTHTHTHT,HTHHHHHH,5,36,1
HTHHTTHT,THHHHHHH,5,37,1
HTTHTTHT,TTTHTHTH,5,38,0
HTHTTHTH,THHTHHTH,5,39,1
HHHHHHH,HHHHHHT,5,40,0
THTHTHTH,HTTTTTTT,5,41,0
HTHTTHTH,TTTTTTTH,5,42,1
TTHTHTHH,THTTTHTT,5,43,0
HTHHTHHT,THTHHTHT,5,44,1
HHHHHHH,TTTTTTH,5,45,1
HHTHTHHT,HHHHHHHT,5,46,1
HTTHHTTH,TTTTTTTT,5,47,1
HTHTHTH,HHHHHHT,5,48,1
THTHHTHT,HTTHTTHT,5,49,0
HHHHHHT,THTHTHT,5,50,0
HTHHTHHT,TTTTHTHT,5,51,1
TTTTTTTH,THTHHTHT,5,52,0
HHTTHHT,TTTTTTH,5,53,1
TTHTHTTH,HTTTTTTT,5,54,0
HTTHT,TTTTH,5,55,0
HTTTTTTT,HHHHHHHH,5,56,1
HTT,TTT,5,57,1
TTTTTTT,TTTTTTH,5,58,0
HTHTHHHH,HTTHTTHT,5,59,1
HTTHHTTH,HTHTHTTT,5,60,1
THH,TTT,5,61,1
HTHTHTHT,HHHHHHTH,5,62,1
HTTHTHHT,HTHTHTTT,5,63,1
THTHHTHT,HHHHHHTH,5,64,1
THTHTHHH,HTTHHTTH,6,1,1
HTHTTHTH,HTHHHHHT,6,2,0
HTTTTTTT,HTHTHTHT,6,3,0
HHHHTTTT,HTHHTHHT,6,4,0
TTHHTTH,TTTTTTH,6,5,1
TTTTTTTT,TTTTTTTH,6,6,0
TTTTTTH,HTTTHHT,6,7,0
HTHTHTHT,HHHHHHHT,6,8,1
HHHHHHHH,HHHHHHHT,6,9,0
HTHTTHTH,HTTHTTHT,6,10,1
HTHTHHTH,THTTHHTH,6,11,0
HTHHTHHT,HTHTTHTH,6,12,0
THTHHTHT,THTTHTTH,6,13,1
THHTTHHT,THTHTTHT,6,14,0
HTHHTHHT,TTTTHHHH,6,15,1
HTHTTHTH,HHHHHHHT,6,16,1
HTHTTHTH,THTTHTTH,6,17,0
THTHHTHT,HHHHHHHT,6,18,1
TTTTHHHH,HTTHTTHT,6,19,0
TTTTTTT,HHHHHHT,6,20,1
HTHHTHHT,TTHTHTHH,6,21,0
HTHTTHTH,HTTTTTTT,6,22,1
THTHTHTH,HHHHHHHT,6,23,1
HTHTHTHT,THHHHHHH,6,24,0
THTHTTHT,THHTHTTH,6,25,1
HTHHTHHT,HHHHHHHT,6,26,1
HHHHTTTT,HTTHTTHT,6,27,0
HHHHHHH,HTTTTTH,6,28,0
THTHTHTH,THHHHHHH,6,29,1
THHHHHHH,HTHTTHTH,6,30,0
THHTHHTH,TTTTHHHH,6,31,1
HTTTTTTT,THTHHTHT,6,32,0
HTHTHTHT,TTTTTTTH,6,33,1
HTTTTTTT,HTHHTTHT,6,34,0
THHHHHHH,THTHHTHT,6,35,0
HTHHHHHH,HTHTHTHT,6,36,1
HTHHTTHT,THHHHHHH,6,37,1
HTTHTTHT,TTTHTHTH,6,38,0
HTHTTHTH,THHTHHTH,6,39,1
HHHHHHT,HHHHHHH,6,40,1
THTHTHTH,HTTTTTTT,6,41,0
HTHTTHTH,TTTTTTTH,6,42,1
TTHTHTHH,THTTTHTT,6,43,0
HTHHTHHT,THTHHTHT,6,44,0
TTTTTTH,HHHHHHH,6,45,0
HHTHTHHT,HHHHHHHT,6,46,1
TTTTTTTT,HTTHHTTH,6,47,0
HTHTHTH,HHHHHHT,6,48,1
HTTHTTHT,THTHHTHT,6,49,1
THTHTHT,HHHHHHT,6,50,1
HTHHTHHT,TTTTHTHT,6,51,0
TTTTTTTH,THTHHTHT,6,52,0
HHTTHHT,TTTTTTH,6,53,1
TTHTHTTH,HTTTTTTT,6,54,1
TTTTH,HTTHT,6,55,0
HTTTTTTT,HHHHHHHH,6,56,1
TTT,HTT,6,57,0
TTTTTTT,TTTTTTH,6,58,0
HTHTHHHH,HTTHTTHT,6,59,1
HTHTHTTT,HTTHHTTH,6,60,1
TTT,THH,6,61,0
HHHHHHTH,HTHTHTHT,6,62,1
HTTHTHHT,HTHTHTTT,6,63,0
THTHHTHT,HHHHHHTH,6,64,0
HTTHHTTH,THTHTHHH,7,1,0
HTHHHHHT,HTHTTHTH,7,2,0
HTTTTTTT,HTHTHTHT,7,3,1
HTHHTHHT,HHHHTTTT,7,4,0
TTTTTTH,TTHHTTH,7,5,0
TTTTTTTT,TTTTTTTH,7,6,1
HTTTHHT,TTTTTTH,7,7,0
HTHTHTHT,HHHHHHHT,7,8,0
HHHHHHHH,HHHHHHHT,7,9,1
HTTHTTHT,HTHTTHTH,7,10,1
HTHTHHTH,THTTHHTH,7,11,0
HTHTTHTH,HTHHTHHT,7,12,0
THTHHTHT,THTTHTTH,7,13,0
THHTTHHT,THTHTTHT,7,14,1
HTHHTHHT,TTTTHHHH,7,15,0
HHHHHHHT,HTHTTHTH,7,16,1
THTTHTTH,HTHTTHTH,7,17,1
HHHHHHHT,THTHHTHT,7,18,1
TTTTHHHH,HTTHTTHT,7,19,1
TTTTTTT,HHHHHHT,7,20,1
HTHHTHHT,TTHTHTHH,7,21,1
HTHTTHTH,HTTTTTTT,7,22,0
HHHHHHHT,THTHTHTH,7,23,1
HTHTHTHT,THHHHHHH,7,24,0
THHTHTTH,THTHTTHT,7,25,0
HHHHHHHT,HTHHTHHT,7,26,1
HHHHTTTT,HTTHTTHT,7,27,0
HHHHHHH,HTTTTTH,7,28,1
THHHHHHH,THTHTHTH,7,29,1
THHHHHHH,HTHTTHTH,7,30,1
TTTTHHHH,THHTHHTH,7,31,1
THTHHTHT,HTTTTTTT,7,32,1
TTTTTTTH,HTHTHTHT,7,33,1
HTHHTTHT,HTTTTTTT,7,34,0
THHHHHHH,THTHHTHT,7,35,1
HTHTHTHT,HTHHHHHH,7,36,0
HTHHTTHT,THHHHHHH,7,37,0
TTTHTHTH,HTTHTTHT,7,38,1
HTHTTHTH,THHTHHTH,7,39,0
HHHHHHH,HHHHHHT,7,40,1
HTTTTTTT,THTHTHTH,7,41,1
TTTTTTTH,HTHTTHTH,7,42,1
THTTTHTT,TTHTHTHH,7,43,1
THTHHTHT,HTHHTHHT,7,44,0
HHHHHHH,TTTTTTH,7,45,1
HHHHHHHT,HHTHTHHT,7,46,1
TTTTTTTT,HTTHHTTH,7,47,1
HHHHHHT,HTHTHTH,7,48,1
THTHHTHT,HTTHTTHT,7,49,0
THTHTHT,HHHHHHT,7,50,0
HTHHTHHT,TTTTHTHT,7,51,0
THTHHTHT,TTTTTTTH,7,52,0
HHTTHHT,TTTTTTH,7,53,0
HTTTTTTT,TTHTHTTH,7,54,1
TTTTH,HTTHT,7,55,1
HTTTTTTT,HHHHHHHH,7,56,0
HTT,TTT,7,57,0
TTTTTTH,TTTTTTT,7,58,0
HTTHTTHT,HTHTHHHH,7,59,0
HTTHHTTH,HTHTHTTT,7,60,0
THH,TTT,7,61,0
HHHHHHTH,HTHTHTHT,7,62,1
HTHTHTTT,HTTHTHHT,7,63,1
HHHHHHTH,THTHHTHT,7,64,1
HTTHHTTH,THTHTHHH,8,1,0
HTHTTHTH,HTHHHHHT,8,2,0
HTHTHTHT,HTTTTTTT,8,3,0
HHHHTTTT,HTHHTHHT,8,4,0
TTTTTTH,TTHHTTH,8,5,0
TTTTTTTH,TTTTTTTT,8,6,1
HTTTHHT,TTTTTTH,8,7,1
HHHHHHHT,HTHTHTHT,8,8,1
HHHHHHHH,HHHHHHHT,8,9,0
HTHTTHTH,HTTHTTHT,8,10,1
HTHTHHTH,THTTHHTH,8,11,0
HTHHTHHT,HTHTTHTH,8,12,0
THTTHTTH,THTHHTHT,8,13,0
THHTTHHT,THTHTTHT,8,14,1
HTHHTHHT,TTTTHHHH,8,15,1
HHHHHHHT,HTHTTHTH,8,16,0
THTTHTTH,HTHTTHTH,8,17,1
HHHHHHHT,THTHHTHT,8,18,0
TTTTHHHH,HTTHTTHT,8,19,0
HHHHHHT,TTTTTTT,8,20,1
TTHTHTHH,HTHHTHHT,8,21,1
HTHTTHTH,HTTTTTTT,8,22,1
HHHHHHHT,THTHTHTH,8,23,1
HTHTHTHT,THHHHHHH,8,24,0
THTHTTHT,THHTHTTH,8,25,0
HTHHTHHT,HHHHHHHT,8,26,0
HHHHTTTT,HTTHTTHT,8,27,0
HHHHHHH,HTTTTTH,8,28,0
THTHTHTH,THHHHHHH,8,29,0
THHHHHHH,HTHTTHTH,8,30,1
THHTHHTH,TTTTHHHH,8,31,1
THTHHTHT,HTTTTTTT,8,32,1
HTHTHTHT,TTTTTTTH,8,33,0
HTHHTTHT,HTTTTTTT,8,34,1
THHHHHHH,THTHHTHT,8,35,0
HTHTHTHT,HTHHHHHH,8,36,0
HTHHTTHT,THHHHHHH,8,37,1
HTTHTTHT,TTTHTHTH,8,38,0
HTHTTHTH,THHTHHTH,8,39,1
HHHHHHH,HHHHHHT,8,40,0
HTTTTTTT,THTHTHTH,8,41,1
TTTTTTTH,HTHTTHTH,8,42,0
THTTTHTT,TTHTHTHH,8,43,0
THTHHTHT,HTHHTHHT,8,44,1
HHHHHHH,TTTTTTH,8,45,0
HHHHHHHT,HHTHTHHT,8,46,0
TTTTTTTT,HTTHHTTH,8,47,0
HHHHHHT,HTHTHTH,8,48,1
THTHHTHT,HTTHTTHT,8,49,1
THTHTHT,HHHHHHT,8,50,0
TTTTHTHT,HTHHTHHT,8,51,1
TTTTTTTH,THTHHTHT,8,52,0
HHTTHHT,TTTTTTH,8,53,1
TTHTHTTH,HTTTTTTT,8,54,1
HTTHT,TTTTH,8,55,1
HTTTTTTT,HHHHHHHH,8,56,1
HTT,TTT,8,57,1
TTTTTTT,TTTTTTH,8,58,0
HTTHTTHT,HTHTHHHH,8,59,0
HTTHHTTH,HTHTHTTT,8,60,0
THH,TTT,8,61,1
HHHHHHTH,HTHTHTHT,8,62,1
HTHTHTTT,HTTHTHHT,8,63,1
THTHHTHT,HHHHHHTH,8,64,1
THTHTHHH,HTTHHTTH,9,1,0
HTHHHHHT,HTHTTHTH,9,2,0
HTTTTTTT,HTHTHTHT,9,3,0
HHHHTTTT,HTHHTHHT,9,4,0
TTHHTTH,TTTTTTH,9,5,1
TTTTTTTT,TTTTTTTH,9,6,0
TTTTTTH,HTTTHHT,9,7,0
HTHTHTHT,HHHHHHHT,9,8,1
HHHHHHHT,HHHHHHHH,9,9,1
HTHTTHTH,HTTHTTHT,9,10,0
THTTHHTH,HTHTHHTH,9,11,1
HTHHTHHT,HTHTTHTH,9,12,0
THTTHTTH,THTHHTHT,9,13,1
THHTTHHT,THTHTTHT,9,14,1
TTTTHHHH,HTHHTHHT,9,15,0
HTHTTHTH,HHHHHHHT,9,16,1
THTTHTTH,HTHTTHTH,9,17,0
HHHHHHHT,THTHHTHT,9,18,0
HTTHTTHT,TTTTHHHH,9,19,1
TTTTTTT,HHHHHHT,9,20,0
HTHHTHHT,TTHTHTHH,9,21,1
HTHTTHTH,HTTTTTTT,9,22,1
HHHHHHHT,THTHTHTH,9,23,0
THHHHHHH,HTHTHTHT,9,24,0
THHTHTTH,THTHTTHT,9,25,0
HHHHHHHT,HTHHTHHT,9,26,0
HHHHTTTT,HTTHTTHT,9,27,0
HTTTTTH,HHHHHHH,9,28,1
THHHHHHH,THTHTHTH,9,29,0
THHHHHHH,HTHTTHTH,9,30,0
TTTTHHHH,THHTHHTH,9,31,0
THTHHTHT,HTTTTTTT,9,32,1
TTTTTTTH,HTHTHTHT,9,33,0
HTHHTTHT,HTTTTTTT,9,34,1
THTHHTHT,THHHHHHH,9,35,1
HTHHHHHH,HTHTHTHT,9,36,0
THHHHHHH,HTHHTTHT,9,37,0
HTTHTTHT,TTTHTHTH,9,38,1
THHTHHTH,HTHTTHTH,9,39,0
HHHHHHT,HHHHHHH,9,40,1
HTTTTTTT,THTHTHTH,9,41,0
TTTTTTTH,HTHTTHTH,9,42,0
THTTTHTT,TTHTHTHH,9,43,0
THTHHTHT,HTHHTHHT,9,44,1
TTTTTTH,HHHHHHH,9,45,1
HHHHHHHT,HHTHTHHT,9,46,0
HTTHHTTH,TTTTTTTT,9,47,1
HTHTHTH,HHHHHHT,9,48,1
HTTHTTHT,THTHHTHT,9,49,0
THTHTHT,HHHHHHT,9,50,1
HTHHTHHT,TTTTHTHT,9,51,1
TTTTTTTH,THTHHTHT,9,52,0
TTTTTTH,HHTTHHT,9,53,0
HTTTTTTT,TTHTHTTH,9,54,0
TTTTH,HTTHT,9,55,0
HTTTTTTT,HHHHHHHH,9,56,1
TTT,HTT,9,57,0
TTTTTTT,TTTTTTH,9,58,0
HTHTHHHH,HTTHTTHT,9,59,0
HTHTHTTT,HTTHHTTH,9,60,0
THH,TTT,9,61,1
HHHHHHTH,HTHTHTHT,9,62,0
HTHTHTTT,HTTHTHHT,9,63,1
THTHHTHT,HHHHHHTH,9,64,1
HTTHHTTH,THTHTHHH,10,1,1
HTHTTHTH,HTHHHHHT,10,2,1
HTTTTTTT,HTHTHTHT,10,3,0
HTHHTHHT,HHHHTTTT,10,4,1
TTHHTTH,TTTTTTH,10,5,1
TTTTTTTT,TTTTTTTH,10,6,0
HTTTHHT,TTTTTTH,10,7,1
HTHTHTHT,HHHHHHHT,10,8,1
HHHHHHHT,HHHHHHHH,10,9,1
HTHTTHTH,HTTHTTHT,10,10,1
HTHTHHTH,THTTHHTH,10,11,1
HTHHTHHT,HTHTTHTH,10,12,0
THTHHTHT,THTTHTTH,10,13,1
THHTTHHT,THTHTTHT,10,14,1
HTHHTHHT,TTTTHHHH,10,15,1
HHHHHHHT,HTHTTHTH,10,16,0
HTHTTHTH,THTTHTTH,10,17,1
HHHHHHHT,THTHHTHT,10,18,0
TTTTHHHH,HTTHTTHT,10,19,0
HHHHHHT,TTTTTTT,10,20,1
HTHHTHHT,TTHTHTHH,10,21,0
HTTTTTTT,HTHTTHTH,10,22,0
HHHHHHHT,THTHTHTH,10,23,0
THHHHHHH,HTHTHTHT,10,24,0
THTHTTHT,THHTHTTH,10,25,1
HHHHHHHT,HTHHTHHT,10,26,0
HTTHTTHT,HHHHTTTT,10,27,1
HTTTTTH,HHHHHHH,10,28,1
THTHTHTH,THHHHHHH,10,29,1
HTHTTHTH,THHHHHHH,10,30,1
THHTHHTH,TTTTHHHH,10,31,1
THTHHTHT,HTTTTTTT,10,32,1
TTTTTTTH,HTHTHTHT,10,33,0
HTTTTTTT,HTHHTTHT,10,34,0
THHHHHHH,THTHHTHT,10,35,0
HTHHHHHH,HTHTHTHT,10,36,0
THHHHHHH,HTHHTTHT,10,37,0
HTTHTTHT,TTTHTHTH,10,38,0
HTHTTHTH,THHTHHTH,10,39,1
HHHHHHH,HHHHHHT,10,40,0
THTHTHTH,HTTTTTTT,10,41,1
TTTTTTTH,HTHTTHTH,10,42,0
THTTTHTT,TTHTHTHH,10,43,0
THTHHTHT,HTHHTHHT,10,44,1
HHHHHHH,TTTTTTH,10,45,0
HHHHHHHT,HHTHTHHT,10,46,0
HTTHHTTH,TTTTTTTT,10,47,1
HTHTHTH,HHHHHHT,10,48,1
HTTHTTHT,THTHHTHT,10,49,0
HHHHHHT,THTHTHT,10,50,0
TTTTHTHT,HTHHTHHT,10,51,0
THTHHTHT,TTTTTTTH,10,52,1
HHTTHHT,TTTTTTH,10,53,1
TTHTHTTH,HTTTTTTT,10,54,1
TTTTH,HTTHT,10,55,0
HHHHHHHH,HTTTTTTT,10,56,0
HTT,TTT,10,57,1
TTTTTTT,TTTTTTH,10,58,0
HTTHTTHT,HTHTHHHH,10,59,1
HTTHHTTH,HTHTHTTT,10,60,1
TTT,THH,10,61,0
HHHHHHTH,HTHTHTHT,10,62,0
HTHTHTTT,HTTHTHHT,10,63,1
HHHHHHTH,THTHHTHT,10,64,0
HTTHHTTH,THTHTHHH,11,1,1
HTHHHHHT,HTHTTHTH,11,2,0
HTHTHTHT,HTTTTTTT,11,3,1
HTHHTHHT,HHHHTTTT,11,4,1
TTHHTTH,TTTTTTH,11,5,1
TTTTTTTH,TTTTTTTT,11,6,1
HTTTHHT,TTTTTTH,11,7,1
HHHHHHHT,HTHTHTHT,11,8,0
HHHHHHHT,HHHHHHHH,11,9,1
HTHTTHTH,HTTHTTHT,11,10,0
HTHTHHTH,THTTHHTH,11,11,0
HTHTTHTH,HTHHTHHT,11,12,1
THTHHTHT,THTTHTTH,11,13,1
THHTTHHT,THTHTTHT,11,14,0
TTTTHHHH,HTHHTHHT,11,15,0
HHHHHHHT,HTHTTHTH,11,16,0
HTHTTHTH,THTTHTTH,11,17,1
THTHHTHT,HHHHHHHT,11,18,1
TTTTHHHH,HTTHTTHT,11,19,0
TTTTTTT,HHHHHHT,11,20,0
HTHHTHHT,TTHTHTHH,11,21,1
HTHTTHTH,HTTTTTTT,11,22,1
HHHHHHHT,THTHTHTH,11,23,0
THHHHHHH,HTHTHTHT,11,24,0
THTHTTHT,THHTHTTH,11,25,1
HTHHTHHT,HHHHHHHT,11,26,1
HTTHTTHT,HHHHTTTT,11,27,1
HHHHHHH,HTTTTTH,11,28,0
THTHTHTH,THHHHHHH,11,29,1
HTHTTHTH,THHHHHHH,11,30,1
TTTTHHHH,THHTHHTH,11,31,0
THTHHTHT,HTTTTTTT,11,32,1
TTTTTTTH,HTHTHTHT,11,33,0
HTHHTTHT,HTTTTTTT,11,34,1
THTHHTHT,THHHHHHH,11,35,1
HTHHHHHH,HTHTHTHT,11,36,0
THHHHHHH,HTHHTTHT,11,37,0
HTTHTTHT,TTTHTHTH,11,38,1
THHTHHTH,HTHTTHTH,11,39,0
HHHHHHT,HHHHHHH,11,40,1
THTHTHTH,HTTTTTTT,11,41,1
TTTTTTTH,HTHTTHTH,11,42,0
TTHTHTHH,THTTTHTT,11,43,1
HTHHTHHT,THTHHTHT,11,44,0
TTTTTTH,HHHHHHH,11,45,1
HHHHHHHT,HHTHTHHT,11,46,0
HTTHHTTH,TTTTTTTT,11,47,1
HHHHHHT,HTHTHTH,11,48,0
HTTHTTHT,THTHHTHT,11,49,0
HHHHHHT,THTHTHT,11,50,0
TTTTHTHT,HTHHTHHT,11,51,0
THTHHTHT,TTTTTTTH,11,52,1
HHTTHHT,TTTTTTH,11,53,1
TTHTHTTH,HTTTTTTT,11,54,1
HTTHT,TTTTH,11,55,1
HTTTTTTT,HHHHHHHH,11,56,1
HTT,TTT,11,57,1
TTTTTTH,TTTTTTT,11,58,1
HTHTHHHH,HTTHTTHT,11,59,0
HTTHHTTH,HTHTHTTT,11,60,0
TTT,THH,11,61,0
HTHTHTHT,HHHHHHTH,11,62,1
HTHTHTTT,HTTHTHHT,11,63,0
HHHHHHTH,THTHHTHT,11,64,0
HTTHHTTH,THTHTHHH,12,1,0
HTHHHHHT,HTHTTHTH,12,2,0
HTTTTTTT,HTHTHTHT,12,3,0
HHHHTTTT,HTHHTHHT,12,4,0
TTTTTTH,TTHHTTH,12,5,0
TTTTTTTH,TTTTTTTT,12,6,1
TTTTTTH,HTTTHHT,12,7,0
HTHTHTHT,HHHHHHHT,12,8,1
HHHHHHHT,HHHHHHHH,12,9,1
HTTHTTHT,HTHTTHTH,12,10,0
THTTHHTH,HTHTHHTH,12,11,0
HTHHTHHT,HTHTTHTH,12,12,0
THTTHTTH,THTHHTHT,12,13,0
THTHTTHT,THHTTHHT,12,14,1
HTHHTHHT,TTTTHHHH,12,15,1
HHHHHHHT,HTHTTHTH,12,16,0
HTHTTHTH,THTTHTTH,12,17,1
THTHHTHT,HHHHHHHT,12,18,1
HTTHTTHT,TTTTHHHH,12,19,1
TTTTTTT,HHHHHHT,12,20,0
TTHTHTHH,HTHHTHHT,12,21,1
HTHTTHTH,HTTTTTTT,12,22,1
THTHTHTH,HHHHHHHT,12,23,1
HTHTHTHT,THHHHHHH,12,24,1
THHTHTTH,THTHTTHT,12,25,0
HTHHTHHT,HHHHHHHT,12,26,1
HTTHTTHT,HHHHTTTT,12,27,1
HHHHHHH,HTTTTTH,12,28,0
THHHHHHH,THTHTHTH,12,29,0
THHHHHHH,HTHTTHTH,12,30,0
TTTTHHHH,THHTHHTH,12,31,0
THTHHTHT,HTTTTTTT,12,32,1
HTHTHTHT,TTTTTTTH,12,33,1
HTHHTTHT,HTTTTTTT,12,34,1
THHHHHHH,THTHHTHT,12,35,0
HTHTHTHT,HTHHHHHH,12,36,1
HTHHTTHT,THHHHHHH,12,37,1
HTTHTTHT,TTTHTHTH,12,38,0
HTHTTHTH,THHTHHTH,12,39,1
HHHHHHH,HHHHHHT,12,40,0
THTHTHTH,HTTTTTTT,12,41,1
TTTTTTTH,HTHTTHTH,12,42,0
THTTTHTT,TTHTHTHH,12,43,0
HTHHTHHT,THTHHTHT,12,44,0
TTTTTTH,HHHHHHH,12,45,1
HHTHTHHT,HHHHHHHT,12,46,1
HTTHHTTH,TTTTTTTT,12,47,1
HTHTHTH,HHHHHHT,12,48,1
HTTHTTHT,THTHHTHT,12,49,0
HHHHHHT,THTHTHT,12,50,0
TTTTHTHT,HTHHTHHT,12,51,0
TTTTTTTH,THTHHTHT,12,52,0
TTTTTTH,HHTTHHT,12,53,0
TTHTHTTH,HTTTTTTT,12,54,1
TTTTH,HTTHT,12,55,0
HHHHHHHH,HTTTTTTT,12,56,0
TTT,HTT,12,57,0
TTTTTTT,TTTTTTH,12,58,0
HTTHTTHT,HTHTHHHH,12,59,1
HTTHHTTH,HTHTHTTT,12,60,0
THH,TTT,12,61,1
HHHHHHTH,HTHTHTHT,12,62,0
HTTHTHHT,HTHTHTTT,12,63,1
THTHHTHT,HHHHHHTH,12,64,1
THTHTHHH,HTTHHTTH,13,1,0
HTHHHHHT,HTHTTHTH,13,2,1
HTHTHTHT,HTTTTTTT,13,3,1
HTHHTHHT,HHHHTTTT,13,4,1
TTHHTTH,TTTTTTH,13,5,1
TTTTTTTH,TTTTTTTT,13,6,1
TTTTTTH,HTTTHHT,13,7,0
HTHTHTHT,HHHHHHHT,13,8,1
HHHHHHHT,HHHHHHHH,13,9,1
HTHTTHTH,HTTHTTHT,13,10,1
THTTHHTH,HTHTHHTH,13,11,0
HTHTTHTH,HTHHTHHT,13,12,0
THTHHTHT,THTTHTTH,13,13,1
THHTTHHT,THTHTTHT,13,14,1
TTTTHHHH,HTHHTHHT,13,15,0
HTHTTHTH,HHHHHHHT,13,16,1
THTTHTTH,HTHTTHTH,13,17,0
THTHHTHT,HHHHHHHT,13,18,1
HTTHTTHT,TTTTHHHH,13,19,1
TTTTTTT,HHHHHHT,13,20,0
HTHHTHHT,TTHTHTHH,13,21,1
HTTTTTTT,HTHTTHTH,13,22,0
HHHHHHHT,THTHTHTH,13,23,0
HTHTHTHT,THHHHHHH,13,24,1
THHTHTTH,THTHTTHT,13,25,1
HTHHTHHT,HHHHHHHT,13,26,1
HTTHTTHT,HHHHTTTT,13,27,1
HTTTTTH,HHHHHHH,13,28,1
THHHHHHH,THTHTHTH,13,29,0
HTHTTHTH,THHHHHHH,13,30,1
TTTTHHHH,THHTHHTH,13,31,0
THTHHTHT,HTTTTTTT,13,32,1
TTTTTTTH,HTHTHTHT,13,33,0
HTTTTTTT,HTHHTTHT,13,34,0
THTHHTHT,THHHHHHH,13,35,1
HTHHHHHH,HTHTHTHT,13,36,0
HTHHTTHT,THHHHHHH,13,37,1
TTTHTHTH,HTTHTTHT,13,38,0
HTHTTHTH,THHTHHTH,13,39,1
HHHHHHT,HHHHHHH,13,40,1
THTHTHTH,HTTTTTTT,13,41,1
HTHTTHTH,TTTTTTTH,13,42,1
TTHTHTHH,THTTTHTT,13,43,0
THTHHTHT,HTHHTHHT,13,44,1
TTTTTTH,HHHHHHH,13,45,1
HHTHTHHT,HHHHHHHT,13,46,1
HTTHHTTH,TTTTTTTT,13,47,1
HHHHHHT,HTHTHTH,13,48,0
HTTHTTHT,THTHHTHT,13,49,0
THTHTHT,HHHHHHT,13,50,1
HTHHTHHT,TTTTHTHT,13,51,1
THTHHTHT,TTTTTTTH,13,52,1
TTTTTTH,HHTTHHT,13,53,0
TTHTHTTH,HTTTTTTT,13,54,1
TTTTH,HTTHT,13,55,0
HHHHHHHH,HTTTTTTT,13,56,0
HTT,TTT,13,57,1
TTTTTTT,TTTTTTH,13,58,0
HTHTHHHH,HTTHTTHT,13,59,1
HTHTHTTT,HTTHHTTH,13,60,0
TTT,THH,13,61,0
HHHHHHTH,HTHTHTHT,13,62,0
HTTHTHHT,HTHTHTTT,13,63,1
THTHHTHT,HHHHHHTH,13,64,1
THTHTHHH,HTTHHTTH,14,1,0
HTHHHHHT,HTHTTHTH,14,2,1
HTTTTTTT,HTHTHTHT,14,3,0
HTHHTHHT,HHHHTTTT,14,4,1
TTHHTTH,TTTTTTH,14,5,1
TTTTTTTT,TTTTTTTH,14,6,0
HTTTHHT,TTTTTTH,14,7,1
HHHHHHHT,HTHTHTHT,14,8,0
HHHHHHHH,HHHHHHHT,14,9,0
HTHTTHTH,HTTHTTHT,14,10,1
HTHTHHTH,THTTHHTH,14,11,0
HTHHTHHT,HTHTTHTH,14,12,1
THTTHTTH,THTHHTHT,14,13,1
THHTTHHT,THTHTTHT,14,14,1
HTHHTHHT,TTTTHHHH,14,15,1
HHHHHHHT,HTHTTHTH,14,16,0
HTHTTHTH,THTTHTTH,14,17,1
HHHHHHHT,THTHHTHT,14,18,0
TTTTHHHH,HTTHTTHT,14,19,0
HHHHHHT,TTTTTTT,14,20,1
TTHTHTHH,HTHHTHHT,14,21,0
HTHTTHTH,HTTTTTTT,14,22,1
HHHHHHHT,THTHTHTH,14,23,0
HTHTHTHT,THHHHHHH,14,24,0
THTHTTHT,THHTHTTH,14,25,0
HHHHHHHT,HTHHTHHT,14,26,1
HTTHTTHT,HHHHTTTT,14,27,0
HTTTTTH,HHHHHHH,14,28,0
THTHTHTH,THHHHHHH,14,29,1
THHHHHHH,HTHTTHTH,14,30,1
THHTHHTH,TTTTHHHH,14,31,0
HTTTTTTT,THTHHTHT,14,32,1
TTTTTTTH,HTHTHTHT,14,33,1
HTHHTTHT,HTTTTTTT,14,34,1
THHHHHHH,THTHHTHT,14,35,0
HTHTHTHT,HTHHHHHH,14,36,0
HTHHTTHT,THHHHHHH,14,37,1
TTTHTHTH,HTTHTTHT,14,38,1
THHTHHTH,HTHTTHTH,14,39,1
HHHHHHH,HHHHHHT,14,40,0
THTHTHTH,HTTTTTTT,14,41,0
HTHTTHTH,TTTTTTTH,14,42,0
TTHTHTHH,THTTTHTT,14,43,1
HTHHTHHT,THTHHTHT,14,44,1
TTTTTTH,HHHHHHH,14,45,1
HHTHTHHT,HHHHHHHT,14,46,0
HTTHHTTH,TTTTTTTT,14,47,1
HHHHHHT,HTHTHTH,14,48,0
THTHHTHT,HTTHTTHT,14,49,1
THTHTHT,HHHHHHT,14,50,1
HTHHTHHT,TTTTHTHT,14,51,1
THTHHTHT,TTTTTTTH,14,52,1
TTTTTTH,HHTTHHT,14,53,1
HTTTTTTT,TTHTHTTH,14,54,0
HTTHT,TTTTH,14,55,1
HHHHHHHH,HTTTTTTT,14,56,0
HTT,TTT,14,57,1
TTTTTTH,TTTTTTT,14,58,1
HTTHTTHT,HTHTHHHH,14,59,0
HTHTHTTT,HTTHHTTH,14,60,1
TTT,THH,14,61,0
HHHHHHTH,HTHTHTHT,14,62,1
HTHTHTTT,HTTHTHHT,14,63,1
HHHHHHTH,THTHHTHT,14,64,0
THTHTHHH,HTTHHTTH,15,1,1
HTHHHHHT,HTHTTHTH,15,2,1
HTHTHTHT,HTTTTTTT,15,3,0
HHHHTTTT,HTHHTHHT,15,4,1
TTHHTTH,TTTTTTH,15,5,0
TTTTTTTH,TTTTTTTT,15,6,0
HTTTHHT,TTTTTTH,15,7,0
HTHTHTHT,HHHHHHHT,15,8,0
HHHHHHHT,HHHHHHHH,15,9,0
HTHTTHTH,HTTHTTHT,15,10,1
HTHTHHTH,THTTHHTH,15,11,1
HTHTTHTH,HTHHTHHT,15,12,1
THTHHTHT,THTTHTTH,15,13,0
THHTTHHT,THTHTTHT,15,14,1
HTHHTHHT,TTTTHHHH,15,15,1
HHHHHHHT,HTHTTHTH,15,16,0
HTHTTHTH,THTTHTTH,15,17,1
THTHHTHT,HHHHHHHT,15,18,1
HTTHTTHT,TTTTHHHH,15,19,1
TTTTTTT,HHHHHHT,15,20,0
HTHHTHHT,TTHTHTHH,15,21,0
HTTTTTTT,HTHTTHTH,15,22,0
THTHTHTH,HHHHHHHT,15,23,1
HTHTHTHT,THHHHHHH,15,24,1
THTHTTHT,THHTHTTH,15,25,1
HTHHTHHT,HHHHHHHT,15,26,1
HTTHTTHT,HHHHTTTT,15,27,1
HHHHHHH,HTTTTTH,15,28,0
THTHTHTH,THHHHHHH,15,29,1
HTHTTHTH,THHHHHHH,15,30,1
TTTTHHHH,THHTHHTH,15,31,0
HTTTTTTT,THTHHTHT,15,32,0
HTHTHTHT,TTTTTTTH,15,33,1
HTTTTTTT,HTHHTTHT,15,34,0
THTHHTHT,THHHHHHH,15,35,1
HTHHHHHH,HTHTHTHT,15,36,0
HTHHTTHT,THHHHHHH,15,37,1
TTTHTHTH,HTTHTTHT,15,38,1
THHTHHTH,HTHTTHTH,15,39,1
HHHHHHT,HHHHHHH,15,40,1
HTTTTTTT,THTHTHTH,15,41,0
TTTTTTTH,HTHTTHTH,15,42,0
TTHTHTHH,THTTTHTT,15,43,0
HTHHTHHT,THTHHTHT,15,44,1
HHHHHHH,TTTTTTH,15,45,0
HHHHHHHT,HHTHTHHT,15,46,0
HTTHHTTH,TTTTTTTT,15,47,1
HTHTHTH,HHHHHHT,15,48,1
THTHHTHT,HTTHTTHT,15,49,1
THTHTHT,HHHHHHT,15,50,1
TTTTHTHT,HTHHTHHT,15,51,0
THTHHTHT,TTTTTTTH,15,52,1
HHTTHHT,TTTTTTH,15,53,1
TTHTHTTH,HTTTTTTT,15,54,1
TTTTH,HTTHT,15,55,0
HTTTTTTT,HHHHHHHH,15,56,1
TTT,HTT,15,57,0
TTTTTTT,TTTTTTH,15,58,0
HTTHTTHT,HTHTHHHH,15,59,0
HTTHHTTH,HTHTHTTT,15,60,1
TTT,THH,15,61,0
HHHHHHTH,HTHTHTHT,15,62,0
HTTHTHHT,HTHTHTTT,15,63,1
THTHHTHT,HHHHHHTH,15,64,1
HTTHHTTH,THTHTHHH,16,1,1
HTHTTHTH,HTHHHHHT,16,2,1
HTHTHTHT,HTTTTTTT,16,3,1
HTHHTHHT,HHHHTTTT,16,4,1
TTTTTTH,TTHHTTH,16,5,0
TTTTTTTT,TTTTTTTH,16,6,0
TTTTTTH,HTTTHHT,16,7,0
HHHHHHHT,HTHTHTHT,16,8,1
HHHHHHHT,HHHHHHHH,16,9,0
HTTHTTHT,HTHTTHTH,16,10,1
THTTHHTH,HTHTHHTH,16,11,0
HTHHTHHT,HTHTTHTH,16,12,1
THTHHTHT,THTTHTTH,16,13,1
THHTTHHT,THTHTTHT,16,14,1
HTHHTHHT,TTTTHHHH,16,15,0
HTHTTHTH,HHHHHHHT,16,16,0
HTHTTHTH,THTTHTTH,16,17,1
THTHHTHT,HHHHHHHT,16,18,0
HTTHTTHT,TTTTHHHH,16,19,0
HHHHHHT,TTTTTTT,16,20,0
TTHTHTHH,HTHHTHHT,16,21,0
HTHTTHTH,HTTTTTTT,16,22,0
HHHHHHHT,THTHTHTH,16,23,1
HTHTHTHT,THHHHHHH,16,24,0
THTHTTHT,THHTHTTH,16,25,1
HTHHTHHT,HHHHHHHT,16,26,0
HTTHTTHT,HHHHTTTT,16,27,0
HTTTTTH,HHHHHHH,16,28,0
THTHTHTH,THHHHHHH,16,29,0
HTHTTHTH,THHHHHHH,16,30,0
THHTHHTH,TTTTHHHH,16,31,0
THTHHTHT,HTTTTTTT,16,32,0
TTTTTTTH,HTHTHTHT,16,33,1
HTTTTTTT,HTHHTTHT,16,34,1
THHHHHHH,THTHHTHT,16,35,1
HTHHHHHH,HTHTHTHT,16,36,1
THHHHHHH,HTHHTTHT,16,37,1
TTTHTHTH,HTTHTTHT,16,38,1
HTHTTHTH,THHTHHTH,16,39,0
HHHHHHH,HHHHHHT,16,40,1
THTHTHTH,HTTTTTTT,16,41,0
TTTTTTTH,HTHTTHTH,16,42,1
TTHTHTHH,THTTTHTT,16,43,1
HTHHTHHT,THTHHTHT,16,44,1
HHHHHHH,TTTTTTH,16,45,1
HHTHTHHT,HHHHHHHT,16,46,0
HTTHHTTH,TTTTTTTT,16,47,0
HTHTHTH,HHHHHHT,16,48,0
THTHHTHT,HTTHTTHT,16,49,0
THTHTHT,HHHHHHT,16,50,0
TTTTHTHT,HTHHTHHT,16,51,1
TTTTTTTH,THTHHTHT,16,52,1
TTTTTTH,HHTTHHT,16,53,1
TTHTHTTH,HTTTTTTT,16,54,0
TTTTH,HTTHT,16,55,1
HTTTTTTT,HHHHHHHH,16,56,0
TTT,HTT,16,57,1
TTTTTTH,TTTTTTT,16,58,0
HTHTHHHH,HTTHTTHT,16,59,1
HTHTHTTT,HTTHHTTH,16,60,1
THH,TTT,16,61,0
HHHHHHTH,HTHTHTHT,16,62,1
HTHTHTTT,HTTHTHHT,16,63,1
THTHHTHT,HHHHHHTH,16,64,0
THTHTHHH,HTTHHTTH,17,1,1
HTHTTHTH,HTHHHHHT,17,2,0
HTHTHTHT,HTTTTTTT,17,3,1
HHHHTTTT,HTHHTHHT,17,4,0
TTTTTTH,TTHHTTH,17,5,0
TTTTTTTT,TTTTTTTH,17,6,0
HTTTHHT,TTTTTTH,17,7,1
HHHHHHHT,HTHTHTHT,17,8,0
HHHHHHHH,HHHHHHHT,17,9,1
HTHTTHTH,HTTHTTHT,17,10,1
THTTHHTH,HTHTHHTH,17,11,0
HTHTTHTH,HTHHTHHT,17,12,1
THTHHTHT,THTTHTTH,17,13,0
THTHTTHT,THHTTHHT,17,14,1
TTTTHHHH,HTHHTHHT,17,15,0
HTHTTHTH,HHHHHHHT,17,16,0
THTTHTTH,HTHTTHTH,17,17,1
THTHHTHT,HHHHHHHT,17,18,1
TTTTHHHH,HTTHTTHT,17,19,0
HHHHHHT,TTTTTTT,17,20,0
HTHHTHHT,TTHTHTHH,17,21,1
HTTTTTTT,HTHTTHTH,17,22,0
THTHTHTH,HHHHHHHT,17,23,1
HTHTHTHT,THHHHHHH,17,24,1
THHTHTTH,THTHTTHT,17,25,1
HHHHHHHT,HTHHTHHT,17,26,0
HHHHTTTT,HTTHTTHT,17,27,0
HHHHHHH,HTTTTTH,17,28,1
THHHHHHH,THTHTHTH,17,29,0
THHHHHHH,HTHTTHTH,17,30,0
THHTHHTH,TTTTHHHH,17,31,1
HTTTTTTT,THTHHTHT,17,32,0
TTTTTTTH,HTHTHTHT,17,33,0
HTTTTTTT,HTHHTTHT,17,34,0
THHHHHHH,THTHHTHT,17,35,1
HTHTHTHT,HTHHHHHH,17,36,1
HTHHTTHT,THHHHHHH,17,37,1
TTTHTHTH,HTTHTTHT,17,38,0
HTHTTHTH,THHTHHTH,17,39,1
HHHHHHT,HHHHHHH,17,40,0
THTHTHTH,HTTTTTTT,17,41,1
TTTTTTTH,HTHTTHTH,17,42,1
TTHTHTHH,THTTTHTT,17,43,1
HTHHTHHT,THTHHTHT,17,44,0
HHHHHHH,TTTTTTH,17,45,0
HHHHHHHT,HHTHTHHT,17,46,0
TTTTTTTT,HTTHHTTH,17,47,0
HHHHHHT,HTHTHTH,17,48,0
THTHHTHT,HTTHTTHT,17,49,1
HHHHHHT,THTHTHT,17,50,0
HTHHTHHT,TTTTHTHT,17,51,0
TTTTTTTH,THTHHTHT,17,52,0
HHTTHHT,TTTTTTH,17,53,0
HTTTTTTT,TTHTHTTH,17,54,0
HTTHT,TTTTH,17,55,0
HTTTTTTT,HHHHHHHH,17,56,0
HTT,TTT,17,57,1
TTTTTTH,TTTTTTT,17,58,1
HTHTHHHH,HTTHTTHT,17,59,0
HTHTHTTT,HTTHHTTH,17,60,1
THH,TTT,17,61,1
HHHHHHTH,HTHTHTHT,17,62,0
HTTHTHHT,HTHTHTTT,17,63,0
HHHHHHTH,THTHHTHT,17,64,0
HTTHHTTH,THTHTHHH,18,1,1
HTHTTHTH,HTHHHHHT,18,2,0
HTHTHTHT,HTTTTTTT,18,3,1
HTHHTHHT,HHHHTTTT,18,4,1
TTTTTTH,TTHHTTH,18,5,0
TTTTTTTT,TTTTTTTH,18,6,0
HTTTHHT,TTTTTTH,18,7,1
HTHTHTHT,HHHHHHHT,18,8,1
HHHHHHHT,HHHHHHHH,18,9,1
HTTHTTHT,HTHTTHTH,18,10,1
THTTHHTH,HTHTHHTH,18,11,1
HTHHTHHT,HTHTTHTH,18,12,1
THTHHTHT,THTTHTTH,18,13,1
THHTTHHT,THTHTTHT,18,14,1
TTTTHHHH,HTHHTHHT,18,15,0
HTHTTHTH,HHHHHHHT,18,16,1
THTTHTTH,HTHTTHTH,18,17,1
THTHHTHT,HHHHHHHT,18,18,1
TTTTHHHH,HTTHTTHT,18,19,0
TTTTTTT,HHHHHHT,18,20,0
HTHHTHHT,TTHTHTHH,18,21,0
HTTTTTTT,HTHTTHTH,18,22,0
THTHTHTH,HHHHHHHT,18,23,0
THHHHHHH,HTHTHTHT,18,24,1
THHTHTTH,THTHTTHT,18,25,1
HTHHTHHT,HHHHHHHT,18,26,1
HTTHTTHT,HHHHTTTT,18,27,1
HTTTTTH,HHHHHHH,18,28,1
THTHTHTH,THHHHHHH,18,29,1
THHHHHHH,HTHTTHTH,18,30,0
THHTHHTH,TTTTHHHH,18,31,1
THTHHTHT,HTTTTTTT,18,32,1
TTTTTTTH,HTHTHTHT,18,33,1
HTHHTTHT,HTTTTTTT,18,34,1
THTHHTHT,THHHHHHH,18,35,1
HTHHHHHH,HTHTHTHT,18,36,1
HTHHTTHT,THHHHHHH,18,37,1
HTTHTTHT,TTTHTHTH,18,38,1
HTHTTHTH,THHTHHTH,18,39,1
HHHHHHH,HHHHHHT,18,40,0
THTHTHTH,HTTTTTTT,18,41,0
TTTTTTTH,HTHTTHTH,18,42,0
THTTTHTT,TTHTHTHH,18,43,0
THTHHTHT,HTHHTHHT,18,44,1
HHHHHHH,TTTTTTH,18,45,0
HHTHTHHT,HHHHHHHT,18,46,0
TTTTTTTT,HTTHHTTH,18,47,0
HHHHHHT,HTHTHTH,18,48,0
THTHHTHT,HTTHTTHT,18,49,0
THTHTHT,HHHHHHT,18,50,0
TTTTHTHT,HTHHTHHT,18,51,0
THTHHTHT,TTTTTTTH,18,52,1
HHTTHHT,TTTTTTH,18,53,1
TTHTHTTH,HTTTTTTT,18,54,1
TTTTH,HTTHT,18,55,0
HHHHHHHH,HTTTTTTT,18,56,0
TTT,HTT,18,57,0
TTTTTTT,TTTTTTH,18,58,0
HTTHTTHT,HTHTHHHH,18,59,0
HTHTHTTT,HTTHHTTH,18,60,0
TTT,THH,18,61,0
HHHHHHTH,HTHTHTHT,18,62,1
HTTHTHHT,HTHTHTTT,18,63,1
THTHHTHT,HHHHHHTH,18,64,1
HTTHHTTH,THTHTHHH,19,1,1
HTHHHHHT,HTHTTHTH,19,2,0
HTHTHTHT,HTTTTTTT,19,3,1
HHHHTTTT,HTHHTHHT,19,4,0
TTTTTTH,TTHHTTH,19,5,0
TTTTTTTT,TTTTTTTH,19,6,0
TTTTTTH,HTTTHHT,19,7,0
HTHTHTHT,HHHHHHHT,19,8,1
HHHHHHHH,HHHHHHHT,19,9,0
HTTHTTHT,HTHTTHTH,19,10,0
HTHTHHTH,THTTHHTH,19,11,1
HTHTTHTH,HTHHTHHT,19,12,1
THTHHTHT,THTTHTTH,19,13,0
THHTTHHT,THTHTTHT,19,14,0
TTTTHHHH,HTHHTHHT,19,15,0
HHHHHHHT,HTHTTHTH,19,16,0
THTTHTTH,HTHTTHTH,19,17,0
HHHHHHHT,THTHHTHT,19,18,0
TTTTHHHH,HTTHTTHT,19,19,0
TTTTTTT,HHHHHHT,19,20,0
HTHHTHHT,TTHTHTHH,19,21,0
HTTTTTTT,HTHTTHTH,19,22,0
HHHHHHHT,THTHTHTH,19,23,0
HTHTHTHT,THHHHHHH,19,24,1
THTHTTHT,THHTHTTH,19,25,1
HHHHHHHT,HTHHTHHT,19,26,0
HHHHTTTT,HTTHTTHT,19,27,0
HTTTTTH,HHHHHHH,19,28,1
THTHTHTH,THHHHHHH,19,29,1
THHHHHHH,HTHTTHTH,19,30,0
THHTHHTH,TTTTHHHH,19,31,1
THTHHTHT,HTTTTTTT,19,32,1
TTTTTTTH,HTHTHTHT,19,33,0
HTHHTTHT,HTTTTTTT,19,34,1
THTHHTHT,THHHHHHH,19,35,1
HTHHHHHH,HTHTHTHT,19,36,0
THHHHHHH,HTHHTTHT,19,37,0
TTTHTHTH,HTTHTTHT,19,38,0
THHTHHTH,HTHTTHTH,19,39,0
HHHHHHT,HHHHHHH,19,40,1
THTHTHTH,HTTTTTTT,19,41,1
HTHTTHTH,TTTTTTTH,19,42,1
THTTTHTT,TTHTHTHH,19,43,0
HTHHTHHT,THTHHTHT,19,44,0
HHHHHHH,TTTTTTH,19,45,0
HHHHHHHT,HHTHTHHT,19,46,0
TTTTTTTT,HTTHHTTH,19,47,0
HTHTHTH,HHHHHHT,19,48,1
HTTHTTHT,THTHHTHT,19,49,1
THTHTHT,HHHHHHT,19,50,1
HTHHTHHT,TTTTHTHT,19,51,1
THTHHTHT,TTTTTTTH,19,52,1
HHTTHHT,TTTTTTH,19,53,1
TTHTHTTH,HTTTTTTT,19,54,1
TTTTH,HTTHT,19,55,0
HHHHHHHH,HTTTTTTT,19,56,0
HTT,TTT,19,57,1
TTTTTTH,TTTTTTT,19,58,1
HTTHTTHT,HTHTHHHH,19,59,1
HTHTHTTT,HTTHHTTH,19,60,0
THH,TTT,19,61,1
HTHTHTHT,HHHHHHTH,19,62,1
HTTHTHHT,HTHTHTTT,19,63,1
HHHHHHTH,THTHHTHT,19,64,0
HTTHHTTH,THTHTHHH,20,1,1
HTHHHHHT,HTHTTHTH,20,2,0
HTHTHTHT,HTTTTTTT,20,3,0
HTHHTHHT,HHHHTTTT,20,4,1
TTTTTTH,TTHHTTH,20,5,0
TTTTTTTH,TTTTTTTT,20,6,0
TTTTTTH,HTTTHHT,20,7,0
HTHTHTHT,HHHHHHHT,20,8,0
HHHHHHHH,HHHHHHHT,20,9,0
HTTHTTHT,HTHTTHTH,20,10,1
THTTHHTH,HTHTHHTH,20,11,1
HTHTTHTH,HTHHTHHT,20,12,0
THTTHTTH,THTHHTHT,20,13,1
THTHTTHT,THHTTHHT,20,14,0
TTTTHHHH,HTHHTHHT,20,15,1
HHHHHHHT,HTHTTHTH,20,16,1
THTTHTTH,HTHTTHTH,20,17,1
HHHHHHHT,THTHHTHT,20,18,0
HTTHTTHT,TTTTHHHH,20,19,0
HHHHHHT,TTTTTTT,20,20,1
TTHTHTHH,HTHHTHHT,20,21,1
HTTTTTTT,HTHTTHTH,20,22,1
THTHTHTH,HHHHHHHT,20,23,0
THHHHHHH,HTHTHTHT,20,24,1
THTHTTHT,THHTHTTH,20,25,0
HHHHHHHT,HTHHTHHT,20,26,0
HTTHTTHT,HHHHTTTT,20,27,1
HTTTTTH,HHHHHHH,20,28,0
THHHHHHH,THTHTHTH,20,29,0
THHHHHHH,HTHTTHTH,20,30,1
TTTTHHHH,THHTHHTH,20,31,0
HTTTTTTT,THTHHTHT,20,32,0
HTHTHTHT,TTTTTTTH,20,33,1
HTTTTTTT,HTHHTTHT,20,34,0
THTHHTHT,THHHHHHH,20,35,1
HTHHHHHH,HTHTHTHT,20,36,1
HTHHTTHT,THHHHHHH,20,37,1
HTTHTTHT,TTTHTHTH,20,38,0
HTHTTHTH,THHTHHTH,20,39,1
HHHHHHH,HHHHHHT,20,40,1
THTHTHTH,HTTTTTTT,20,41,0
TTTTTTTH,HTHTTHTH,20,42,1
TTHTHTHH,THTTTHTT,20,43,0
THTHHTHT,HTHHTHHT,20,44,1
TTTTTTH,HHHHHHH,20,45,0
HHTHTHHT,HHHHHHHT,20,46,1
TTTTTTTT,HTTHHTTH,20,47,1
HHHHHHT,HTHTHTH,20,48,1
HTTHTTHT,THTHHTHT,20,49,1
THTHTHT,HHHHHHT,20,50,1
HTHHTHHT,TTTTHTHT,20,51,1
THTHHTHT,TTTTTTTH,20,52,1
TTTTTTH,HHTTHHT,20,53,1
TTHTHTTH,HTTTTTTT,20,54,0
HTTHT,TTTTH,20,55,0
HHHHHHHH,HTTTTTTT,20,56,0
HTT,TTT,20,57,0
TTTTTTH,TTTTTTT,20,58,0
HTTHTTHT,HTHTHHHH,20,59,0
HTHTHTTT,HTTHHTTH,20,60,1
TTT,THH,20,61,0
HHHHHHTH,HTHTHTHT,20,62,1
HTHTHTTT,HTTHTHHT,20,63,0
THTHHTHT,HHHHHHTH,20,64,1
HTTHHTTH,THTHTHHH,21,1,1
HTHTTHTH,HTHHHHHT,21,2,1
HTTTTTTT,HTHTHTHT,21,3,0
HTHHTHHT,HHHHTTTT,21,4,1
TTHHTTH,TTTTTTH,21,5,1
TTTTTTTT,TTTTTTTH,21,6,0
HTTTHHT,TTTTTTH,21,7,1
HHHHHHHT,HTHTHTHT,21,8,0
HHHHHHHH,HHHHHHHT,21,9,0
HTHTTHTH,HTTHTTHT,21,10,1
HTHTHHTH,THTTHHTH,21,11,1
HTHHTHHT,HTHTTHTH,21,12,0
THTTHTTH,THTHHTHT,21,13,0
THHTTHHT,THTHTTHT,21,14,0
TTTTHHHH,HTHHTHHT,21,15,0
HHHHHHHT,HTHTTHTH,21,16,0
HTHTTHTH,THTTHTTH,21,17,1
THTHHTHT,HHHHHHHT,21,18,1
TTTTHHHH,HTTHTTHT,21,19,0
HHHHHHT,TTTTTTT,21,20,1
TTHTHTHH,HTHHTHHT,21,21,0
HTTTTTTT,HTHTTHTH,21,22,0
HHHHHHHT,THTHTHTH,21,23,0
HTHTHTHT,THHHHHHH,21,24,0
THTHTTHT,THHTHTTH,21,25,1
HTHHTHHT,HHHHHHHT,21,26,1
HTTHTTHT,HHHHTTTT,21,27,1
HTTTTTH,HHHHHHH,21,28,1
THTHTHTH,THHHHHHH,21,29,0
HTHTTHTH,THHHHHHH,21,30,1
TTTTHHHH,THHTHHTH,21,31,0
HTTTTTTT,THTHHTHT,21,32,0
HTHTHTHT,TTTTTTTH,21,33,1
HTTTTTTT,HTHHTTHT,21,34,0
THTHHTHT,THHHHHHH,21,35,1
HTHHHHHH,HTHTHTHT,21,36,0
HTHHTTHT,THHHHHHH,21,37,1
HTTHTTHT,TTTHTHTH,21,38,1
HTHTTHTH,THHTHHTH,21,39,1
HHHHHHT,HHHHHHH,21,40,1
THTHTHTH,HTTTTTTT,21,41,0
HTHTTHTH,TTTTTTTH,21,42,1
THTTTHTT,TTHTHTHH,21,43,1
HTHHTHHT,THTHHTHT,21,44,1
TTTTTTH,HHHHHHH,21,45,1
HHTHTHHT,HHHHHHHT,21,46,1
TTTTTTTT,HTTHHTTH,21,47,0
HTHTHTH,HHHHHHT,21,48,0
HTTHTTHT,THTHHTHT,21,49,0
HHHHHHT,THTHTHT,21,50,0
TTTTHTHT,HTHHTHHT,21,51,0
THTHHTHT,TTTTTTTH,21,52,1
TTTTTTH,HHTTHHT,21,53,0
TTHTHTTH,HTTTTTTT,21,54,1
HTTHT,TTTTH,21,55,1
HTTTTTTT,HHHHHHHH,21,56,1
TTT,HTT,21,57,0
TTTTTTH,TTTTTTT,21,58,1
HTTHTTHT,HTHTHHHH,21,59,1
HTHTHTTT,HTTHHTTH,21,60,0
TTT,THH,21,61,0
HTHTHTHT,HHHHHHTH,21,62,0
HTHTHTTT,HTTHTHHT,21,63,0
THTHHTHT,HHHHHHTH,21,64,1
HTTHHTTH,THTHTHHH,22,1,1
HTHHHHHT,HTHTTHTH,22,2,0
HTHTHTHT,HTTTTTTT,22,3,1
HHHHTTTT,HTHHTHHT,22,4,0
TTTTTTH,TTHHTTH,22,5,0
TTTTTTTH,TTTTTTTT,22,6,1
HTTTHHT,TTTTTTH,22,7,1
HHHHHHHT,HTHTHTHT,22,8,0
HHHHHHHH,HHHHHHHT,22,9,0
HTHTTHTH,HTTHTTHT,22,10,1
THTTHHTH,HTHTHHTH,22,11,0
HTHHTHHT,HTHTTHTH,22,12,0
THTTHTTH,THTHHTHT,22,13,1
THHTTHHT,THTHTTHT,22,14,0
HTHHTHHT,TTTTHHHH,22,15,1
HTHTTHTH,HHHHHHHT,22,16,1
THTTHTTH,HTHTTHTH,22,17,0
THTHHTHT,HHHHHHHT,22,18,1
TTTTHHHH,HTTHTTHT,22,19,0
TTTTTTT,HHHHHHT,22,20,0
HTHHTHHT,TTHTHTHH,22,21,1
HTTTTTTT,HTHTTHTH,22,22,0
THTHTHTH,HHHHHHHT,22,23,1
HTHTHTHT,THHHHHHH,22,24,1
THHTHTTH,THTHTTHT,22,25,1
HTHHTHHT,HHHHHHHT,22,26,1
HTTHTTHT,HHHHTTTT,22,27,1
HTTTTTH,HHHHHHH,22,28,1
THTHTHTH,THHHHHHH,22,29,1
THHHHHHH,HTHTTHTH,22,30,0
TTTTHHHH,THHTHHTH,22,31,0
THTHHTHT,HTTTTTTT,22,32,1
HTHTHTHT,TTTTTTTH,22,33,1
HTTTTTTT,HTHHTTHT,22,34,0
THTHHTHT,THHHHHHH,22,35,1
HTHTHTHT,HTHHHHHH,22,36,1
HTHHTTHT,THHHHHHH,22,37,1
HTTHTTHT,TTTHTHTH,22,38,1
THHTHHTH,HTHTTHTH,22,39,0
HHHHHHT,HHHHHHH,22,40,1
THTHTHTH,HTTTTTTT,22,41,1
HTHTTHTH,TTTTTTTH,22,42,1
TTHTHTHH,THTTTHTT,22,43,1
HTHHTHHT,THTHHTHT,22,44,0
TTTTTTH,HHHHHHH,22,45,1
HHHHHHHT,HHTHTHHT,22,46,0
TTTTTTTT,HTTHHTTH,22,47,0
HTHTHTH,HHHHHHT,22,48,1
THTHHTHT,HTTHTTHT,22,49,1
THTHTHT,HHHHHHT,22,50,1
HTHHTHHT,TTTTHTHT,22,51,1
THTHHTHT,TTTTTTTH,22,52,1
HHTTHHT,TTTTTTH,22,53,1
HTTTTTTT,TTHTHTTH,22,54,0
TTTTH,HTTHT,22,55,0
HTTTTTTT,HHHHHHHH,22,56,1
TTT,HTT,22,57,0
TTTTTTT,TTTTTTH,22,58,0
HTTHTTHT,HTHTHHHH,22,59,1
HTTHHTTH,HTHTHTTT,22,60,1
TTT,THH,22,61,0
HTHTHTHT,HHHHHHTH,22,62,1
HTTHTHHT,HTHTHTTT,22,63,1
THTHHTHT,HHHHHHTH,22,64,1
HTTHHTTH,THTHTHHH,23,1,1
HTHTTHTH,HTHHHHHT,23,2,1
HTTTTTTT,HTHTHTHT,23,3,0
HTHHTHHT,HHHHTTTT,23,4,1
TTHHTTH,TTTTTTH,23,5,1
TTTTTTTH,TTTTTTTT,23,6,1
TTTTTTH,HTTTHHT,23,7,0
HTHTHTHT,HHHHHHHT,23,8,1
HHHHHHHT,HHHHHHHH,23,9,1
HTHTTHTH,HTTHTTHT,23,10,1
THTTHHTH,HTHTHHTH,23,11,0
HTHTTHTH,HTHHTHHT,23,12,0
THTTHTTH,THTHHTHT,23,13,0
THTHTTHT,THHTTHHT,23,14,1
HTHHTHHT,TTTTHHHH,23,15,1
HTHTTHTH,HHHHHHHT,23,16,1
HTHTTHTH,THTTHTTH,23,17,1
HHHHHHHT,THTHHTHT,23,18,0
TTTTHHHH,HTTHTTHT,23,19,0
HHHHHHT,TTTTTTT,23,20,1
HTHHTHHT,TTHTHTHH,23,21,1
HTHTTHTH,HTTTTTTT,23,22,1
HHHHHHHT,THTHTHTH,23,23,0
HTHTHTHT,THHHHHHH,23,24,1
THTHTTHT,THHTHTTH,23,25,1
HTHHTHHT,HHHHHHHT,23,26,1
HTTHTTHT,HHHHTTTT,23,27,1
HHHHHHH,HTTTTTH,23,28,0
THTHTHTH,THHHHHHH,23,29,1
HTHTTHTH,THHHHHHH,23,30,1
THHTHHTH,TTTTHHHH,23,31,1
THTHHTHT,HTTTTTTT,23,32,1
TTTTTTTH,HTHTHTHT,23,33,0
HTHHTTHT,HTTTTTTT,23,34,1
THHHHHHH,THTHHTHT,23,35,0
HTHHHHHH,HTHTHTHT,23,36,0
HTHHTTHT,THHHHHHH,23,37,1
HTTHTTHT,TTTHTHTH,23,38,1
THHTHHTH,HTHTTHTH,23,39,1
HHHHHHH,HHHHHHT,23,40,0
HTTTTTTT,THTHTHTH,23,41,0
HTHTTHTH,TTTTTTTH,23,42,1
TTHTHTHH,THTTTHTT,23,43,1
THTHHTHT,HTHHTHHT,23,44,1
TTTTTTH,HHHHHHH,23,45,0
HHHHHHHT,HHTHTHHT,23,46,0
TTTTTTTT,HTTHHTTH,23,47,0
HTHTHTH,HHHHHHT,23,48,1
HTTHTTHT,THTHHTHT,23,49,1
THTHTHT,HHHHHHT,23,50,1
HTHHTHHT,TTTTHTHT,23,51,1
TTTTTTTH,THTHHTHT,23,52,0
HHTTHHT,TTTTTTH,23,53,1
TTHTHTTH,HTTTTTTT,23,54,1
HTTHT,TTTTH,23,55,1
HTTTTTTT,HHHHHHHH,23,56,1
HTT,TTT,23,57,1
TTTTTTH,TTTTTTT,23,58,1
HTTHTTHT,HTHTHHHH,23,59,1
HTHTHTTT,HTTHHTTH,23,60,0
TTT,THH,23,61,0
HHHHHHTH,HTHTHTHT,23,62,0
HTTHTHHT,HTHTHTTT,23,63,1
HHHHHHTH,THTHHTHT,23,64,0
THTHTHHH,HTTHHTTH,24,1,0
HTHHHHHT,HTHTTHTH,24,2,0
HTHTHTHT,HTTTTTTT,24,3,1
HHHHTTTT,HTHHTHHT,24,4,0
TTHHTTH,TTTTTTH,24,5,1
TTTTTTTT,TTTTTTTH,24,6,0
TTTTTTH,HTTTHHT,24,7,0
HTHTHTHT,HHHHHHHT,24,8,1
HHHHHHHH,HHHHHHHT,24,9,0
HTHTTHTH,HTTHTTHT,24,10,0
HTHTHHTH,THTTHHTH,24,11,1
HTHHTHHT,HTHTTHTH,24,12,0
THTHHTHT,THTTHTTH,24,13,0
THHTTHHT,THTHTTHT,24,14,0
TTTTHHHH,HTHHTHHT,24,15,0
HHHHHHHT,HTHTTHTH,24,16,0
HTHTTHTH,THTTHTTH,24,17,1
HHHHHHHT,THTHHTHT,24,18,0
HTTHTTHT,TTTTHHHH,24,19,1
TTTTTTT,HHHHHHT,24,20,0
TTHTHTHH,HTHHTHHT,24,21,0
HTTTTTTT,HTHTTHTH,24,22,0
HHHHHHHT,THTHTHTH,24,23,0
HTHTHTHT,THHHHHHH,24,24,1
THTHTTHT,THHTHTTH,24,25,1
HHHHHHHT,HTHHTHHT,24,26,0
HTTHTTHT,HHHHTTTT,24,27,1
HHHHHHH,HTTTTTH,24,28,0
THHHHHHH,THTHTHTH,24,29,0
THHHHHHH,HTHTTHTH,24,30,0
TTTTHHHH,THHTHHTH,24,31,0
THTHHTHT,HTTTTTTT,24,32,1
HTHTHTHT,TTTTTTTH,24,33,1
HTTTTTTT,HTHHTTHT,24,34,0
THHHHHHH,THTHHTHT,24,35,0
HTHTHTHT,HTHHHHHH,24,36,1
THHHHHHH,HTHHTTHT,24,37,0
TTTHTHTH,HTTHTTHT,24,38,0
THHTHHTH,HTHTTHTH,24,39,0
HHHHHHH,HHHHHHT,24,40,0
HTTTTTTT,THTHTHTH,24,41,0
TTTTTTTH,HTHTTHTH,24,42,0
THTTTHTT,TTHTHTHH,24,43,1
THTHHTHT,HTHHTHHT,24,44,0
HHHHHHH,TTTTTTH,24,45,0
HHTHTHHT,HHHHHHHT,24,46,1
TTTTTTTT,HTTHHTTH,24,47,0
HTHTHTH,HHHHHHT,24,48,1
THTHHTHT,HTTHTTHT,24,49,0
HHHHHHT,THTHTHT,24,50,1
TTTTHTHT,HTHHTHHT,24,51,0
THTHHTHT,TTTTTTTH,24,52,1
TTTTTTH,HHTTHHT,24,53,0
HTTTTTTT,TTHTHTTH,24,54,0
TTTTH,HTTHT,24,55,0
HTTTTTTT,HHHHHHHH,24,56,1
TTT,HTT,24,57,0
TTTTTTT,TTTTTTH,24,58,0
HTTHTTHT,HTHTHHHH,24,59,1
HTHTHTTT,HTTHHTTH,24,60,1
THH,TTT,24,61,1
HTHTHTHT,HHHHHHTH,24,62,1
HTHTHTTT,HTTHTHHT,24,63,1
HHHHHHTH,THTHHTHT,24,64,0
THTHTHHH,HTTHHTTH,25,1,1
HTHTTHTH,HTHHHHHT,25,2,1
HTHTHTHT,HTTTTTTT,25,3,1
HHHHTTTT,HTHHTHHT,25,4,1
TTHHTTH,TTTTTTH,25,5,1
TTTTTTTH,TTTTTTTT,25,6,1
HTTTHHT,TTTTTTH,25,7,0
HHHHHHHT,HTHTHTHT,25,8,1
HHHHHHHT,HHHHHHHH,25,9,1
HTTHTTHT,HTHTTHTH,25,10,0
THTTHHTH,HTHTHHTH,25,11,0
HTHTTHTH,HTHHTHHT,25,12,1
THTTHTTH,THTHHTHT,25,13,0
THHTTHHT,THTHTTHT,25,14,1
HTHHTHHT,TTTTHHHH,25,15,1
HHHHHHHT,HTHTTHTH,25,16,1
THTTHTTH,HTHTTHTH,25,17,0
HHHHHHHT,THTHHTHT,25,18,0
HTTHTTHT,TTTTHHHH,25,19,1
TTTTTTT,HHHHHHT,25,20,0
HTHHTHHT,TTHTHTHH,25,21,0
HTTTTTTT,HTHTTHTH,25,22,0
HHHHHHHT,THTHTHTH,25,23,0
THHHHHHH,HTHTHTHT,25,24,0
THTHTTHT,THHTHTTH,25,25,1
HTHHTHHT,HHHHHHHT,25,26,1
HHHHTTTT,HTTHTTHT,25,27,0
HHHHHHH,HTTTTTH,25,28,0
THHHHHHH,THTHTHTH,25,29,0
HTHTTHTH,THHHHHHH,25,30,1
THHTHHTH,TTTTHHHH,25,31,1
HTTTTTTT,THTHHTHT,25,32,1
HTHTHTHT,TTTTTTTH,25,33,0
HTHHTTHT,HTTTTTTT,25,34,0
THHHHHHH,THTHHTHT,25,35,1
HTHTHTHT,HTHHHHHH,25,36,0
HTHHTTHT,THHHHHHH,25,37,0
HTTHTTHT,TTTHTHTH,25,38,0
THHTHHTH,HTHTTHTH,25,39,1
HHHHHHH,HHHHHHT,25,40,0
HTTTTTTT,THTHTHTH,25,41,1
TTTTTTTH,HTHTTHTH,25,42,1
THTTTHTT,TTHTHTHH,25,43,1
HTHHTHHT,THTHHTHT,25,44,1
HHHHHHH,TTTTTTH,25,45,0
HHHHHHHT,HHTHTHHT,25,46,1
TTTTTTTT,HTTHHTTH,25,47,0
HHHHHHT,HTHTHTH,25,48,1
HTTHTTHT,THTHHTHT,25,49,1
HHHHHHT,THTHTHT,25,50,1
HTHHTHHT,TTTTHTHT,25,51,1
TTTTTTTH,THTHHTHT,25,52,1
HHTTHHT,TTTTTTH,25,53,0
TTHTHTTH,HTTTTTTT,25,54,0
TTTTH,HTTHT,25,55,1
HHHHHHHH,HTTTTTTT,25,56,0
TTT,HTT,25,57,0
TTTTTTT,TTTTTTH,25,58,0
HTHTHHHH,HTTHTTHT,25,59,0
HTHTHTTT,HTTHHTTH,25,60,0
TTT,THH,25,61,0
HHHHHHTH,HTHTHTHT,25,62,0
HTHTHTTT,HTTHTHHT,25,63,1
HHHHHHTH,THTHHTHT,25,64,0
THTHTHHH,HTTHHTTH,26,1,1
HTHHHHHT,HTHTTHTH,26,2,0
HTTTTTTT,HTHTHTHT,26,3,0
HTHHTHHT,HHHHTTTT,26,4,1
TTHHTTH,TTTTTTH,26,5,1
TTTTTTTT,TTTTTTTH,26,6,0
TTTTTTH,HTTTHHT,26,7,0
HTHTHTHT,HHHHHHHT,26,8,1
HHHHHHHT,HHHHHHHH,26,9,1
HTTHTTHT,HTHTTHTH,26,10,1
THTTHHTH,HTHTHHTH,26,11,1
HTHTTHTH,HTHHTHHT,26,12,1
THTTHTTH,THTHHTHT,26,13,1
THHTTHHT,THTHTTHT,26,14,0
HTHHTHHT,TTTTHHHH,26,15,1
HHHHHHHT,HTHTTHTH,26,16,0
HTHTTHTH,THTTHTTH,26,17,1
THTHHTHT,HHHHHHHT,26,18,1
TTTTHHHH,HTTHTTHT,26,19,0
TTTTTTT,HHHHHHT,26,20,0
HTHHTHHT,TTHTHTHH,26,21,0
HTHTTHTH,HTTTTTTT,26,22,1
HHHHHHHT,THTHTHTH,26,23,0
HTHTHTHT,THHHHHHH,26,24,1
THTHTTHT,THHTHTTH,26,25,1
HTHHTHHT,HHHHHHHT,26,26,1
HHHHTTTT,HTTHTTHT,26,27,0
HHHHHHH,HTTTTTH,26,28,0
THHHHHHH,THTHTHTH,26,29,0
THHHHHHH,HTHTTHTH,26,30,0
TTTTHHHH,THHTHHTH,26,31,0
THTHHTHT,HTTTTTTT,26,32,1
TTTTTTTH,HTHTHTHT,26,33,0
HTTTTTTT,HTHHTTHT,26,34,0
THTHHTHT,THHHHHHH,26,35,1
HTHHHHHH,HTHTHTHT,26,36,0
HTHHTTHT,THHHHHHH,26,37,1
HTTHTTHT,TTTHTHTH,26,38,0
HTHTTHTH,THHTHHTH,26,39,1
HHHHHHT,HHHHHHH,26,40,1
HTTTTTTT,THTHTHTH,26,41,0
HTHTTHTH,TTTTTTTH,26,42,1
THTTTHTT,TTHTHTHH,26,43,0
HTHHTHHT,THTHHTHT,26,44,0
HHHHHHH,TTTTTTH,26,45,0
HHHHHHHT,HHTHTHHT,26,46,0
HTTHHTTH,TTTTTTTT,26,47,1
HTHTHTH,HHHHHHT,26,48,1
THTHHTHT,HTTHTTHT,26,49,0
HHHHHHT,THTHTHT,26,50,0
HTHHTHHT,TTTTHTHT,26,51,1
TTTTTTTH,THTHHTHT,26,52,0
TTTTTTH,HHTTHHT,26,53,0
HTTTTTTT,TTHTHTTH,26,54,0
TTTTH,HTTHT,26,55,0
HTTTTTTT,HHHHHHHH,26,56,1
TTT,HTT,26,57,0
TTTTTTH,TTTTTTT,26,58,1
HTTHTTHT,HTHTHHHH,26,59,1
HTHTHTTT,HTTHHTTH,26,60,0
THH,TTT,26,61,1
HTHTHTHT,HHHHHHTH,26,62,1
HTTHTHHT,HTHTHTTT,26,63,1
HHHHHHTH,THTHHTHT,26,64,0
HTTHHTTH,THTHTHHH,27,1,1
HTHHHHHT,HTHTTHTH,27,2,0
HTTTTTTT,HTHTHTHT,27,3,0
HTHHTHHT,HHHHTTTT,27,4,1
TTTTTTH,TTHHTTH,27,5,0
TTTTTTTT,TTTTTTTH,27,6,0
TTTTTTH,HTTTHHT,27,7,0
HTHTHTHT,HHHHHHHT,27,8,1
HHHHHHHT,HHHHHHHH,27,9,1
HTHTTHTH,HTTHTTHT,27,10,0
HTHTHHTH,THTTHHTH,27,11,1
HTHTTHTH,HTHHTHHT,27,12,0
THTTHTTH,THTHHTHT,27,13,0
THTHTTHT,THHTTHHT,27,14,1
TTTTHHHH,HTHHTHHT,27,15,0
HTHTTHTH,HHHHHHHT,27,16,1
HTHTTHTH,THTTHTTH,27,17,1
THTHHTHT,HHHHHHHT,27,18,0
TTTTHHHH,HTTHTTHT,27,19,0
TTTTTTT,HHHHHHT,27,20,0
TTHTHTHH,HTHHTHHT,27,21,1
HTTTTTTT,HTHTTHTH,27,22,0
HHHHHHHT,THTHTHTH,27,23,0
THHHHHHH,HTHTHTHT,27,24,0
THTHTTHT,THHTHTTH,27,25,1
HHHHHHHT,HTHHTHHT,27,26,0
HHHHTTTT,HTTHTTHT,27,27,0
HHHHHHH,HTTTTTH,27,28,0
THHHHHHH,THTHTHTH,27,29,0
HTHTTHTH,THHHHHHH,27,30,1
THHTHHTH,TTTTHHHH,27,31,1
THTHHTHT,HTTTTTTT,27,32,1
TTTTTTTH,HTHTHTHT,27,33,0
HTHHTTHT,HTTTTTTT,27,34,1
THTHHTHT,THHHHHHH,27,35,1
HTHHHHHH,HTHTHTHT,27,36,0
THHHHHHH,HTHHTTHT,27,37,0
TTTHTHTH,HTTHTTHT,27,38,0
HTHTTHTH,THHTHHTH,27,39,1
HHHHHHH,HHHHHHT,27,40,0
THTHTHTH,HTTTTTTT,27,41,1
HTHTTHTH,TTTTTTTH,27,42,1
TTHTHTHH,THTTTHTT,27,43,1
THTHHTHT,HTHHTHHT,27,44,0
HHHHHHH,TTTTTTH,27,45,1
HHTHTHHT,HHHHHHHT,27,46,1
HTTHHTTH,TTTTTTTT,27,47,1
HHHHHHT,HTHTHTH,27,48,0
THTHHTHT,HTTHTTHT,27,49,1
HHHHHHT,THTHTHT,27,50,0
TTTTHTHT,HTHHTHHT,27,51,0
THTHHTHT,TTTTTTTH,27,52,1
HHTTHHT,TTTTTTH,27,53,1
HTTTTTTT,TTHTHTTH,27,54,0
HTTHT,TTTTH,27,55,1
HHHHHHHH,HTTTTTTT,27,56,0
HTT,TTT,27,57,1
TTTTTTH,TTTTTTT,27,58,1
HTTHTTHT,HTHTHHHH,27,59,1
HTHTHTTT,HTTHHTTH,27,60,0
TTT,THH,27,61,0
HTHTHTHT,HHHHHHTH,27,62,1
HTHTHTTT,HTTHTHHT,27,63,1
HHHHHHTH,THTHHTHT,27,64,0
THTHTHHH,HTTHHTTH,28,1,0
HTHHHHHT,HTHTTHTH,28,2,0
HTHTHTHT,HTTTTTTT,28,3,1
HHHHTTTT,HTHHTHHT,28,4,0
TTHHTTH,TTTTTTH,28,5,0
TTTTTTTH,TTTTTTTT,28,6,1
TTTTTTH,HTTTHHT,28,7,0
HTHTHTHT,HHHHHHHT,28,8,1
HHHHHHHT,HHHHHHHH,28,9,1
HTTHTTHT,HTHTTHTH,28,10,0
THTTHHTH,HTHTHHTH,28,11,0
HTHHTHHT,HTHTTHTH,28,12,0
THTHHTHT,THTTHTTH,28,13,1
THTHTTHT,THHTTHHT,28,14,1
TTTTHHHH,HTHHTHHT,28,15,0
HHHHHHHT,HTHTTHTH,28,16,0
THTTHTTH,HTHTTHTH,28,17,1
THTHHTHT,HHHHHHHT,28,18,1
TTTTHHHH,HTTHTTHT,28,19,0
TTTTTTT,HHHHHHT,28,20,0
TTHTHTHH,HTHHTHHT,28,21,0
HTHTTHTH,HTTTTTTT,28,22,1
HHHHHHHT,THTHTHTH,28,23,0
HTHTHTHT,THHHHHHH,28,24,1
THTHTTHT,THHTHTTH,28,25,0
HTHHTHHT,HHHHHHHT,28,26,1
HTTHTTHT,HHHHTTTT,28,27,1
HHHHHHH,HTTTTTH,28,28,0
THHHHHHH,THTHTHTH,28,29,0
THHHHHHH,HTHTTHTH,28,30,0
TTTTHHHH,THHTHHTH,28,31,0
HTTTTTTT,THTHHTHT,28,32,0
HTHTHTHT,TTTTTTTH,28,33,1
HTHHTTHT,HTTTTTTT,28,34,1
THHHHHHH,THTHHTHT,28,35,0
HTHTHTHT,HTHHHHHH,28,36,1
THHHHHHH,HTHHTTHT,28,37,0
HTTHTTHT,TTTHTHTH,28,38,1
HTHTTHTH,THHTHHTH,28,39,0
HHHHHHH,HHHHHHT,28,40,0
HTTTTTTT,THTHTHTH,28,41,0
TTTTTTTH,HTHTTHTH,28,42,0
TTHTHTHH,THTTTHTT,28,43,1
THTHHTHT,HTHHTHHT,28,44,1
HHHHHHH,TTTTTTH,28,45,0
HHTHTHHT,HHHHHHHT,28,46,1
HTTHHTTH,TTTTTTTT,28,47,1
HTHTHTH,HHHHHHT,28,48,1
HTTHTTHT,THTHHTHT,28,49,1
THTHTHT,HHHHHHT,28,50,1
TTTTHTHT,HTHHTHHT,28,51,0
THTHHTHT,TTTTTTTH,28,52,1
TTTTTTH,HHTTHHT,28,53,0
HTTTTTTT,TTHTHTTH,28,54,0
TTTTH,HTTHT,28,55,0
HTTTTTTT,HHHHHHHH,28,56,1
HTT,TTT,28,57,1
TTTTTTT,TTTTTTH,28,58,0
HTTHTTHT,HTHTHHHH,28,59,1
HTHTHTTT,HTTHHTTH,28,60,1
TTT,THH,28,61,0
HHHHHHTH,HTHTHTHT,28,62,0
HTHTHTTT,HTTHTHHT,28,63,0
THTHHTHT,HHHHHHTH,28,64,1
THTHTHHH,HTTHHTTH,29,1,0
HTHTTHTH,HTHHHHHT,29,2,0
HTHTHTHT,HTTTTTTT,29,3,1
HTHHTHHT,HHHHTTTT,29,4,0
TTHHTTH,TTTTTTH,29,5,0
TTTTTTTH,TTTTTTTT,29,6,1
HTTTHHT,TTTTTTH,29,7,1
HTHTHTHT,HHHHHHHT,29,8,1
HHHHHHHT,HHHHHHHH,29,9,0
HTTHTTHT,HTHTTHTH,29,10,1
HTHTHHTH,THTTHHTH,29,11,1
HTHHTHHT,HTHTTHTH,29,12,1
THTHHTHT,THTTHTTH,29,13,1
THHTTHHT,THTHTTHT,29,14,1
HTHHTHHT,TTTTHHHH,29,15,1
HTHTTHTH,HHHHHHHT,29,16,1
THTTHTTH,HTHTTHTH,29,17,1
HHHHHHHT,THTHHTHT,29,18,1
HTTHTTHT,TTTTHHHH,29,19,1
TTTTTTT,HHHHHHT,29,20,1
TTHTHTHH,HTHHTHHT,29,21,0
HTTTTTTT,HTHTTHTH,29,22,1
HHHHHHHT,THTHTHTH,29,23,0
HTHTHTHT,THHHHHHH,29,24,0
THTHTTHT,THHTHTTH,29,25,1
HHHHHHHT,HTHHTHHT,29,26,0
HHHHTTTT,HTTHTTHT,29,27,0
HHHHHHH,HTTTTTH,29,28,0
THTHTHTH,THHHHHHH,29,29,1
THHHHHHH,HTHTTHTH,29,30,1
TTTTHHHH,THHTHHTH,29,31,0
HTTTTTTT,THTHHTHT,29,32,0
HTHTHTHT,TTTTTTTH,29,33,1
HTHHTTHT,HTTTTTTT,29,34,1
THHHHHHH,THTHHTHT,29,35,0
HTHTHTHT,HTHHHHHH,29,36,0
HTHHTTHT,THHHHHHH,29,37,0
HTTHTTHT,TTTHTHTH,29,38,0
THHTHHTH,HTHTTHTH,29,39,0
HHHHHHH,HHHHHHT,29,40,1
HTTTTTTT,THTHTHTH,29,41,0
HTHTTHTH,TTTTTTTH,29,42,0
TTHTHTHH,THTTTHTT,29,43,0
THTHHTHT,HTHHTHHT,29,44,1
TTTTTTH,HHHHHHH,29,45,0
HHHHHHHT,HHTHTHHT,29,46,1
HTTHHTTH,TTTTTTTT,29,47,0
HTHTHTH,HHHHHHT,29,48,1
HTTHTTHT,THTHHTHT,29,49,1
THTHTHT,HHHHHHT,29,50,1
HTHHTHHT,TTTTHTHT,29,51,1
TTTTTTTH,THTHHTHT,29,52,1
TTTTTTH,HHTTHHT,29,53,0
TTHTHTTH,HTTTTTTT,29,54,0
HTTHT,TTTTH,29,55,1
HTTTTTTT,HHHHHHHH,29,56,1
TTT,HTT,29,57,1
TTTTTTT,TTTTTTH,29,58,0
HTTHTTHT,HTHTHHHH,29,59,0
HTTHHTTH,HTHTHTTT,29,60,1
THH,TTT,29,61,1
HTHTHTHT,HHHHHHTH,29,62,1
HTHTHTTT,HTTHTHHT,29,63,0
HHHHHHTH,THTHHTHT,29,64,0
THTHTHHH,HTTHHTTH,30,1,0
HTHHHHHT,HTHTTHTH,30,2,0
HTTTTTTT,HTHTHTHT,30,3,0
HTHHTHHT,HHHHTTTT,30,4,1
TTTTTTH,TTHHTTH,30,5,0
TTTTTTTH,TTTTTTTT,30,6,1
HTTTHHT,TTTTTTH,30,7,1
HTHTHTHT,HHHHHHHT,30,8,1
HHHHHHHT,HHHHHHHH,30,9,1
HTHTTHTH,HTTHTTHT,30,10,0
HTHTHHTH,THTTHHTH,30,11,0
HTHHTHHT,HTHTTHTH,30,12,0
THTTHTTH,THTHHTHT,30,13,1
THTHTTHT,THHTTHHT,30,14,0
HTHHTHHT,TTTTHHHH,30,15,1
HHHHHHHT,HTHTTHTH,30,16,0
THTTHTTH,HTHTTHTH,30,17,0
THTHHTHT,HHHHHHHT,30,18,1
TTTTHHHH,HTTHTTHT,30,19,1
HHHHHHT,TTTTTTT,30,20,1
HTHHTHHT,TTHTHTHH,30,21,0
HTTTTTTT,HTHTTHTH,30,22,0
HHHHHHHT,THTHTHTH,30,23,0
HTHTHTHT,THHHHHHH,30,24,1
THTHTTHT,THHTHTTH,30,25,1
HHHHHHHT,HTHHTHHT,30,26,0
HHHHTTTT,HTTHTTHT,30,27,0
HHHHHHH,HTTTTTH,30,28,0
THHHHHHH,THTHTHTH,30,29,0
THHHHHHH,HTHTTHTH,30,30,0
THHTHHTH,TTTTHHHH,30,31,1
THTHHTHT,HTTTTTTT,30,32,1
HTHTHTHT,TTTTTTTH,30,33,1
HTHHTTHT,HTTTTTTT,30,34,1
THHHHHHH,THTHHTHT,30,35,0
HTHHHHHH,HTHTHTHT,30,36,0
HTHHTTHT,THHHHHHH,30,37,1
TTTHTHTH,HTTHTTHT,30,38,1
THHTHHTH,HTHTTHTH,30,39,0
HHHHHHH,HHHHHHT,30,40,0
HTTTTTTT,THTHTHTH,30,41,0
HTHTTHTH,TTTTTTTH,30,42,0
THTTTHTT,TTHTHTHH,30,43,0
THTHHTHT,HTHHTHHT,30,44,1
TTTTTTH,HHHHHHH,30,45,1
HHHHHHHT,HHTHTHHT,30,46,1
HTTHHTTH,TTTTTTTT,30,47,1
HHHHHHT,HTHTHTH,30,48,0
THTHHTHT,HTTHTTHT,30,49,0
THTHTHT,HHHHHHT,30,50,1
HTHHTHHT,TTTTHTHT,30,51,1
THTHHTHT,TTTTTTTH,30,52,1
HHTTHHT,TTTTTTH,30,53,1
HTTTTTTT,TTHTHTTH,30,54,1
HTTHT,TTTTH,30,55,0
HHHHHHHH,HTTTTTTT,30,56,0
HTT,TTT,30,57,1
TTTTTTT,TTTTTTH,30,58,0
HTHTHHHH,HTTHTTHT,30,59,0
HTTHHTTH,HTHTHTTT,30,60,0
TTT,THH,30,61,0
HTHTHTHT,HHHHHHTH,30,62,1
HTHTHTTT,HTTHTHHT,30,63,1
THTHHTHT,HHHHHHTH,30,64,1
HTTHHTTH,THTHTHHH,31,1,1
HTHTTHTH,HTHHHHHT,31,2,1
HTHTHTHT,HTTTTTTT,31,3,1
HHHHTTTT,HTHHTHHT,31,4,0
TTHHTTH,TTTTTTH,31,5,1
TTTTTTTT,TTTTTTTH,31,6,0
HTTTHHT,TTTTTTH,31,7,1
HTHTHTHT,HHHHHHHT,31,8,1
HHHHHHHH,HHHHHHHT,31,9,0
HTTHTTHT,HTHTTHTH,31,10,0
THTTHHTH,HTHTHHTH,31,11,0
HTHTTHTH,HTHHTHHT,31,12,0
THTHHTHT,THTTHTTH,31,13,1
THHTTHHT,THTHTTHT,31,14,0
HTHHTHHT,TTTTHHHH,31,15,1
HTHTTHTH,HHHHHHHT,31,16,1
THTTHTTH,HTHTTHTH,31,17,1
THTHHTHT,HHHHHHHT,31,18,1
HTTHTTHT,TTTTHHHH,31,19,1
HHHHHHT,TTTTTTT,31,20,1
HTHHTHHT,TTHTHTHH,31,21,1
HTTTTTTT,HTHTTHTH,31,22,0
THTHTHTH,HHHHHHHT,31,23,1
HTHTHTHT,THHHHHHH,31,24,0
THTHTTHT,THHTHTTH,31,25,1
HHHHHHHT,HTHHTHHT,31,26,0
HHHHTTTT,HTTHTTHT,31,27,0
HHHHHHH,HTTTTTH,31,28,0
THHHHHHH,THTHTHTH,31,29,0
THHHHHHH,HTHTTHTH,31,30,0
THHTHHTH,TTTTHHHH,31,31,1
THTHHTHT,HTTTTTTT,31,32,1
HTHTHTHT,TTTTTTTH,31,33,1
HTTTTTTT,HTHHTTHT,31,34,0
THTHHTHT,THHHHHHH,31,35,1
HTHHHHHH,HTHTHTHT,31,36,0
THHHHHHH,HTHHTTHT,31,37,0
TTTHTHTH,HTTHTTHT,31,38,1
THHTHHTH,HTHTTHTH,31,39,0
HHHHHHT,HHHHHHH,31,40,1
HTTTTTTT,THTHTHTH,31,41,0
HTHTTHTH,TTTTTTTH,31,42,1
TTHTHTHH,THTTTHTT,31,43,1
THTHHTHT,HTHHTHHT,31,44,1
TTTTTTH,HHHHHHH,31,45,1
HHHHHHHT,HHTHTHHT,31,46,0
HTTHHTTH,TTTTTTTT,31,47,1
HHHHHHT,HTHTHTH,31,48,0
HTTHTTHT,THTHHTHT,31,49,1
HHHHHHT,THTHTHT,31,50,0
HTHHTHHT,TTTTHTHT,31,51,1
TTTTTTTH,THTHHTHT,31,52,0
HHTTHHT,TTTTTTH,31,53,1
HTTTTTTT,TTHTHTTH,31,54,0
HTTHT,TTTTH,31,55,1
HTTTTTTT,HHHHHHHH,31,56,1
HTT,TTT,31,57,1
TTTTTTH,TTTTTTT,31,58,1
HTTHTTHT,HTHTHHHH,31,59,1
HTHTHTTT,HTTHHTTH,31,60,0
THH,TTT,31,61,1
HTHTHTHT,HHHHHHTH,31,62,1
HTTHTHHT,HTHTHTTT,31,63,1
HHHHHHTH,THTHHTHT,31,64,0
THTHTHHH,HTTHHTTH,32,1,1
HTHTTHTH,HTHHHHHT,32,2,1
HTHTHTHT,HTTTTTTT,32,3,1
HHHHTTTT,HTHHTHHT,32,4,0
TTTTTTH,TTHHTTH,32,5,0
TTTTTTTH,TTTTTTTT,32,6,1
HTTTHHT,TTTTTTH,32,7,1
HTHTHTHT,HHHHHHHT,32,8,1
HHHHHHHH,HHHHHHHT,32,9,0
HTHTTHTH,HTTHTTHT,32,10,1
THTTHHTH,HTHTHHTH,32,11,0
HTHTTHTH,HTHHTHHT,32,12,1
THTHHTHT,THTTHTTH,32,13,1
THTHTTHT,THHTTHHT,32,14,1
TTTTHHHH,HTHHTHHT,32,15,0
HTHTTHTH,HHHHHHHT,32,16,1
HTHTTHTH,THTTHTTH,32,17,0
THTHHTHT,HHHHHHHT,32,18,1
TTTTHHHH,HTTHTTHT,32,19,0
HHHHHHT,TTTTTTT,32,20,1
TTHTHTHH,HTHHTHHT,32,21,0
HTTTTTTT,HTHTTHTH,32,22,0
THTHTHTH,HHHHHHHT,32,23,1
THHHHHHH,HTHTHTHT,32,24,0
THTHTTHT,THHTHTTH,32,25,1
HHHHHHHT,HTHHTHHT,32,26,0
HHHHTTTT,HTTHTTHT,32,27,0
HHHHHHH,HTTTTTH,32,28,0
THHHHHHH,THTHTHTH,32,29,0
THHHHHHH,HTHTTHTH,32,30,0
THHTHHTH,TTTTHHHH,32,31,1
HTTTTTTT,THTHHTHT,32,32,0
TTTTTTTH,HTHTHTHT,32,33,0
HTTTTTTT,HTHHTTHT,32,34,0
THTHHTHT,THHHHHHH,32,35,1
HTHTHTHT,HTHHHHHH,32,36,1
HTHHTTHT,THHHHHHH,32,37,1
TTTHTHTH,HTTHTTHT,32,38,0
HTHTTHTH,THHTHHTH,32,39,1
HHHHHHH,HHHHHHT,32,40,0
HTTTTTTT,THTHTHTH,32,41,0
HTHTTHTH,TTTTTTTH,32,42,1
TTHTHTHH,THTTTHTT,32,43,0
HTHHTHHT,THTHHTHT,32,44,0
HHHHHHH,TTTTTTH,32,45,0
HHTHTHHT,HHHHHHHT,32,46,1
TTTTTTTT,HTTHHTTH,32,47,0
HTHTHTH,HHHHHHT,32,48,1
HTTHTTHT,THTHHTHT,32,49,1
HHHHHHT,THTHTHT,32,50,0
TTTTHTHT,HTHHTHHT,32,51,0
THTHHTHT,TTTTTTTH,32,52,1
HHTTHHT,TTTTTTH,32,53,1
TTHTHTTH,HTTTTTTT,32,54,1
HTTHT,TTTTH,32,55,1
HTTTTTTT,HHHHHHHH,32,56,1
TTT,HTT,32,57,0
TTTTTTT,TTTTTTH,32,58,0
HTTHTTHT,HTHTHHHH,32,59,1
HTHTHTTT,HTTHHTTH,32,60,1
TTT,THH,32,61,0
HHHHHHTH,HTHTHTHT,32,62,0
HTHTHTTT,HTTHTHHT,32,63,1
THTHHTHT,HHHHHHTH,32,64,1
THTHTHHH,HTTHHTTH,33,1,1
HTHHHHHT,HTHTTHTH,33,2,1
HTTTTTTT,HTHTHTHT,33,3,1
HTHHTHHT,HHHHTTTT,33,4,1
TTTTTTH,TTHHTTH,33,5,0
TTTTTTTH,TTTTTTTT,33,6,1
HTTTHHT,TTTTTTH,33,7,1
HTHTHTHT,HHHHHHHT,33,8,1
HHHHHHHH,HHHHHHHT,33,9,0
HTTHTTHT,HTHTTHTH,33,10,0
THTTHHTH,HTHTHHTH,33,11,1
HTHHTHHT,HTHTTHTH,33,12,1
THTHHTHT,THTTHTTH,33,13,0
THHTTHHT,THTHTTHT,33,14,0
TTTTHHHH,HTHHTHHT,33,15,0
HHHHHHHT,HTHTTHTH,33,16,0
HTHTTHTH,THTTHTTH,33,17,0
THTHHTHT,HHHHHHHT,33,18,1
HTTHTTHT,TTTTHHHH,33,19,1
HHHHHHT,TTTTTTT,33,20,1
HTHHTHHT,TTHTHTHH,33,21,1
HTHTTHTH,HTTTTTTT,33,22,1
HHHHHHHT,THTHTHTH,33,23,0
HTHTHTHT,THHHHHHH,33,24,1
THTHTTHT,THHTHTTH,33,25,1
HTHHTHHT,HHHHHHHT,33,26,1
HTTHTTHT,HHHHTTTT,33,27,1
HHHHHHH,HTTTTTH,33,28,0
THTHTHTH,THHHHHHH,33,29,1
HTHTTHTH,THHHHHHH,33,30,1
THHTHHTH,TTTTHHHH,33,31,1
THTHHTHT,HTTTTTTT,33,32,1
TTTTTTTH,HTHTHTHT,33,33,0
HTTTTTTT,HTHHTTHT,33,34,0
THHHHHHH,THTHHTHT,33,35,0
HTHHHHHH,HTHTHTHT,33,36,0
HTHHTTHT,THHHHHHH,33,37,1
TTTHTHTH,HTTHTTHT,33,38,0
THHTHHTH,HTHTTHTH,33,39,1
HHHHHHT,HHHHHHH,33,40,1
HTTTTTTT,THTHTHTH,33,41,0
HTHTTHTH,TTTTTTTH,33,42,1
THTTTHTT,TTHTHTHH,33,43,0
HTHHTHHT,THTHHTHT,33,44,0
HHHHHHH,TTTTTTH,33,45,0
HHHHHHHT,HHTHTHHT,33,46,0
HTTHHTTH,TTTTTTTT,33,47,1
HHHHHHT,HTHTHTH,33,48,0
THTHHTHT,HTTHTTHT,33,49,1
HHHHHHT,THTHTHT,33,50,0
TTTTHTHT,HTHHTHHT,33,51,0
THTHHTHT,TTTTTTTH,33,52,1
TTTTTTH,HHTTHHT,33,53,0
TTHTHTTH,HTTTTTTT,33,54,1
HTTHT,TTTTH,33,55,1
HHHHHHHH,HTTTTTTT,33,56,0
TTT,HTT,33,57,0
TTTTTTT,TTTTTTH,33,58,0
HTTHTTHT,HTHTHHHH,33,59,1
HTHTHTTT,HTTHHTTH,33,60,0
THH,TTT,33,61,1
HTHTHTHT,HHHHHHTH,33,62,1
HTTHTHHT,HTHTHTTT,33,63,1
HHHHHHTH,THTHHTHT,33,64,0
HTTHHTTH,THTHTHHH,34,1,0
HTHHHHHT,HTHTTHTH,34,2,1
HTHTHTHT,HTTTTTTT,34,3,0
HHHHTTTT,HTHHTHHT,34,4,1
TTTTTTH,TTHHTTH,34,5,1
TTTTTTTT,TTTTTTTH,34,6,0
HTTTHHT,TTTTTTH,34,7,1
HTHTHTHT,HHHHHHHT,34,8,1
HHHHHHHT,HHHHHHHH,34,9,1
HTTHTTHT,HTHTTHTH,34,10,0
HTHTHHTH,THTTHHTH,34,11,0
HTHHTHHT,HTHTTHTH,34,12,0
THTTHTTH,THTHHTHT,34,13,1
THHTTHHT,THTHTTHT,34,14,0
TTTTHHHH,HTHHTHHT,34,15,0
HHHHHHHT,HTHTTHTH,34,16,0
HTHTTHTH,THTTHTTH,34,17,1
THTHHTHT,HHHHHHHT,34,18,1
HTTHTTHT,TTTTHHHH,34,19,1
HHHHHHT,TTTTTTT,34,20,1
HTHHTHHT,TTHTHTHH,34,21,0
HTTTTTTT,HTHTTHTH,34,22,0
HHHHHHHT,THTHTHTH,34,23,0
THHHHHHH,HTHTHTHT,34,24,0
THTHTTHT,THHTHTTH,34,25,1
HTHHTHHT,HHHHHHHT,34,26,1
HHHHTTTT,HTTHTTHT,34,27,0
HTTTTTH,HHHHHHH,34,28,1
THTHTHTH,THHHHHHH,34,29,1
HTHTTHTH,THHHHHHH,34,30,1
THHTHHTH,TTTTHHHH,34,31,1
THTHHTHT,HTTTTTTT,34,32,1
HTHTHTHT,TTTTTTTH,34,33,1
HTHHTTHT,HTTTTTTT,34,34,1
THTHHTHT,THHHHHHH,34,35,1
HTHTHTHT,HTHHHHHH,34,36,1
HTHHTTHT,THHHHHHH,34,37,1
TTTHTHTH,HTTHTTHT,34,38,1
HTHTTHTH,THHTHHTH,34,39,1
HHHHHHH,HHHHHHT,34,40,0
HTTTTTTT,THTHTHTH,34,41,0
TTTTTTTH,HTHTTHTH,34,42,0
TTHTHTHH,THTTTHTT,34,43,1
THTHHTHT,HTHHTHHT,34,44,1
HHHHHHH,TTTTTTH,34,45,0
HHTHTHHT,HHHHHHHT,34,46,1
HTTHHTTH,TTTTTTTT,34,47,1
HTHTHTH,HHHHHHT,34,48,1
THTHHTHT,HTTHTTHT,34,49,0
HHHHHHT,THTHTHT,34,50,0
HTHHTHHT,TTTTHTHT,34,51,1
THTHHTHT,TTTTTTTH,34,52,1
HHTTHHT,TTTTTTH,34,53,1
HTTTTTTT,TTHTHTTH,34,54,0
TTTTH,HTTHT,34,55,0
HTTTTTTT,HHHHHHHH,34,56,1
HTT,TTT,34,57,1
TTTTTTT,TTTTTTH,34,58,0
HTHTHHHH,HTTHTTHT,34,59,0
HTHTHTTT,HTTHHTTH,34,60,1
TTT,THH,34,61,0
HTHTHTHT,HHHHHHTH,34,62,1
HTHTHTTT,HTTHTHHT,34,63,0
THTHHTHT,HHHHHHTH,34,64,1
THTHTHHH,HTTHHTTH,35,1,1
HTHHHHHT,HTHTTHTH,35,2,1
HTHTHTHT,HTTTTTTT,35,3,1
HTHHTHHT,HHHHTTTT,35,4,1
TTHHTTH,TTTTTTH,35,5,1
TTTTTTTH,TTTTTTTT,35,6,1
HTTTHHT,TTTTTTH,35,7,1
HHHHHHHT,HTHTHTHT,35,8,0
HHHHHHHH,HHHHHHHT,35,9,0
HTHTTHTH,HTTHTTHT,35,10,1
THTTHHTH,HTHTHHTH,35,11,1
HTHTTHTH,HTHHTHHT,35,12,1
THTTHTTH,THTHHTHT,35,13,1
THHTTHHT,THTHTTHT,35,14,0
TTTTHHHH,HTHHTHHT,35,15,1
HHHHHHHT,HTHTTHTH,35,16,0
THTTHTTH,HTHTTHTH,35,17,1
THTHHTHT,HHHHHHHT,35,18,1
TTTTHHHH,HTTHTTHT,35,19,0
HHHHHHT,TTTTTTT,35,20,1
TTHTHTHH,HTHHTHHT,35,21,1
HTHTTHTH,HTTTTTTT,35,22,1
HHHHHHHT,THTHTHTH,35,23,0
THHHHHHH,HTHTHTHT,35,24,0
THHTHTTH,THTHTTHT,35,25,0
HTHHTHHT,HHHHHHHT,35,26,1
HHHHTTTT,HTTHTTHT,35,27,0
HTTTTTH,HHHHHHH,35,28,1
THTHTHTH,THHHHHHH,35,29,0
HTHTTHTH,THHHHHHH,35,30,1
TTTTHHHH,THHTHHTH,35,31,0
THTHHTHT,HTTTTTTT,35,32,1
HTHTHTHT,TTTTTTTH,35,33,1
HTHHTTHT,HTTTTTTT,35,34,1
THHHHHHH,THTHHTHT,35,35,0
HTHTHTHT,HTHHHHHH,35,36,0
THHHHHHH,HTHHTTHT,35,37,0
HTTHTTHT,TTTHTHTH,35,38,0
HTHTTHTH,THHTHHTH,35,39,0
HHHHHHH,HHHHHHT,35,40,0
THTHTHTH,HTTTTTTT,35,41,1
HTHTTHTH,TTTTTTTH,35,42,1
THTTTHTT,TTHTHTHH,35,43,1
THTHHTHT,HTHHTHHT,35,44,0
HHHHHHH,TTTTTTH,35,45,0
HHTHTHHT,HHHHHHHT,35,46,1
TTTTTTTT,HTTHHTTH,35,47,0
HHHHHHT,HTHTHTH,35,48,1
THTHHTHT,HTTHTTHT,35,49,0
THTHTHT,HHHHHHT,35,50,1
HTHHTHHT,TTTTHTHT,35,51,0
THTHHTHT,TTTTTTTH,35,52,1
TTTTTTH,HHTTHHT,35,53,0
TTHTHTTH,HTTTTTTT,35,54,1
HTTHT,TTTTH,35,55,1
HTTTTTTT,HHHHHHHH,35,56,1
HTT,TTT,35,57,1
TTTTTTT,TTTTTTH,35,58,0
HTHTHHHH,HTTHTTHT,35,59,0
HTTHHTTH,HTHTHTTT,35,60,0
THH,TTT,35,61,1
HTHTHTHT,HHHHHHTH,35,62,0
HTTHTHHT,HTHTHTTT,35,63,0
HHHHHHTH,THTHHTHT,35,64,0
HTTHHTTH,THTHTHHH,36,1,1
HTHTTHTH,HTHHHHHT,36,2,1
HTTTTTTT,HTHTHTHT,36,3,0
HTHHTHHT,HHHHTTTT,36,4,1
TTHHTTH,TTTTTTH,36,5,1
TTTTTTTH,TTTTTTTT,36,6,1
TTTTTTH,HTTTHHT,36,7,0
HTHTHTHT,HHHHHHHT,36,8,1
HHHHHHHT,HHHHHHHH,36,9,1
HTHTTHTH,HTTHTTHT,36,10,1
THTTHHTH,HTHTHHTH,36,11,1
HTHHTHHT,HTHTTHTH,36,12,0
THTHHTHT,THTTHTTH,36,13,1
THHTTHHT,THTHTTHT,36,14,1
TTTTHHHH,HTHHTHHT,36,15,0
HTHTTHTH,HHHHHHHT,36,16,1
THTTHTTH,HTHTTHTH,36,17,0
HHHHHHHT,THTHHTHT,36,18,0
HTTHTTHT,TTTTHHHH,36,19,1
HHHHHHT,TTTTTTT,36,20,1
HTHHTHHT,TTHTHTHH,36,21,0
HTTTTTTT,HTHTTHTH,36,22,0
THTHTHTH,HHHHHHHT,36,23,1
HTHTHTHT,THHHHHHH,36,24,1
THTHTTHT,THHTHTTH,36,25,1
HHHHHHHT,HTHHTHHT,36,26,0
HHHHTTTT,HTTHTTHT,36,27,0
HHHHHHH,HTTTTTH,36,28,0
THTHTHTH,THHHHHHH,36,29,1
HTHTTHTH,THHHHHHH,36,30,1
THHTHHTH,TTTTHHHH,36,31,1
THTHHTHT,HTTTTTTT,36,32,1
HTHTHTHT,TTTTTTTH,36,33,1
HTTTTTTT,HTHHTTHT,36,34,0
THHHHHHH,THTHHTHT,36,35,0
HTHTHTHT,HTHHHHHH,36,36,1
HTHHTTHT,THHHHHHH,36,37,1
TTTHTHTH,HTTHTTHT,36,38,0
THHTHHTH,HTHTTHTH,36,39,0
HHHHHHH,HHHHHHT,36,40,0
HTTTTTTT,THTHTHTH,36,41,0
TTTTTTTH,HTHTTHTH,36,42,0
THTTTHTT,TTHTHTHH,36,43,0
THTHHTHT,HTHHTHHT,36,44,1
HHHHHHH,TTTTTTH,36,45,0
HHHHHHHT,HHTHTHHT,36,46,0
HTTHHTTH,TTTTTTTT,36,47,1
HTHTHTH,HHHHHHT,36,48,1
THTHHTHT,HTTHTTHT,36,49,1
THTHTHT,HHHHHHT,36,50,1
TTTTHTHT,HTHHTHHT,36,51,0
TTTTTTTH,THTHHTHT,36,52,0
HHTTHHT,TTTTTTH,36,53,1
TTHTHTTH,HTTTTTTT,36,54,1
TTTTH,HTTHT,36,55,0
HHHHHHHH,HTTTTTTT,36,56,0
TTT,HTT,36,57,0
TTTTTTH,TTTTTTT,36,58,1
HTTHTTHT,HTHTHHHH,36,59,1
HTHTHTTT,HTTHHTTH,36,60,1
THH,TTT,36,61,1
HHHHHHTH,HTHTHTHT,36,62,0
HTHTHTTT,HTTHTHHT,36,63,0
THTHHTHT,HHHHHHTH,36,64,1
THTHTHHH,HTTHHTTH,37,1,1
HTHTTHTH,HTHHHHHT,37,2,0
HTHTHTHT,HTTTTTTT,37,3,0
HTHHTHHT,HHHHTTTT,37,4,1
TTTTTTH,TTHHTTH,37,5,1
TTTTTTTT,TTTTTTTH,37,6,0
TTTTTTH,HTTTHHT,37,7,0
HHHHHHHT,HTHTHTHT,37,8,0
HHHHHHHT,HHHHHHHH,37,9,0
HTTHTTHT,HTHTTHTH,37,10,1
HTHTHHTH,THTTHHTH,37,11,0
HTHHTHHT,HTHTTHTH,37,12,1
THTHHTHT,THTTHTTH,37,13,1
THHTTHHT,THTHTTHT,37,14,0
TTTTHHHH,HTHHTHHT,37,15,1
HHHHHHHT,HTHTTHTH,37,16,0
HTHTTHTH,THTTHTTH,37,17,1
THTHHTHT,HHHHHHHT,37,18,1
HTTHTTHT,TTTTHHHH,37,19,1
TTTTTTT,HHHHHHT,37,20,0
HTHHTHHT,TTHTHTHH,37,21,1
HTHTTHTH,HTTTTTTT,37,22,1
THTHTHTH,HHHHHHHT,37,23,1
HTHTHTHT,THHHHHHH,37,24,1
THTHTTHT,THHTHTTH,37,25,0
HTHHTHHT,HHHHHHHT,37,26,1
HHHHTTTT,HTTHTTHT,37,27,0
HHHHHHH,HTTTTTH,37,28,0
THTHTHTH,THHHHHHH,37,29,1
HTHTTHTH,THHHHHHH,37,30,1
TTTTHHHH,THHTHHTH,37,31,0
THTHHTHT,HTTTTTTT,37,32,1
TTTTTTTH,HTHTHTHT,37,33,1
HTHHTTHT,HTTTTTTT,37,34,1
THHHHHHH,THTHHTHT,37,35,0
HTHTHTHT,HTHHHHHH,37,36,1
HTHHTTHT,THHHHHHH,37,37,1
TTTHTHTH,HTTHTTHT,37,38,1
THHTHHTH,HTHTTHTH,37,39,1
HHHHHHT,HHHHHHH,37,40,1
HTTTTTTT,THTHTHTH,37,41,0
HTHTTHTH,TTTTTTTH,37,42,1
THTTTHTT,TTHTHTHH,37,43,1
THTHHTHT,HTHHTHHT,37,44,1
TTTTTTH,HHHHHHH,37,45,1
HHHHHHHT,HHTHTHHT,37,46,0
TTTTTTTT,HTTHHTTH,37,47,0
HTHTHTH,HHHHHHT,37,48,1
HTTHTTHT,THTHHTHT,37,49,1
THTHTHT,HHHHHHT,37,50,1
HTHHTHHT,TTTTHTHT,37,51,1
THTHHTHT,TTTTTTTH,37,52,1
TTTTTTH,HHTTHHT,37,53,0
HTTTTTTT,TTHTHTTH,37,54,0
HTTHT,TTTTH,37,55,1
HHHHHHHH,HTTTTTTT,37,56,1
HTT,TTT,37,57,0
TTTTTTT,TTTTTTH,37,58,1
HTTHTTHT,HTHTHHHH,37,59,1
HTHTHTTT,HTTHHTTH,37,60,0
THH,TTT,37,61,0
HHHHHHTH,HTHTHTHT,37,62,0
HTHTHTTT,HTTHTHHT,37,63,1
HHHHHHTH,THTHHTHT,37,64,1
HTTHHTTH,THTHTHHH,38,1,1
HTHTTHTH,HTHHHHHT,38,2,0
HTHTHTHT,HTTTTTTT,38,3,0
HHHHTTTT,HTHHTHHT,38,4,0
TTHHTTH,TTTTTTH,38,5,1
TTTTTTTH,TTTTTTTT,38,6,1
TTTTTTH,HTTTHHT,38,7,0
HHHHHHHT,HTHTHTHT,38,8,1
HHHHHHHT,HHHHHHHH,38,9,1
HTTHTTHT,HTHTTHTH,38,10,1
THTTHHTH,HTHTHHTH,38,11,0
HTHTTHTH,HTHHTHHT,38,12,1
THTTHTTH,THTHHTHT,38,13,1
THHTTHHT,THTHTTHT,38,14,0
HTHHTHHT,TTTTHHHH,38,15,1
HHHHHHHT,HTHTTHTH,38,16,1
HTHTTHTH,THTTHTTH,38,17,0
THTHHTHT,HHHHHHHT,38,18,1
HTTHTTHT,TTTTHHHH,38,19,1
TTTTTTT,HHHHHHT,38,20,0
HTHHTHHT,TTHTHTHH,38,21,1
HTTTTTTT,HTHTTHTH,38,22,0
HHHHHHHT,THTHTHTH,38,23,1
HTHTHTHT,THHHHHHH,38,24,0
THTHTTHT,THHTHTTH,38,25,0
HHHHHHHT,HTHHTHHT,38,26,0
HTTHTTHT,HHHHTTTT,38,27,1
HHHHHHH,HTTTTTH,38,28,0
THTHTHTH,THHHHHHH,38,29,0
HTHTTHTH,THHHHHHH,38,30,1
THHTHHTH,TTTTHHHH,38,31,1
THTHHTHT,HTTTTTTT,38,32,0
TTTTTTTH,HTHTHTHT,38,33,1
HTTTTTTT,HTHHTTHT,38,34,0
THHHHHHH,THTHHTHT,38,35,0
HTHTHTHT,HTHHHHHH,38,36,0
HTHHTTHT,THHHHHHH,38,37,1
HTTHTTHT,TTTHTHTH,38,38,0
HTHTTHTH,THHTHHTH,38,39,0
HHHHHHH,HHHHHHT,38,40,0
HTTTTTTT,THTHTHTH,38,41,1
TTTTTTTH,HTHTTHTH,38,42,0
TTHTHTHH,THTTTHTT,38,43,0
HTHHTHHT,THTHHTHT,38,44,1
HHHHHHH,TTTTTTH,38,45,0
HHTHTHHT,HHHHHHHT,38,46,1
TTTTTTTT,HTTHHTTH,38,47,0
HTHTHTH,HHHHHHT,38,48,0
HTTHTTHT,THTHHTHT,38,49,1
THTHTHT,HHHHHHT,38,50,0
HTHHTHHT,TTTTHTHT,38,51,1
TTTTTTTH,THTHHTHT,38,52,1
HHTTHHT,TTTTTTH,38,53,1
HTTTTTTT,TTHTHTTH,38,54,0
HTTHT,TTTTH,38,55,1
HHHHHHHH,HTTTTTTT,38,56,0
TTT,HTT,38,57,0
TTTTTTH,TTTTTTT,38,58,1
HTHTHHHH,HTTHTTHT,38,59,0
HTHTHTTT,HTTHHTTH,38,60,1
THH,TTT,38,61,1
HHHHHHTH,HTHTHTHT,38,62,1
HTHTHTTT,HTTHTHHT,38,63,1
THTHHTHT,HHHHHHTH,38,64,1
THTHTHHH,HTTHHTTH,39,1,0
HTHHHHHT,HTHTTHTH,39,2,1
HTTTTTTT,HTHTHTHT,39,3,1
HTHHTHHT,HHHHTTTT,39,4,1
TTHHTTH,TTTTTTH,39,5,0
TTTTTTTH,TTTTTTTT,39,6,0
HTTTHHT,TTTTTTH,39,7,1
HHHHHHHT,HTHTHTHT,39,8,1
HHHHHHHH,HHHHHHHT,39,9,0
HTHTTHTH,HTTHTTHT,39,10,1
THTTHHTH,HTHTHHTH,39,11,1
HTHHTHHT,HTHTTHTH,39,12,0
THTHHTHT,THTTHTTH,39,13,1
THHTTHHT,THTHTTHT,39,14,1
TTTTHHHH,HTHHTHHT,39,15,1
HTHTTHTH,HHHHHHHT,39,16,0
THTTHTTH,HTHTTHTH,39,17,1
THTHHTHT,HHHHHHHT,39,18,0
TTTTHHHH,HTTHTTHT,39,19,1
TTTTTTT,HHHHHHT,39,20,1
HTHHTHHT,TTHTHTHH,39,21,1
HTHTTHTH,HTTTTTTT,39,22,0
HHHHHHHT,THTHTHTH,39,23,1
HTHTHTHT,THHHHHHH,39,24,0
THTHTTHT,THHTHTTH,39,25,0
HTHHTHHT,HHHHHHHT,39,26,0
HTTHTTHT,HHHHTTTT,39,27,0
HTTTTTH,HHHHHHH,39,28,0
THHHHHHH,THTHTHTH,39,29,1
THHHHHHH,HTHTTHTH,39,30,1
THHTHHTH,TTTTHHHH,39,31,0
THTHHTHT,HTTTTTTT,39,32,0
TTTTTTTH,HTHTHTHT,39,33,1
HTTTTTTT,HTHHTTHT,39,34,0
THHHHHHH,THTHHTHT,39,35,1
HTHTHTHT,HTHHHHHH,39,36,0
THHHHHHH,HTHHTTHT,39,37,1
HTTHTTHT,TTTHTHTH,39,38,1
HTHTTHTH,THHTHHTH,39,39,1
HHHHHHT,HHHHHHH,39,40,0
THTHTHTH,HTTTTTTT,39,41,1
TTTTTTTH,HTHTTHTH,39,42,0
THTTTHTT,TTHTHTHH,39,43,0
THTHHTHT,HTHHTHHT,39,44,1
HHHHHHH,TTTTTTH,39,45,0
HHHHHHHT,HHTHTHHT,39,46,1
TTTTTTTT,HTTHHTTH,39,47,1
HHHHHHT,HTHTHTH,39,48,1
THTHHTHT,HTTHTTHT,39,49,0
HHHHHHT,THTHTHT,39,50,1
TTTTHTHT,HTHHTHHT,39,51,0
TTTTTTTH,THTHHTHT,39,52,0
TTTTTTH,HHTTHHT,39,53,1
HTTTTTTT,TTHTHTTH,39,54,1
TTTTH,HTTHT,39,55,1
HHHHHHHH,HTTTTTTT,39,56,1
HTT,TTT,39,57,1
TTTTTTT,TTTTTTH,39,58,1
HTHTHHHH,HTTHTTHT,39,59,0
HTHTHTTT,HTTHHTTH,39,60,0
TTT,THH,39,61,0
HHHHHHTH,HTHTHTHT,39,62,0
HTTHTHHT,HTHTHTTT,39,63,1
HHHHHHTH,THTHHTHT,39,64,1
HHHTTT,HHHHHT,40,1,1
HTTTTTTH,TTHTTTTT,40,2,0
TTTTHHHH,TTTHTTTT,40,3,0
HHHTTHHH,HTTTTTTT,40,4,1
HTTTTTTH,HHHHHTTH,40,5,1
HHHHTHHH,HHHTTHTT,40,6,0
HHHTTHHH,THHHHHHH,40,7,1
HTTTTTTH,TTTHTTTT,40,8,0
HHHHTTTT,HHHTHHHH,40,9,1
HHHHTTTT,HHHHHHHH,40,10,1
TTTTTHTH,TTTHHTTT,40,11,0
HHHHHHTT,HTTTTTTH,40,12,0
HHHHTTTH,HTTTTTTH,40,13,1
TTTTTTTH,HHHTTHHH,40,14,1
HHHHTTTT,HHHHTHHH,40,15,0
TTTHHTTT,HHHTTHTH,40,16,0
TTTHHTTT,TTTTTTHT,40,17,1
HHHHHHHH,TTTTHHHH,40,18,1
TTTTTTTH,TTTHHTTT,40,19,0
TTTTHHHH,HHHHTHHH,40,20,0
HTHHHHHH,HHHTTHHH,40,21,0
HHHTHTTT,HHHHTHHH,40,22,1
HTHTTTTT,HHHTTHHH,40,23,1
HHHHHHTT,THHHHHHT,40,24,1
HHHTHHHH,TTTTHHHH,40,25,0
HHHHHHHT,HHHTTHHH,40,26,0
HTTTTTTH,THHHTTTT,40,27,1
TTTTTTTT,HHHHTTTT,40,28,1
HHTTTTTT,HTTTTTTH,40,29,0
HTTTTTTH,TTTTHHHT,40,30,0
HHHHTTTT,TTTHTTTT,40,31,1
TTTTTHTH,HHHTTHHH,40,32,1
TTTHTHHH,HHHHTHHH,40,33,1
HHHHHHHT,TTTHHTTT,40,34,0
HHTTTTTT,THHHHHHT,40,35,0
HHHHHHTH,HHHHTTTT,40,36,1
HTTTTTTH,THTHHHHH,40,37,1
TTTTHTTT,HHHHTTTT,40,38,1
HTTTTTTH,TTHHHHHH,40,39,0
HTTTTTH,HHHTHHH,40,40,0
TTTHHTTT,HTTTTTTT,40,41,0
HHHTTHHH,THTTTTTT,40,42,0
TTTTHHHH,TTTTTTTT,40,43,1
HTTTTTTH,TTTTTTHH,40,44,1
THTHT,HTTTH,40,45,1
HHHTHHHH,HTHHHTTT,40,46,1
THHHHHT,HHHTHHH,40,47,0
THHHHHHH,TTTHHTTT,40,48,0
TTTTHTTT,TTTTHHHH,40,49,1
THTHHHHH,THHHHHHT,40,50,1
TTTTTHTH,HTTTTTTH,40,51,0
HHHTHHHH,HHHTHTTT,40,52,0
HTHHHHHH,HHTTTTHH,40,53,0
HHTTTTHH,THTTTTTT,40,54,0
TTTHTHHH,HHHTHHHH,40,55,1
THHHHHHT,TTHHHHHH,40,56,1
HTTTTTTH,HTTHHHHH,40,57,1
THHHHHHT,TTTTTTHH,40,58,1
HHHTTHHH,THTHHHHH,40,59,0
HHHTHTTT,TTTHTTTT,40,60,1
TTTHTHHH,TTTTHTTT,40,61,1
HTTTTTTT,HHHHTTTT,40,62,1
HHHHHHT,HHHTHHH,40,63,0
HHHHTHHH,HHHTTTTH,40,64,0
HHHTTT,HHHHHT,41,1,0
TTHTTTTT,HTTTTTTH,41,2,0
TTTTHHHH,TTTHTTTT,41,3,0
HTTTTTTT,HHHTTHHH,41,4,0
HTTTTTTH,HHHHHTTH,41,5,0
HHHHTHHH,HHHTTHTT,41,6,0
HHHTTHHH,THHHHHHH,41,7,0
TTTHTTTT,HTTTTTTH,41,8,1
HHHTHHHH,HHHHTTTT,41,9,1
HHHHHHHH,HHHHTTTT,41,10,1
TTTTTHTH,TTTHHTTT,41,11,1
HHHHHHTT,HTTTTTTH,41,12,0
HTTTTTTH,HHHHTTTH,41,13,0
TTTTTTTH,HHHTTHHH,41,14,0
HHHHTTTT,HHHHTHHH,41,15,0
TTTHHTTT,HHHTTHTH,41,16,0
TTTHHTTT,TTTTTTHT,41,17,0
TTTTHHHH,HHHHHHHH,41,18,1
TTTHHTTT,TTTTTTTH,41,19,1
HHHHTHHH,TTTTHHHH,41,20,1
HTHHHHHH,HHHTTHHH,41,21,0
HHHTHTTT,HHHHTHHH,41,22,1
HHHTTHHH,HTHTTTTT,41,23,0
THHHHHHT,HHHHHHTT,41,24,0
HHHTHHHH,TTTTHHHH,41,25,1
HHHTTHHH,HHHHHHHT,41,26,1
THHHTTTT,HTTTTTTH,41,27,1
TTTTTTTT,HHHHTTTT,41,28,1
HTTTTTTH,HHTTTTTT,41,29,0
TTTTHHHT,HTTTTTTH,41,30,1
HHHHTTTT,TTTHTTTT,41,31,0
HHHTTHHH,TTTTTHTH,41,32,0
TTTHTHHH,HHHHTHHH,41,33,1
TTTHHTTT,HHHHHHHT,41,34,0
HHTTTTTT,THHHHHHT,41,35,0
HHHHTTTT,HHHHHHTH,41,36,0
HTTTTTTH,THTHHHHH,41,37,0
HHHHTTTT,TTTTHTTT,41,38,0
TTHHHHHH,HTTTTTTH,41,39,0
HTTTTTH,HHHTHHH,41,40,1
HTTTTTTT,TTTHHTTT,41,41,1
HHHTTHHH,THTTTTTT,41,42,0
TTTTHHHH,TTTTTTTT,41,43,0
HTTTTTTH,TTTTTTHH,41,44,0
THTHT,HTTTH,41,45,1
HHHTHHHH,HTHHHTTT,41,46,0
THHHHHT,HHHTHHH,41,47,1
THHHHHHH,TTTHHTTT,41,48,0
TTTTHTTT,TTTTHHHH,41,49,1
THHHHHHT,THTHHHHH,41,50,0
TTTTTHTH,HTTTTTTH,41,51,1
HHHTHTTT,HHHTHHHH,41,52,1
HTHHHHHH,HHTTTTHH,41,53,1
HHTTTTHH,THTTTTTT,41,54,0
TTTHTHHH,HHHTHHHH,41,55,0
TTHHHHHH,THHHHHHT,41,56,1
HTTTTTTH,HTTHHHHH,41,57,0
TTTTTTHH,THHHHHHT,41,58,1
THTHHHHH,HHHTTHHH,41,59,1
TTTHTTTT,HHHTHTTT,41,60,1
TTTTHTTT,TTTHTHHH,41,61,1
HTTTTTTT,HHHHTTTT,41,62,1
HHHHHHT,HHHTHHH,41,63,1
HHHHTHHH,HHHTTTTH,41,64,0
HHHTTT,HHHHHT,42,1,1
HTTTTTTH,TTHTTTTT,42,2,0
TTTTHHHH,TTTHTTTT,42,3,0
HHHTTHHH,HTTTTTTT,42,4,1
HTTTTTTH,HHHHHTTH,42,5,0
HHHHTHHH,HHHTTHTT,42,6,0
THHHHHHH,HHHTTHHH,42,7,0
HTTTTTTH,TTTHTTTT,42,8,0
HHHTHHHH,HHHHTTTT,42,9,1
HHHHHHHH,HHHHTTTT,42,10,0
TTTHHTTT,TTTTTHTH,42,11,1
HTTTTTTH,HHHHHHTT,42,12,1
HHHHTTTH,HTTTTTTH,42,13,1
TTTTTTTH,HHHTTHHH,42,14,0
HHHHTHHH,HHHHTTTT,42,15,1
TTTHHTTT,HHHTTHTH,42,16,0
TTTTTTHT,TTTHHTTT,42,17,0
TTTTHHHH,HHHHHHHH,42,18,1
TTTTTTTH,TTTHHTTT,42,19,0
HHHHTHHH,TTTTHHHH,42,20,1
HHHTTHHH,HTHHHHHH,42,21,1
HHHTHTTT,HHHHTHHH,42,22,1
HTHTTTTT,HHHTTHHH,42,23,1
HHHHHHTT,THHHHHHT,42,24,0
HHHTHHHH,TTTTHHHH,42,25,0
HHHTTHHH,HHHHHHHT,42,26,1
THHHTTTT,HTTTTTTH,42,27,1
HHHHTTTT,TTTTTTTT,42,28,1
HHTTTTTT,HTTTTTTH,42,29,0
HTTTTTTH,TTTTHHHT,42,30,0
HHHHTTTT,TTTHTTTT,42,31,0
HHHTTHHH,TTTTTHTH,42,32,1
HHHHTHHH,TTTHTHHH,42,33,0
HHHHHHHT,TTTHHTTT,42,34,0
THHHHHHT,HHTTTTTT,42,35,1
HHHHTTTT,HHHHHHTH,42,36,0
HTTTTTTH,THTHHHHH,42,37,0
TTTTHTTT,HHHHTTTT,42,38,1
TTHHHHHH,HTTTTTTH,42,39,0
HTTTTTH,HHHTHHH,42,40,0
TTTHHTTT,HTTTTTTT,42,41,0
THTTTTTT,HHHTTHHH,42,42,0
TTTTHHHH,TTTTTTTT,42,43,1
TTTTTTHH,HTTTTTTH,42,44,0
HTTTH,THTHT,42,45,1
HTHHHTTT,HHHTHHHH,42,46,1
THHHHHT,HHHTHHH,42,47,1
TTTHHTTT,THHHHHHH,42,48,1
TTTTHTTT,TTTTHHHH,42,49,1
THTHHHHH,THHHHHHT,42,50,1
TTTTTHTH,HTTTTTTH,42,51,1
HHHTHTTT,HHHTHHHH,42,52,1
HHTTTTHH,HTHHHHHH,42,53,1
HHTTTTHH,THTTTTTT,42,54,1
HHHTHHHH,TTTHTHHH,42,55,0
THHHHHHT,TTHHHHHH,42,56,1
HTTHHHHH,HTTTTTTH,42,57,1
TTTTTTHH,THHHHHHT,42,58,0
HHHTTHHH,THTHHHHH,42,59,0
HHHTHTTT,TTTHTTTT,42,60,1
TTTHTHHH,TTTTHTTT,42,61,1
HTTTTTTT,HHHHTTTT,42,62,0
HHHTHHH,HHHHHHT,42,63,1
HHHHTHHH,HHHTTTTH,42,64,0
HHHHHT,HHHTTT,43,1,0
HTTTTTTH,TTHTTTTT,43,2,0
TTTHTTTT,TTTTHHHH,43,3,1
HTTTTTTT,HHHTTHHH,43,4,0
HHHHHTTH,HTTTTTTH,43,5,1
HHHTTHTT,HHHHTHHH,43,6,1
HHHTTHHH,THHHHHHH,43,7,1
HTTTTTTH,TTTHTTTT,43,8,0
HHHHTTTT,HHHTHHHH,43,9,1
HHHHTTTT,HHHHHHHH,43,10,1
TTTTTHTH,TTTHHTTT,43,11,0
HTTTTTTH,HHHHHHTT,43,12,0
HTTTTTTH,HHHHTTTH,43,13,0
HHHTTHHH,TTTTTTTH,43,14,1
HHHHTTTT,HHHHTHHH,43,15,1
HHHTTHTH,TTTHHTTT,43,16,1
TTTTTTHT,TTTHHTTT,43,17,0
HHHHHHHH,TTTTHHHH,43,18,0
TTTHHTTT,TTTTTTTH,43,19,1
HHHHTHHH,TTTTHHHH,43,20,1
HHHTTHHH,HTHHHHHH,43,21,1
HHHTHTTT,HHHHTHHH,43,22,1
HHHTTHHH,HTHTTTTT,43,23,1
THHHHHHT,HHHHHHTT,43,24,0
TTTTHHHH,HHHTHHHH,43,25,1
HHHTTHHH,HHHHHHHT,43,26,1
HTTTTTTH,THHHTTTT,43,27,0
TTTTTTTT,HHHHTTTT,43,28,0
HHTTTTTT,HTTTTTTH,43,29,1
HTTTTTTH,TTTTHHHT,43,30,0
TTTHTTTT,HHHHTTTT,43,31,1
HHHTTHHH,TTTTTHTH,43,32,1
TTTHTHHH,HHHHTHHH,43,33,1
HHHHHHHT,TTTHHTTT,43,34,0
HHTTTTTT,THHHHHHT,43,35,0
HHHHTTTT,HHHHHHTH,43,36,1
HTTTTTTH,THTHHHHH,43,37,0
TTTTHTTT,HHHHTTTT,43,38,1
HTTTTTTH,TTHHHHHH,43,39,0
HTTTTTH,HHHTHHH,43,40,0
TTTHHTTT,HTTTTTTT,43,41,1
HHHTTHHH,THTTTTTT,43,42,1
TTTTTTTT,TTTTHHHH,43,43,0
HTTTTTTH,TTTTTTHH,43,44,0
HTTTH,THTHT,43,45,0
HHHTHHHH,HTHHHTTT,43,46,1
THHHHHT,HHHTHHH,43,47,0
THHHHHHH,TTTHHTTT,43,48,0
TTTTHTTT,TTTTHHHH,43,49,1
THTHHHHH,THHHHHHT,43,50,1
HTTTTTTH,TTTTTHTH,43,51,0
HHHTHHHH,HHHTHTTT,43,52,0
HTHHHHHH,HHTTTTHH,43,53,0
THTTTTTT,HHTTTTHH,43,54,0
HHHTHHHH,TTTHTHHH,43,55,0
TTHHHHHH,THHHHHHT,43,56,0
HTTHHHHH,HTTTTTTH,43,57,1
THHHHHHT,TTTTTTHH,43,58,0
HHHTTHHH,THTHHHHH,43,59,0
TTTHTTTT,HHHTHTTT,43,60,0
TTTHTHHH,TTTTHTTT,43,61,0
HTTTTTTT,HHHHTTTT,43,62,0
HHHTHHH,HHHHHHT,43,63,1
HHHHTHHH,HHHTTTTH,43,64,0
HHHHHT,HHHTTT,44,1,0
HTTTTTTH,TTHTTTTT,44,2,0
TTTHTTTT,TTTTHHHH,44,3,0
HHHTTHHH,HTTTTTTT,44,4,1
HTTTTTTH,HHHHHTTH,44,5,1
HHHHTHHH,HHHTTHTT,44,6,0
HHHTTHHH,THHHHHHH,44,7,1
TTTHTTTT,HTTTTTTH,44,8,0
HHHHTTTT,HHHTHHHH,44,9,0
HHHHHHHH,HHHHTTTT,44,10,0
TTTTTHTH,TTTHHTTT,44,11,1
HHHHHHTT,HTTTTTTH,44,12,0
HTTTTTTH,HHHHTTTH,44,13,0
HHHTTHHH,TTTTTTTH,44,14,1
HHHHTHHH,HHHHTTTT,44,15,1
HHHTTHTH,TTTHHTTT,44,16,1
TTTTTTHT,TTTHHTTT,44,17,0
TTTTHHHH,HHHHHHHH,44,18,1
TTTHHTTT,TTTTTTTH,44,19,1
HHHHTHHH,TTTTHHHH,44,20,1
HHHTTHHH,HTHHHHHH,44,21,0
HHHHTHHH,HHHTHTTT,44,22,1
HTHTTTTT,HHHTTHHH,44,23,0
THHHHHHT,HHHHHHTT,44,24,1
TTTTHHHH,HHHTHHHH,44,25,1
HHHHHHHT,HHHTTHHH,44,26,1
THHHTTTT,HTTTTTTH,44,27,1
TTTTTTTT,HHHHTTTT,44,28,0
HTTTTTTH,HHTTTTTT,44,29,1
TTTTHHHT,HTTTTTTH,44,30,1
HHHHTTTT,TTTHTTTT,44,31,0
HHHTTHHH,TTTTTHTH,44,32,0
TTTHTHHH,HHHHTHHH,44,33,0
HHHHHHHT,TTTHHTTT,44,34,0
THHHHHHT,HHTTTTTT,44,35,1
HHHHTTTT,HHHHHHTH,44,36,1
THTHHHHH,HTTTTTTH,44,37,0
HHHHTTTT,TTTTHTTT,44,38,1
HTTTTTTH,TTHHHHHH,44,39,0
HHHTHHH,HTTTTTH,44,40,1
TTTHHTTT,HTTTTTTT,44,41,0
HHHTTHHH,THTTTTTT,44,42,1
TTTTHHHH,TTTTTTTT,44,43,1
HTTTTTTH,TTTTTTHH,44,44,0
HTTTH,THTHT,44,45,1
HHHTHHHH,HTHHHTTT,44,46,0
THHHHHT,HHHTHHH,44,47,1
THHHHHHH,TTTHHTTT,44,48,0
TTTTHTTT,TTTTHHHH,44,49,1
THHHHHHT,THTHHHHH,44,50,0
HTTTTTTH,TTTTTHTH,44,51,0
HHHTHHHH,HHHTHTTT,44,52,0
HTHHHHHH,HHTTTTHH,44,53,0
THTTTTTT,HHTTTTHH,44,54,0
HHHTHHHH,TTTHTHHH,44,55,0
THHHHHHT,TTHHHHHH,44,56,1
HTTHHHHH,HTTTTTTH,44,57,1
TTTTTTHH,THHHHHHT,44,58,1
HHHTTHHH,THTHHHHH,44,59,0
HHHTHTTT,TTTHTTTT,44,60,1
TTTTHTTT,TTTHTHHH,44,61,0
HHHHTTTT,HTTTTTTT,44,62,0
HHHTHHH,HHHHHHT,44,63,1
HHHTTTTH,HHHHTHHH,44,64,1
HHHTTT,HHHHHT,45,1,0
HTTTTTTH,TTHTTTTT,45,2,0
TTTTHHHH,TTTHTTTT,45,3,0
HHHTTHHH,HTTTTTTT,45,4,1
HHHHHTTH,HTTTTTTH,45,5,1
HHHTTHTT,HHHHTHHH,45,6,1
THHHHHHH,HHHTTHHH,45,7,0
HTTTTTTH,TTTHTTTT,45,8,0
HHHHTTTT,HHHTHHHH,45,9,0
HHHHHHHH,HHHHTTTT,45,10,1
TTTTTHTH,TTTHHTTT,45,11,1
HHHHHHTT,HTTTTTTH,45,12,0
HTTTTTTH,HHHHTTTH,45,13,1
HHHTTHHH,TTTTTTTH,45,14,1
HHHHTHHH,HHHHTTTT,45,15,0
HHHTTHTH,TTTHHTTT,45,16,1
TTTHHTTT,TTTTTTHT,45,17,0
HHHHHHHH,TTTTHHHH,45,18,1
TTTHHTTT,TTTTTTTH,45,19,0
TTTTHHHH,HHHHTHHH,45,20,1
HTHHHHHH,HHHTTHHH,45,21,0
HHHHTHHH,HHHTHTTT,45,22,1
HTHTTTTT,HHHTTHHH,45,23,0
HHHHHHTT,THHHHHHT,45,24,1
TTTTHHHH,HHHTHHHH,45,25,0
HHHTTHHH,HHHHHHHT,45,26,1
HTTTTTTH,THHHTTTT,45,27,0
HHHHTTTT,TTTTTTTT,45,28,1
HHTTTTTT,HTTTTTTH,45,29,1
TTTTHHHT,HTTTTTTH,45,30,1
TTTHTTTT,HHHHTTTT,45,31,0
TTTTTHTH,HHHTTHHH,45,32,0
HHHHTHHH,TTTHTHHH,45,33,0
TTTHHTTT,HHHHHHHT,45,34,1
HHTTTTTT,THHHHHHT,45,35,0
HHHHTTTT,HHHHHHTH,45,36,0
THTHHHHH,HTTTTTTH,45,37,1
TTTTHTTT,HHHHTTTT,45,38,0
HTTTTTTH,TTHHHHHH,45,39,1
HHHTHHH,HTTTTTH,45,40,0
TTTHHTTT,HTTTTTTT,45,41,1
THTTTTTT,HHHTTHHH,45,42,0
TTTTTTTT,TTTTHHHH,45,43,1
TTTTTTHH,HTTTTTTH,45,44,0
HTTTH,THTHT,45,45,1
HTHHHTTT,HHHTHHHH,45,46,0
HHHTHHH,THHHHHT,45,47,1
TTTHHTTT,THHHHHHH,45,48,1
TTTTHHHH,TTTTHTTT,45,49,0
THTHHHHH,THHHHHHT,45,50,0
TTTTTHTH,HTTTTTTH,45,51,1
HHHTHHHH,HHHTHTTT,45,52,0
HHTTTTHH,HTHHHHHH,45,53,0
HHTTTTHH,THTTTTTT,45,54,1
HHHTHHHH,TTTHTHHH,45,55,1
TTHHHHHH,THHHHHHT,45,56,0
HTTHHHHH,HTTTTTTH,45,57,1
TTTTTTHH,THHHHHHT,45,58,1
HHHTTHHH,THTHHHHH,45,59,0
HHHTHTTT,TTTHTTTT,45,60,1
TTTTHTTT,TTTHTHHH,45,61,1
HTTTTTTT,HHHHTTTT,45,62,0
HHHTHHH,HHHHHHT,45,63,1
HHHHTHHH,HHHTTTTH,45,64,1
HHHHHT,HHHTTT,46,1,0
HTTTTTTH,TTHTTTTT,46,2,0
TTTHTTTT,TTTTHHHH,46,3,1
HTTTTTTT,HHHTTHHH,46,4,0
HTTTTTTH,HHHHHTTH,46,5,0
HHHHTHHH,HHHTTHTT,46,6,0
THHHHHHH,HHHTTHHH,46,7,0
HTTTTTTH,TTTHTTTT,46,8,1
HHHHTTTT,HHHTHHHH,46,9,1
HHHHHHHH,HHHHTTTT,46,10,0
TTTTTHTH,TTTHHTTT,46,11,1
HHHHHHTT,HTTTTTTH,46,12,0
HTTTTTTH,HHHHTTTH,46,13,0
HHHTTHHH,TTTTTTTH,46,14,0
HHHHTHHH,HHHHTTTT,46,15,0
HHHTTHTH,TTTHHTTT,46,16,1
TTTTTTHT,TTTHHTTT,46,17,0
HHHHHHHH,TTTTHHHH,46,18,0
TTTTTTTH,TTTHHTTT,46,19,0
TTTTHHHH,HHHHTHHH,46,20,1
HHHTTHHH,HTHHHHHH,46,21,1
HHHTHTTT,HHHHTHHH,46,22,1
HHHTTHHH,HTHTTTTT,46,23,1
HHHHHHTT,THHHHHHT,46,24,1
HHHTHHHH,TTTTHHHH,46,25,0
HHHTTHHH,HHHHHHHT,46,26,1
HTTTTTTH,THHHTTTT,46,27,0
TTTTTTTT,HHHHTTTT,46,28,0
HTTTTTTH,HHTTTTTT,46,29,1
TTTTHHHT,HTTTTTTH,46,30,1
TTTHTTTT,HHHHTTTT,46,31,0
TTTTTHTH,HHHTTHHH,46,32,0
HHHHTHHH,TTTHTHHH,46,33,0
HHHHHHHT,TTTHHTTT,46,34,0
HHTTTTTT,THHHHHHT,46,35,1
HHHHHHTH,HHHHTTTT,46,36,0
HTTTTTTH,THTHHHHH,46,37,1
HHHHTTTT,TTTTHTTT,46,38,1
HTTTTTTH,TTHHHHHH,46,39,1
HHHTHHH,HTTTTTH,46,40,0
HTTTTTTT,TTTHHTTT,46,41,0
HHHTTHHH,THTTTTTT,46,42,1
TTTTHHHH,TTTTTTTT,46,43,1
HTTTTTTH,TTTTTTHH,46,44,1
THTHT,HTTTH,46,45,1
HTHHHTTT,HHHTHHHH,46,46,1
HHHTHHH,THHHHHT,46,47,1
THHHHHHH,TTTHHTTT,46,48,0
TTTTHHHH,TTTTHTTT,46,49,1
THHHHHHT,THTHHHHH,46,50,1
HTTTTTTH,TTTTTHTH,46,51,0
HHHTHHHH,HHHTHTTT,46,52,0
HTHHHHHH,HHTTTTHH,46,53,0
HHTTTTHH,THTTTTTT,46,54,1
TTTHTHHH,HHHTHHHH,46,55,1
THHHHHHT,TTHHHHHH,46,56,1
HTTHHHHH,HTTTTTTH,46,57,1
THHHHHHT,TTTTTTHH,46,58,1
THTHHHHH,HHHTTHHH,46,59,1
TTTHTTTT,HHHTHTTT,46,60,1
TTTTHTTT,TTTHTHHH,46,61,0
HTTTTTTT,HHHHTTTT,46,62,0
HHHHHHT,HHHTHHH,46,63,0
HHHHTHHH,HHHTTTTH,46,64,0
HHHHHT,HHHTTT,47,1,1
TTHTTTTT,HTTTTTTH,47,2,1
TTTHTTTT,TTTTHHHH,47,3,1
HTTTTTTT,HHHTTHHH,47,4,1
HHHHHTTH,HTTTTTTH,47,5,0
HHHTTHTT,HHHHTHHH,47,6,1
HHHTTHHH,THHHHHHH,47,7,0
TTTHTTTT,HTTTTTTH,47,8,1
HHHHTTTT,HHHTHHHH,47,9,0
HHHHTTTT,HHHHHHHH,47,10,0
TTTHHTTT,TTTTTHTH,47,11,0
HHHHHHTT,HTTTTTTH,47,12,1
HTTTTTTH,HHHHTTTH,47,13,0
HHHTTHHH,TTTTTTTH,47,14,0
HHHHTHHH,HHHHTTTT,47,15,1
HHHTTHTH,TTTHHTTT,47,16,1
TTTTTTHT,TTTHHTTT,47,17,1
HHHHHHHH,TTTTHHHH,47,18,1
TTTTTTTH,TTTHHTTT,47,19,1
HHHHTHHH,TTTTHHHH,47,20,1
HHHTTHHH,HTHHHHHH,47,21,0
HHHHTHHH,HHHTHTTT,47,22,1
HHHTTHHH,HTHTTTTT,47,23,1
THHHHHHT,HHHHHHTT,47,24,1
HHHTHHHH,TTTTHHHH,47,25,1
HHHTTHHH,HHHHHHHT,47,26,0
HTTTTTTH,THHHTTTT,47,27,0
HHHHTTTT,TTTTTTTT,47,28,1
HHTTTTTT,HTTTTTTH,47,29,1
HTTTTTTH,TTTTHHHT,47,30,1
HHHHTTTT,TTTHTTTT,47,31,0
TTTTTHTH,HHHTTHHH,47,32,1
TTTHTHHH,HHHHTHHH,47,33,1
TTTHHTTT,HHHHHHHT,47,34,0
HHTTTTTT,THHHHHHT,47,35,1
HHHHTTTT,HHHHHHTH,47,36,1
HTTTTTTH,THTHHHHH,47,37,0
TTTTHTTT,HHHHTTTT,47,38,1
TTHHHHHH,HTTTTTTH,47,39,1
HHHTHHH,HTTTTTH,47,40,0
HTTTTTTT,TTTHHTTT,47,41,1
THTTTTTT,HHHTTHHH,47,42,1
TTTTTTTT,TTTTHHHH,47,43,0
TTTTTTHH,HTTTTTTH,47,44,1
THTHT,HTTTH,47,45,1
HHHTHHHH,HTHHHTTT,47,46,1
THHHHHT,HHHTHHH,47,47,0
TTTHHTTT,THHHHHHH,47,48,0
TTTTHHHH,TTTTHTTT,47,49,0
THTHHHHH,THHHHHHT,47,50,1
TTTTTHTH,HTTTTTTH,47,51,1
HHHTHHHH,HHHTHTTT,47,52,1
HTHHHHHH,HHTTTTHH,47,53,1
THTTTTTT,HHTTTTHH,47,54,1
HHHTHHHH,TTTHTHHH,47,55,1
TTHHHHHH,THHHHHHT,47,56,1
HTTTTTTH,HTTHHHHH,47,57,0
THHHHHHT,TTTTTTHH,47,58,1
THTHHHHH,HHHTTHHH,47,59,1
TTTHTTTT,HHHTHTTT,47,60,0
TTTHTHHH,TTTTHTTT,47,61,1
HTTTTTTT,HHHHTTTT,47,62,1
HHHHHHT,HHHTHHH,47,63,0
HHHTTTTH,HHHHTHHH,47,64,0
HHHHHT,HHHTTT,48,1,0
HTTTTTTH,TTHTTTTT,48,2,0
TTTHTTTT,TTTTHHHH,48,3,0
HTTTTTTT,HHHTTHHH,48,4,0
HHHHHTTH,HTTTTTTH,48,5,0
HHHHTHHH,HHHTTHTT,48,6,0
THHHHHHH,HHHTTHHH,48,7,0
HTTTTTTH,TTTHTTTT,48,8,0
HHHHTTTT,HHHTHHHH,48,9,0
HHHHHHHH,HHHHTTTT,48,10,0
TTTHHTTT,TTTTTHTH,48,11,1
HHHHHHTT,HTTTTTTH,48,12,0
HTTTTTTH,HHHHTTTH,48,13,1
HHHTTHHH,TTTTTTTH,48,14,1
HHHHTTTT,HHHHTHHH,48,15,1
TTTHHTTT,HHHTTHTH,48,16,0
TTTHHTTT,TTTTTTHT,48,17,1
TTTTHHHH,HHHHHHHH,48,18,1
TTTTTTTH,TTTHHTTT,48,19,0
TTTTHHHH,HHHHTHHH,48,20,1
HTHHHHHH,HHHTTHHH,48,21,0
HHHHTHHH,HHHTHTTT,48,22,0
HHHTTHHH,HTHTTTTT,48,23,1
THHHHHHT,HHHHHHTT,48,24,1
TTTTHHHH,HHHTHHHH,48,25,1
HHHHHHHT,HHHTTHHH,48,26,0
HTTTTTTH,THHHTTTT,48,27,0
TTTTTTTT,HHHHTTTT,48,28,0
HHTTTTTT,HTTTTTTH,48,29,0
TTTTHHHT,HTTTTTTH,48,30,0
HHHHTTTT,TTTHTTTT,48,31,1
TTTTTHTH,HHHTTHHH,48,32,0
HHHHTHHH,TTTHTHHH,48,33,0
HHHHHHHT,TTTHHTTT,48,34,0
HHTTTTTT,THHHHHHT,48,35,1
HHHHTTTT,HHHHHHTH,48,36,1
THTHHHHH,HTTTTTTH,48,37,1
TTTTHTTT,HHHHTTTT,48,38,0
HTTTTTTH,TTHHHHHH,48,39,1
HTTTTTH,HHHTHHH,48,40,1
TTTHHTTT,HTTTTTTT,48,41,1
THTTTTTT,HHHTTHHH,48,42,0
TTTTTTTT,TTTTHHHH,48,43,0
HTTTTTTH,TTTTTTHH,48,44,1
THTHT,HTTTH,48,45,1
HHHTHHHH,HTHHHTTT,48,46,0
HHHTHHH,THHHHHT,48,47,1
TTTHHTTT,THHHHHHH,48,48,1
TTTTHTTT,TTTTHHHH,48,49,0
THHHHHHT,THTHHHHH,48,50,0
HTTTTTTH,TTTTTHTH,48,51,1
HHHTHHHH,HHHTHTTT,48,52,0
HTHHHHHH,HHTTTTHH,48,53,0
THTTTTTT,HHTTTTHH,48,54,0
HHHTHHHH,TTTHTHHH,48,55,0
TTHHHHHH,THHHHHHT,48,56,0
HTTHHHHH,HTTTTTTH,48,57,1
THHHHHHT,TTTTTTHH,48,58,1
THTHHHHH,HHHTTHHH,48,59,0
TTTHTTTT,HHHTHTTT,48,60,0
TTTTHTTT,TTTHTHHH,48,61,0
HHHHTTTT,HTTTTTTT,48,62,1
HHHTHHH,HHHHHHT,48,63,1
HHHHTHHH,HHHTTTTH,48,64,0
HHHHHT,HHHTTT,49,1,0
TTHTTTTT,HTTTTTTH,49,2,0
TTTTHHHH,TTTHTTTT,49,3,0
HTTTTTTT,HHHTTHHH,49,4,0
HHHHHTTH,HTTTTTTH,49,5,1
HHHHTHHH,HHHTTHTT,49,6,0
HHHTTHHH,THHHHHHH,49,7,1
HTTTTTTH,TTTHTTTT,49,8,0
HHHHTTTT,HHHTHHHH,49,9,0
HHHHHHHH,HHHHTTTT,49,10,0
TTTHHTTT,TTTTTHTH,49,11,0
HTTTTTTH,HHHHHHTT,49,12,1
HHHHTTTH,HTTTTTTH,49,13,1
TTTTTTTH,HHHTTHHH,49,14,0
HHHHTHHH,HHHHTTTT,49,15,1
TTTHHTTT,HHHTTHTH,49,16,0
TTTTTTHT,TTTHHTTT,49,17,1
HHHHHHHH,TTTTHHHH,49,18,0
TTTHHTTT,TTTTTTTH,49,19,0
TTTTHHHH,HHHHTHHH,49,20,0
HHHTTHHH,HTHHHHHH,49,21,1
HHHHTHHH,HHHTHTTT,49,22,0
HHHTTHHH,HTHTTTTT,49,23,0
THHHHHHT,HHHHHHTT,49,24,1
TTTTHHHH,HHHTHHHH,49,25,0
HHHTTHHH,HHHHHHHT,49,26,1
HTTTTTTH,THHHTTTT,49,27,0
TTTTTTTT,HHHHTTTT,49,28,0
HTTTTTTH,HHTTTTTT,49,29,0
HTTTTTTH,TTTTHHHT,49,30,0
TTTHTTTT,HHHHTTTT,49,31,1
TTTTTHTH,HHHTTHHH,49,32,1
HHHHTHHH,TTTHTHHH,49,33,0
TTTHHTTT,HHHHHHHT,49,34,0
THHHHHHT,HHTTTTTT,49,35,0
HHHHHHTH,HHHHTTTT,49,36,1
HTTTTTTH,THTHHHHH,49,37,0
HHHHTTTT,TTTTHTTT,49,38,0
TTHHHHHH,HTTTTTTH,49,39,0
HHHTHHH,HTTTTTH,49,40,1
TTTHHTTT,HTTTTTTT,49,41,1
THTTTTTT,HHHTTHHH,49,42,0
TTTTTTTT,TTTTHHHH,49,43,0
HTTTTTTH,TTTTTTHH,49,44,0
THTHT,HTTTH,49,45,0
HHHTHHHH,HTHHHTTT,49,46,0
HHHTHHH,THHHHHT,49,47,1
TTTHHTTT,THHHHHHH,49,48,0
TTTTHHHH,TTTTHTTT,49,49,0
THHHHHHT,THTHHHHH,49,50,0
HTTTTTTH,TTTTTHTH,49,51,0
HHHTHHHH,HHHTHTTT,49,52,0
HTHHHHHH,HHTTTTHH,49,53,1
HHTTTTHH,THTTTTTT,49,54,0
HHHTHHHH,TTTHTHHH,49,55,1
THHHHHHT,TTHHHHHH,49,56,0
HTTTTTTH,HTTHHHHH,49,57,0
TTTTTTHH,THHHHHHT,49,58,1
THTHHHHH,HHHTTHHH,49,59,1
TTTHTTTT,HHHTHTTT,49,60,1
TTTHTHHH,TTTTHTTT,49,61,0
HTTTTTTT,HHHHTTTT,49,62,1
HHHHHHT,HHHTHHH,49,63,1
HHHHTHHH,HHHTTTTH,49,64,0
HHHTTT,HHHHHT,50,1,1
TTHTTTTT,HTTTTTTH,50,2,0
TTTTHHHH,TTTHTTTT,50,3,1
HHHTTHHH,HTTTTTTT,50,4,1
HTTTTTTH,HHHHHTTH,50,5,0
HHHTTHTT,HHHHTHHH,50,6,1
HHHTTHHH,THHHHHHH,50,7,1
HTTTTTTH,TTTHTTTT,50,8,1
HHHTHHHH,HHHHTTTT,50,9,0
HHHHTTTT,HHHHHHHH,50,10,1
TTTHHTTT,TTTTTHTH,50,11,1
HTTTTTTH,HHHHHHTT,50,12,1
HTTTTTTH,HHHHTTTH,50,13,1
HHHTTHHH,TTTTTTTH,50,14,0
HHHHTHHH,HHHHTTTT,50,15,0
TTTHHTTT,HHHTTHTH,50,16,0
TTTHHTTT,TTTTTTHT,50,17,1
TTTTHHHH,HHHHHHHH,50,18,1
TTTHHTTT,TTTTTTTH,50,19,1
TTTTHHHH,HHHHTHHH,50,20,1
HTHHHHHH,HHHTTHHH,50,21,0
HHHTHTTT,HHHHTHHH,50,22,1
HTHTTTTT,HHHTTHHH,50,23,1
HHHHHHTT,THHHHHHT,50,24,0
HHHTHHHH,TTTTHHHH,50,25,0
HHHHHHHT,HHHTTHHH,50,26,0
HTTTTTTH,THHHTTTT,50,27,0
HHHHTTTT,TTTTTTTT,50,28,1
HHTTTTTT,HTTTTTTH,50,29,1
TTTTHHHT,HTTTTTTH,50,30,1
HHHHTTTT,TTTHTTTT,50,31,1
TTTTTHTH,HHHTTHHH,50,32,0
TTTHTHHH,HHHHTHHH,50,33,1
HHHHHHHT,TTTHHTTT,50,34,0
THHHHHHT,HHTTTTTT,50,35,1
HHHHTTTT,HHHHHHTH,50,36,1
HTTTTTTH,THTHHHHH,50,37,1
HHHHTTTT,TTTTHTTT,50,38,1
HTTTTTTH,TTHHHHHH,50,39,0
HHHTHHH,HTTTTTH,50,40,1
TTTHHTTT,HTTTTTTT,50,41,1
HHHTTHHH,THTTTTTT,50,42,1
TTTTTTTT,TTTTHHHH,50,43,0
TTTTTTHH,HTTTTTTH,50,44,1
THTHT,HTTTH,50,45,1
HTHHHTTT,HHHTHHHH,50,46,1
HHHTHHH,THHHHHT,50,47,0
TTTHHTTT,THHHHHHH,50,48,1
TTTTHHHH,TTTTHTTT,50,49,1
THTHHHHH,THHHHHHT,50,50,1
HTTTTTTH,TTTTTHTH,50,51,0
HHHTHTTT,HHHTHHHH,50,52,1
HHTTTTHH,HTHHHHHH,50,53,1
HHTTTTHH,THTTTTTT,50,54,1
HHHTHHHH,TTTHTHHH,50,55,0
THHHHHHT,TTHHHHHH,50,56,0
HTTTTTTH,HTTHHHHH,50,57,0
TTTTTTHH,THHHHHHT,50,58,1
HHHTTHHH,THTHHHHH,50,59,1
TTTHTTTT,HHHTHTTT,50,60,0
TTTHTHHH,TTTTHTTT,50,61,0
HHHHTTTT,HTTTTTTT,50,62,1
HHHHHHT,HHHTHHH,50,63,0
HHHTTTTH,HHHHTHHH,50,64,1
HHHTTT,HHHHHT,51,1,0
TTHTTTTT,HTTTTTTH,51,2,0
TTTHTTTT,TTTTHHHH,51,3,0
HTTTTTTT,HHHTTHHH,51,4,0
HHHHHTTH,HTTTTTTH,51,5,0
HHHTTHTT,HHHHTHHH,51,6,0
THHHHHHH,HHHTTHHH,51,7,0
HTTTTTTH,TTTHTTTT,51,8,0
HHHHTTTT,HHHTHHHH,51,9,0
HHHHHHHH,HHHHTTTT,51,10,0
TTTTTHTH,TTTHHTTT,51,11,0
HTTTTTTH,HHHHHHTT,51,12,0
HHHHTTTH,HTTTTTTH,51,13,0
HHHTTHHH,TTTTTTTH,51,14,1
HHHHTHHH,HHHHTTTT,51,15,1
HHHTTHTH,TTTHHTTT,51,16,1
TTTHHTTT,TTTTTTHT,51,17,1
TTTTHHHH,HHHHHHHH,51,18,1
TTTTTTTH,TTTHHTTT,51,19,1
TTTTHHHH,HHHHTHHH,51,20,1
HHHTTHHH,HTHHHHHH,51,21,1
HHHTHTTT,HHHHTHHH,51,22,0
HTHTTTTT,HHHTTHHH,51,23,0
HHHHHHTT,THHHHHHT,51,24,1
TTTTHHHH,HHHTHHHH,51,25,1
HHHTTHHH,HHHHHHHT,51,26,1
THHHTTTT,HTTTTTTH,51,27,1
TTTTTTTT,HHHHTTTT,51,28,1
HTTTTTTH,HHTTTTTT,51,29,1
HTTTTTTH,TTTTHHHT,51,30,0
HHHHTTTT,TTTHTTTT,51,31,1
TTTTTHTH,HHHTTHHH,51,32,0
HHHHTHHH,TTTHTHHH,51,33,1
HHHHHHHT,TTTHHTTT,51,34,1
THHHHHHT,HHTTTTTT,51,35,1
HHHHTTTT,HHHHHHTH,51,36,1
THTHHHHH,HTTTTTTH,51,37,1
TTTTHTTT,HHHHTTTT,51,38,0
TTHHHHHH,HTTTTTTH,51,39,0
HHHTHHH,HTTTTTH,51,40,0
HTTTTTTT,TTTHHTTT,51,41,0
HHHTTHHH,THTTTTTT,51,42,0
TTTTHHHH,TTTTTTTT,51,43,0
TTTTTTHH,HTTTTTTH,51,44,0
HTTTH,THTHT,51,45,1
HTHHHTTT,HHHTHHHH,51,46,1
HHHTHHH,THHHHHT,51,47,1
THHHHHHH,TTTHHTTT,51,48,0
TTTTHTTT,TTTTHHHH,51,49,0
THHHHHHT,THTHHHHH,51,50,0
HTTTTTTH,TTTTTHTH,51,51,0
HHHTHTTT,HHHTHHHH,51,52,0
HHTTTTHH,HTHHHHHH,51,53,0
THTTTTTT,HHTTTTHH,51,54,0
HHHTHHHH,TTTHTHHH,51,55,0
TTHHHHHH,THHHHHHT,51,56,0
HTTTTTTH,HTTHHHHH,51,57,0
TTTTTTHH,THHHHHHT,51,58,0
HHHTTHHH,THTHHHHH,51,59,1
TTTHTTTT,HHHTHTTT,51,60,0
TTTHTHHH,TTTTHTTT,51,61,1
HTTTTTTT,HHHHTTTT,51,62,1
HHHHHHT,HHHTHHH,51,63,1
HHHHTHHH,HHHTTTTH,51,64,1
HHHTTT,HHHHHT,52,1,1
HTTTTTTH,TTHTTTTT,52,2,0
TTTHTTTT,TTTTHHHH,52,3,1
HHHTTHHH,HTTTTTTT,52,4,1
HHHHHTTH,HTTTTTTH,52,5,1
HHHTTHTT,HHHHTHHH,52,6,1
THHHHHHH,HHHTTHHH,52,7,0
TTTHTTTT,HTTTTTTH,52,8,1
HHHHTTTT,HHHTHHHH,52,9,0
HHHHHHHH,HHHHTTTT,52,10,0
TTTHHTTT,TTTTTHTH,52,11,0
HTTTTTTH,HHHHHHTT,52,12,1
HTTTTTTH,HHHHTTTH,52,13,0
TTTTTTTH,HHHTTHHH,52,14,0
HHHHTTTT,HHHHTHHH,52,15,0
HHHTTHTH,TTTHHTTT,52,16,1
TTTTTTHT,TTTHHTTT,52,17,0
TTTTHHHH,HHHHHHHH,52,18,1
TTTHHTTT,TTTTTTTH,52,19,1
HHHHTHHH,TTTTHHHH,52,20,1
HHHTTHHH,HTHHHHHH,52,21,1
HHHHTHHH,HHHTHTTT,52,22,0
HHHTTHHH,HTHTTTTT,52,23,0
THHHHHHT,HHHHHHTT,52,24,1
TTTTHHHH,HHHTHHHH,52,25,0
HHHTTHHH,HHHHHHHT,52,26,1
HTTTTTTH,THHHTTTT,52,27,0
HHHHTTTT,TTTTTTTT,52,28,1
HHTTTTTT,HTTTTTTH,52,29,0
TTTTHHHT,HTTTTTTH,52,30,1
HHHHTTTT,TTTHTTTT,52,31,0
HHHTTHHH,TTTTTHTH,52,32,1
TTTHTHHH,HHHHTHHH,52,33,1
HHHHHHHT,TTTHHTTT,52,34,0
HHTTTTTT,THHHHHHT,52,35,0
HHHHTTTT,HHHHHHTH,52,36,1
THTHHHHH,HTTTTTTH,52,37,1
HHHHTTTT,TTTTHTTT,52,38,0
TTHHHHHH,HTTTTTTH,52,39,0
HHHTHHH,HTTTTTH,52,40,1
HTTTTTTT,TTTHHTTT,52,41,0
THTTTTTT,HHHTTHHH,52,42,0
TTTTTTTT,TTTTHHHH,52,43,0
HTTTTTTH,TTTTTTHH,52,44,1
HTTTH,THTHT,52,45,0
HHHTHHHH,HTHHHTTT,52,46,0
THHHHHT,HHHTHHH,52,47,0
THHHHHHH,TTTHHTTT,52,48,0
TTTTHHHH,TTTTHTTT,52,49,0
THTHHHHH,THHHHHHT,52,50,1
TTTTTHTH,HTTTTTTH,52,51,1
HHHTHTTT,HHHTHHHH,52,52,1
HHTTTTHH,HTHHHHHH,52,53,1
THTTTTTT,HHTTTTHH,52,54,0
TTTHTHHH,HHHTHHHH,52,55,1
TTHHHHHH,THHHHHHT,52,56,0
HTTTTTTH,HTTHHHHH,52,57,0
THHHHHHT,TTTTTTHH,52,58,0
HHHTTHHH,THTHHHHH,52,59,0
HHHTHTTT,TTTHTTTT,52,60,1
TTTHTHHH,TTTTHTTT,52,61,1
HTTTTTTT,HHHHTTTT,52,62,0
HHHHHHT,HHHTHHH,52,63,0
HHHHTHHH,HHHTTTTH,52,64,0
HHHHHT,HHHTTT,53,1,0
TTHTTTTT,HTTTTTTH,53,2,0
TTTHTTTT,TTTTHHHH,53,3,0
HHHTTHHH,HTTTTTTT,53,4,1
HTTTTTTH,HHHHHTTH,53,5,0
HHHTTHTT,HHHHTHHH,53,6,1
THHHHHHH,HHHTTHHH,53,7,0
TTTHTTTT,HTTTTTTH,53,8,1
HHHTHHHH,HHHHTTTT,53,9,0
HHHHTTTT,HHHHHHHH,53,10,1
TTTTTHTH,TTTHHTTT,53,11,1
HTTTTTTH,HHHHHHTT,53,12,0
HHHHTTTH,HTTTTTTH,53,13,1
HHHTTHHH,TTTTTTTH,53,14,1
HHHHTHHH,HHHHTTTT,53,15,0
HHHTTHTH,TTTHHTTT,53,16,1
TTTTTTHT,TTTHHTTT,53,17,0
TTTTHHHH,HHHHHHHH,53,18,1
TTTTTTTH,TTTHHTTT,53,19,0
HHHHTHHH,TTTTHHHH,53,20,0
HTHHHHHH,HHHTTHHH,53,21,0
HHHTHTTT,HHHHTHHH,53,22,1
HHHTTHHH,HTHTTTTT,53,23,1
HHHHHHTT,THHHHHHT,53,24,1
TTTTHHHH,HHHTHHHH,53,25,1
HHHHHHHT,HHHTTHHH,53,26,0
THHHTTTT,HTTTTTTH,53,27,1
TTTTTTTT,HHHHTTTT,53,28,0
HTTTTTTH,HHTTTTTT,53,29,0
HTTTTTTH,TTTTHHHT,53,30,0
TTTHTTTT,HHHHTTTT,53,31,0
HHHTTHHH,TTTTTHTH,53,32,0
HHHHTHHH,TTTHTHHH,53,33,0
HHHHHHHT,TTTHHTTT,53,34,0
HHTTTTTT,THHHHHHT,53,35,1
HHHHHHTH,HHHHTTTT,53,36,0
HTTTTTTH,THTHHHHH,53,37,0
TTTTHTTT,HHHHTTTT,53,38,0
HTTTTTTH,TTHHHHHH,53,39,1
HHHTHHH,HTTTTTH,53,40,0
HTTTTTTT,TTTHHTTT,53,41,0
THTTTTTT,HHHTTHHH,53,42,0
TTTTHHHH,TTTTTTTT,53,43,1
TTTTTTHH,HTTTTTTH,53,44,1
THTHT,HTTTH,53,45,1
HTHHHTTT,HHHTHHHH,53,46,1
HHHTHHH,THHHHHT,53,47,1
THHHHHHH,TTTHHTTT,53,48,0
TTTTHHHH,TTTTHTTT,53,49,1
THHHHHHT,THTHHHHH,53,50,0
HTTTTTTH,TTTTTHTH,53,51,0
HHHTHHHH,HHHTHTTT,53,52,0
HTHHHHHH,HHTTTTHH,53,53,0
HHTTTTHH,THTTTTTT,53,54,1
TTTHTHHH,HHHTHHHH,53,55,1
THHHHHHT,TTHHHHHH,53,56,0
HTTTTTTH,HTTHHHHH,53,57,0
THHHHHHT,TTTTTTHH,53,58,0
HHHTTHHH,THTHHHHH,53,59,0
TTTHTTTT,HHHTHTTT,53,60,0
TTTTHTTT,TTTHTHHH,53,61,0
HHHHTTTT,HTTTTTTT,53,62,1
HHHTHHH,HHHHHHT,53,63,1
HHHHTHHH,HHHTTTTH,53,64,0
HHHTTT,HHHHHT,54,1,1
TTHTTTTT,HTTTTTTH,54,2,1
TTTHTTTT,TTTTHHHH,54,3,0
HTTTTTTT,HHHTTHHH,54,4,0
HTTTTTTH,HHHHHTTH,54,5,0
HHHHTHHH,HHHTTHTT,54,6,0
THHHHHHH,HHHTTHHH,54,7,0
HTTTTTTH,TTTHTTTT,54,8,1
HHHTHHHH,HHHHTTTT,54,9,1
HHHHTTTT,HHHHHHHH,54,10,1
TTTHHTTT,TTTTTHTH,54,11,0
HTTTTTTH,HHHHHHTT,54,12,0
HHHHTTTH,HTTTTTTH,54,13,1
HHHTTHHH,TTTTTTTH,54,14,1
HHHHTHHH,HHHHTTTT,54,15,0
TTTHHTTT,HHHTTHTH,54,16,0
TTTHHTTT,TTTTTTHT,54,17,1
HHHHHHHH,TTTTHHHH,54,18,0
TTTTTTTH,TTTHHTTT,54,19,0
HHHHTHHH,TTTTHHHH,54,20,0
HTHHHHHH,HHHTTHHH,54,21,0
HHHTHTTT,HHHHTHHH,54,22,1
HTHTTTTT,HHHTTHHH,54,23,1
HHHHHHTT,THHHHHHT,54,24,1
TTTTHHHH,HHHTHHHH,54,25,1
HHHHHHHT,HHHTTHHH,54,26,0
THHHTTTT,HTTTTTTH,54,27,1
HHHHTTTT,TTTTTTTT,54,28,1
HHTTTTTT,HTTTTTTH,54,29,1
HTTTTTTH,TTTTHHHT,54,30,0
HHHHTTTT,TTTHTTTT,54,31,1
HHHTTHHH,TTTTTHTH,54,32,1
HHHHTHHH,TTTHTHHH,54,33,0
HHHHHHHT,TTTHHTTT,54,34,0
HHTTTTTT,THHHHHHT,54,35,1
HHHHHHTH,HHHHTTTT,54,36,0
HTTTTTTH,THTHHHHH,54,37,0
HHHHTTTT,TTTTHTTT,54,38,1
HTTTTTTH,TTHHHHHH,54,39,0
HTTTTTH,HHHTHHH,54,40,0
HTTTTTTT,TTTHHTTT,54,41,0
HHHTTHHH,THTTTTTT,54,42,1
TTTTHHHH,TTTTTTTT,54,43,1
TTTTTTHH,HTTTTTTH,54,44,1
THTHT,HTTTH,54,45,1
HTHHHTTT,HHHTHHHH,54,46,1
HHHTHHH,THHHHHT,54,47,0
THHHHHHH,TTTHHTTT,54,48,0
TTTTHHHH,TTTTHTTT,54,49,1
THHHHHHT,THTHHHHH,54,50,0
TTTTTHTH,HTTTTTTH,54,51,1
HHHTHHHH,HHHTHTTT,54,52,0
HHTTTTHH,HTHHHHHH,54,53,1
THTTTTTT,HHTTTTHH,54,54,0
TTTHTHHH,HHHTHHHH,54,55,1
TTHHHHHH,THHHHHHT,54,56,1
HTTHHHHH,HTTTTTTH,54,57,1
THHHHHHT,TTTTTTHH,54,58,0
THTHHHHH,HHHTTHHH,54,59,1
HHHTHTTT,TTTHTTTT,54,60,1
TTTTHTTT,TTTHTHHH,54,61,0
HTTTTTTT,HHHHTTTT,54,62,0
HHHTHHH,HHHHHHT,54,63,1
HHHTTTTH,HHHHTHHH,54,64,1
HHHTTT,HHHHHT,55,1,0
HTTTTTTH,TTHTTTTT,55,2,1
TTTHTTTT,TTTTHHHH,55,3,1
HHHTTHHH,HTTTTTTT,55,4,0
HTTTTTTH,HHHHHTTH,55,5,0
HHHTTHTT,HHHHTHHH,55,6,1
THHHHHHH,HHHTTHHH,55,7,1
TTTHTTTT,HTTTTTTH,55,8,1
HHHTHHHH,HHHHTTTT,55,9,1
HHHHTTTT,HHHHHHHH,55,10,0
TTTTTHTH,TTTHHTTT,55,11,1
HHHHHHTT,HTTTTTTH,55,12,1
HTTTTTTH,HHHHTTTH,55,13,1
HHHTTHHH,TTTTTTTH,55,14,1
HHHHTHHH,HHHHTTTT,55,15,1
TTTHHTTT,HHHTTHTH,55,16,1
TTTHHTTT,TTTTTTHT,55,17,1
HHHHHHHH,TTTTHHHH,55,18,1
TTTTTTTH,TTTHHTTT,55,19,0
HHHHTHHH,TTTTHHHH,55,20,1
HTHHHHHH,HHHTTHHH,55,21,0
HHHHTHHH,HHHTHTTT,55,22,1
HHHTTHHH,HTHTTTTT,55,23,1
THHHHHHT,HHHHHHTT,55,24,0
TTTTHHHH,HHHTHHHH,55,25,0
HHHHHHHT,HHHTTHHH,55,26,1
HTTTTTTH,THHHTTTT,55,27,1
HHHHTTTT,TTTTTTTT,55,28,0
HTTTTTTH,HHTTTTTT,55,29,1
HTTTTTTH,TTTTHHHT,55,30,0
TTTHTTTT,HHHHTTTT,55,31,1
HHHTTHHH,TTTTTHTH,55,32,1
TTTHTHHH,HHHHTHHH,55,33,0
TTTHHTTT,HHHHHHHT,55,34,1
HHTTTTTT,THHHHHHT,55,35,0
HHHHTTTT,HHHHHHTH,55,36,1
THTHHHHH,HTTTTTTH,55,37,1
HHHHTTTT,TTTTHTTT,55,38,0
HTTTTTTH,TTHHHHHH,55,39,1
HHHTHHH,HTTTTTH,55,40,0
TTTHHTTT,HTTTTTTT,55,41,1
THTTTTTT,HHHTTHHH,55,42,0
TTTTTTTT,TTTTHHHH,55,43,0
HTTTTTTH,TTTTTTHH,55,44,1
HTTTH,THTHT,55,45,0
HHHTHHHH,HTHHHTTT,55,46,1
HHHTHHH,THHHHHT,55,47,0
TTTHHTTT,THHHHHHH,55,48,1
TTTTHHHH,TTTTHTTT,55,49,1
THHHHHHT,THTHHHHH,55,50,0
TTTTTHTH,HTTTTTTH,55,51,1
HHHTHHHH,HHHTHTTT,55,52,1
HHTTTTHH,HTHHHHHH,55,53,1
THTTTTTT,HHTTTTHH,55,54,1
TTTHTHHH,HHHTHHHH,55,55,1
THHHHHHT,TTHHHHHH,55,56,0
HTTTTTTH,HTTHHHHH,55,57,0
TTTTTTHH,THHHHHHT,55,58,1
HHHTTHHH,THTHHHHH,55,59,0
TTTHTTTT,HHHTHTTT,55,60,1
TTTTHTTT,TTTHTHHH,55,61,0
HHHHTTTT,HTTTTTTT,55,62,1
HHHTHHH,HHHHHHT,55,63,0
HHHHTHHH,HHHTTTTH,55,64,0
HHHHHT,HHHTTT,56,1,0
HTTTTTTH,TTHTTTTT,56,2,0
TTTTHHHH,TTTHTTTT,56,3,1
HTTTTTTT,HHHTTHHH,56,4,0
HHHHHTTH,HTTTTTTH,56,5,1
HHHHTHHH,HHHTTHTT,56,6,0
HHHTTHHH,THHHHHHH,56,7,1
TTTHTTTT,HTTTTTTH,56,8,1
HHHTHHHH,HHHHTTTT,56,9,0
HHHHTTTT,HHHHHHHH,56,10,1
TTTHHTTT,TTTTTHTH,56,11,1
HTTTTTTH,HHHHHHTT,56,12,1
HHHHTTTH,HTTTTTTH,56,13,1
HHHTTHHH,TTTTTTTH,56,14,1
HHHHTHHH,HHHHTTTT,56,15,1
HHHTTHTH,TTTHHTTT,56,16,0
TTTTTTHT,TTTHHTTT,56,17,0
HHHHHHHH,TTTTHHHH,56,18,0
TTTHHTTT,TTTTTTTH,56,19,1
TTTTHHHH,HHHHTHHH,56,20,1
HTHHHHHH,HHHTTHHH,56,21,0
HHHHTHHH,HHHTHTTT,56,22,0
HHHTTHHH,HTHTTTTT,56,23,0
HHHHHHTT,THHHHHHT,56,24,0
TTTTHHHH,HHHTHHHH,56,25,1
HHHTTHHH,HHHHHHHT,56,26,1
THHHTTTT,HTTTTTTH,56,27,0
HHHHTTTT,TTTTTTTT,56,28,1
HTTTTTTH,HHTTTTTT,56,29,0
HTTTTTTH,TTTTHHHT,56,30,0
HHHHTTTT,TTTHTTTT,56,31,0
TTTTTHTH,HHHTTHHH,56,32,0
HHHHTHHH,TTTHTHHH,56,33,0
TTTHHTTT,HHHHHHHT,56,34,1
THHHHHHT,HHTTTTTT,56,35,1
HHHHHHTH,HHHHTTTT,56,36,0
THTHHHHH,HTTTTTTH,56,37,0
HHHHTTTT,TTTTHTTT,56,38,0
HTTTTTTH,TTHHHHHH,56,39,0
HHHTHHH,HTTTTTH,56,40,1
TTTHHTTT,HTTTTTTT,56,41,1
HHHTTHHH,THTTTTTT,56,42,1
TTTTTTTT,TTTTHHHH,56,43,0
TTTTTTHH,HTTTTTTH,56,44,0
HTTTH,THTHT,56,45,0
HTHHHTTT,HHHTHHHH,56,46,1
THHHHHT,HHHTHHH,56,47,1
THHHHHHH,TTTHHTTT,56,48,0
TTTTHHHH,TTTTHTTT,56,49,0
THTHHHHH,THHHHHHT,56,50,1
TTTTTHTH,HTTTTTTH,56,51,1
HHHTHHHH,HHHTHTTT,56,52,0
HHTTTTHH,HTHHHHHH,56,53,1
THTTTTTT,HHTTTTHH,56,54,0
HHHTHHHH,TTTHTHHH,56,55,0
TTHHHHHH,THHHHHHT,56,56,1
HTTHHHHH,HTTTTTTH,56,57,1
THHHHHHT,TTTTTTHH,56,58,0
THTHHHHH,HHHTTHHH,56,59,0
HHHTHTTT,TTTHTTTT,56,60,1
TTTHTHHH,TTTTHTTT,56,61,1
HTTTTTTT,HHHHTTTT,56,62,0
HHHTHHH,HHHHHHT,56,63,1
HHHTTTTH,HHHHTHHH,56,64,0
HHHHHT,HHHTTT,57,1,1
HTTTTTTH,TTHTTTTT,57,2,0
TTTTHHHH,TTTHTTTT,57,3,0
HHHTTHHH,HTTTTTTT,57,4,1
HHHHHTTH,HTTTTTTH,57,5,1
HHHTTHTT,HHHHTHHH,57,6,1
THHHHHHH,HHHTTHHH,57,7,0
HTTTTTTH,TTTHTTTT,57,8,1
HHHHTTTT,HHHTHHHH,57,9,0
HHHHHHHH,HHHHTTTT,57,10,0
TTTTTHTH,TTTHHTTT,57,11,1
HHHHHHTT,HTTTTTTH,57,12,0
HHHHTTTH,HTTTTTTH,57,13,1
TTTTTTTH,HHHTTHHH,57,14,0
HHHHTHHH,HHHHTTTT,57,15,1
TTTHHTTT,HHHTTHTH,57,16,0
TTTTTTHT,TTTHHTTT,57,17,1
HHHHHHHH,TTTTHHHH,57,18,0
TTTHHTTT,TTTTTTTH,57,19,0
TTTTHHHH,HHHHTHHH,57,20,0
HHHTTHHH,HTHHHHHH,57,21,1
HHHTHTTT,HHHHTHHH,57,22,0
HHHTTHHH,HTHTTTTT,57,23,1
HHHHHHTT,THHHHHHT,57,24,0
HHHTHHHH,TTTTHHHH,57,25,1
HHHTTHHH,HHHHHHHT,57,26,1
THHHTTTT,HTTTTTTH,57,27,1
TTTTTTTT,HHHHTTTT,57,28,1
HHTTTTTT,HTTTTTTH,57,29,0
HTTTTTTH,TTTTHHHT,57,30,0
HHHHTTTT,TTTHTTTT,57,31,0
TTTTTHTH,HHHTTHHH,57,32,0
HHHHTHHH,TTTHTHHH,57,33,1
TTTHHTTT,HHHHHHHT,57,34,1
THHHHHHT,HHTTTTTT,57,35,1
HHHHTTTT,HHHHHHTH,57,36,0
THTHHHHH,HTTTTTTH,57,37,0
HHHHTTTT,TTTTHTTT,57,38,1
TTHHHHHH,HTTTTTTH,57,39,1
HHHTHHH,HTTTTTH,57,40,0
TTTHHTTT,HTTTTTTT,57,41,1
HHHTTHHH,THTTTTTT,57,42,1
TTTTHHHH,TTTTTTTT,57,43,0
TTTTTTHH,HTTTTTTH,57,44,1
HTTTH,THTHT,57,45,1
HTHHHTTT,HHHTHHHH,57,46,0
HHHTHHH,THHHHHT,57,47,1
TTTHHTTT,THHHHHHH,57,48,1
TTTTHHHH,TTTTHTTT,57,49,1
THTHHHHH,THHHHHHT,57,50,1
HTTTTTTH,TTTTTHTH,57,51,0
HHHTHTTT,HHHTHHHH,57,52,0
HTHHHHHH,HHTTTTHH,57,53,0
HHTTTTHH,THTTTTTT,57,54,1
HHHTHHHH,TTTHTHHH,57,55,1
THHHHHHT,TTHHHHHH,57,56,1
HTTTTTTH,HTTHHHHH,57,57,0
TTTTTTHH,THHHHHHT,57,58,0
THTHHHHH,HHHTTHHH,57,59,1
HHHTHTTT,TTTHTTTT,57,60,1
TTTHTHHH,TTTTHTTT,57,61,0
HTTTTTTT,HHHHTTTT,57,62,0
HHHTHHH,HHHHHHT,57,63,1
HHHTTTTH,HHHHTHHH,57,64,1
HHHTTT,HHHHHT,58,1,0
TTHTTTTT,HTTTTTTH,58,2,1
TTTHTTTT,TTTTHHHH,58,3,0
HHHTTHHH,HTTTTTTT,58,4,0
HTTTTTTH,HHHHHTTH,58,5,0
HHHHTHHH,HHHTTHTT,58,6,0
HHHTTHHH,THHHHHHH,58,7,0
HTTTTTTH,TTTHTTTT,58,8,1
HHHHTTTT,HHHTHHHH,58,9,0
HHHHTTTT,HHHHHHHH,58,10,1
TTTHHTTT,TTTTTHTH,58,11,0
HTTTTTTH,HHHHHHTT,58,12,1
HTTTTTTH,HHHHTTTH,58,13,0
HHHTTHHH,TTTTTTTH,58,14,1
HHHHTHHH,HHHHTTTT,58,15,0
TTTHHTTT,HHHTTHTH,58,16,0
TTTHHTTT,TTTTTTHT,58,17,1
TTTTHHHH,HHHHHHHH,58,18,0
TTTHHTTT,TTTTTTTH,58,19,0
TTTTHHHH,HHHHTHHH,58,20,0
HHHTTHHH,HTHHHHHH,58,21,1
HHHTHTTT,HHHHTHHH,58,22,1
HTHTTTTT,HHHTTHHH,58,23,0
THHHHHHT,HHHHHHTT,58,24,1
TTTTHHHH,HHHTHHHH,58,25,0
HHHTTHHH,HHHHHHHT,58,26,0
HTTTTTTH,THHHTTTT,58,27,0
HHHHTTTT,TTTTTTTT,58,28,0
HTTTTTTH,HHTTTTTT,58,29,1
HTTTTTTH,TTTTHHHT,58,30,0
TTTHTTTT,HHHHTTTT,58,31,1
TTTTTHTH,HHHTTHHH,58,32,0
HHHHTHHH,TTTHTHHH,58,33,0
TTTHHTTT,HHHHHHHT,58,34,0
THHHHHHT,HHTTTTTT,58,35,0
HHHHTTTT,HHHHHHTH,58,36,0
HTTTTTTH,THTHHHHH,58,37,0
HHHHTTTT,TTTTHTTT,58,38,0
TTHHHHHH,HTTTTTTH,58,39,1
HTTTTTH,HHHTHHH,58,40,0
HTTTTTTT,TTTHHTTT,58,41,0
THTTTTTT,HHHTTHHH,58,42,1
TTTTHHHH,TTTTTTTT,58,43,1
HTTTTTTH,TTTTTTHH,58,44,0
THTHT,HTTTH,58,45,0
HHHTHHHH,HTHHHTTT,58,46,1
THHHHHT,HHHTHHH,58,47,1
THHHHHHH,TTTHHTTT,58,48,0
TTTTHHHH,TTTTHTTT,58,49,0
THTHHHHH,THHHHHHT,58,50,1
TTTTTHTH,HTTTTTTH,58,51,0
HHHTHHHH,HHHTHTTT,58,52,0
HTHHHHHH,HHTTTTHH,58,53,1
HHTTTTHH,THTTTTTT,58,54,0
HHHTHHHH,TTTHTHHH,58,55,0
THHHHHHT,TTHHHHHH,58,56,0
HTTHHHHH,HTTTTTTH,58,57,1
THHHHHHT,TTTTTTHH,58,58,0
THTHHHHH,HHHTTHHH,58,59,1
HHHTHTTT,TTTHTTTT,58,60,1
TTTTHTTT,TTTHTHHH,58,61,1
HHHHTTTT,HTTTTTTT,58,62,0
HHHHHHT,HHHTHHH,58,63,0
HHHHTHHH,HHHTTTTH,58,64,1
HHHTTT,HHHHHT,59,1,0
HTTTTTTH,TTHTTTTT,59,2,1
TTTHTTTT,TTTTHHHH,59,3,0
HTTTTTTT,HHHTTHHH,59,4,0
HHHHHTTH,HTTTTTTH,59,5,1
HHHTTHTT,HHHHTHHH,59,6,1
HHHTTHHH,THHHHHHH,59,7,1
HTTTTTTH,TTTHTTTT,59,8,0
HHHTHHHH,HHHHTTTT,59,9,1
HHHHTTTT,HHHHHHHH,59,10,1
TTTTTHTH,TTTHHTTT,59,11,1
HTTTTTTH,HHHHHHTT,59,12,1
HTTTTTTH,HHHHTTTH,59,13,0
HHHTTHHH,TTTTTTTH,59,14,1
HHHHTHHH,HHHHTTTT,59,15,1
HHHTTHTH,TTTHHTTT,59,16,1
TTTHHTTT,TTTTTTHT,59,17,1
HHHHHHHH,TTTTHHHH,59,18,0
TTTTTTTH,TTTHHTTT,59,19,0
HHHHTHHH,TTTTHHHH,59,20,0
HHHTTHHH,HTHHHHHH,59,21,1
HHHTHTTT,HHHHTHHH,59,22,1
HHHTTHHH,HTHTTTTT,59,23,1
THHHHHHT,HHHHHHTT,59,24,1
TTTTHHHH,HHHTHHHH,59,25,1
HHHTTHHH,HHHHHHHT,59,26,1
HTTTTTTH,THHHTTTT,59,27,0
TTTTTTTT,HHHHTTTT,59,28,0
HHTTTTTT,HTTTTTTH,59,29,0
HTTTTTTH,TTTTHHHT,59,30,0
HHHHTTTT,TTTHTTTT,59,31,1
HHHTTHHH,TTTTTHTH,59,32,0
TTTHTHHH,HHHHTHHH,59,33,1
HHHHHHHT,TTTHHTTT,59,34,0
THHHHHHT,HHTTTTTT,59,35,1
HHHHHHTH,HHHHTTTT,59,36,0
THTHHHHH,HTTTTTTH,59,37,1
HHHHTTTT,TTTTHTTT,59,38,0
TTHHHHHH,HTTTTTTH,59,39,0
HTTTTTH,HHHTHHH,59,40,0
TTTHHTTT,HTTTTTTT,59,41,1
THTTTTTT,HHHTTHHH,59,42,0
TTTTHHHH,TTTTTTTT,59,43,1
TTTTTTHH,HTTTTTTH,59,44,0
HTTTH,THTHT,59,45,0
HTHHHTTT,HHHTHHHH,59,46,1
THHHHHT,HHHTHHH,59,47,1
THHHHHHH,TTTHHTTT,59,48,0
TTTTHTTT,TTTTHHHH,59,49,1
THHHHHHT,THTHHHHH,59,50,0
HTTTTTTH,TTTTTHTH,59,51,0
HHHTHHHH,HHHTHTTT,59,52,0
HHTTTTHH,HTHHHHHH,59,53,1
HHTTTTHH,THTTTTTT,59,54,1
TTTHTHHH,HHHTHHHH,59,55,1
TTHHHHHH,THHHHHHT,59,56,0
HTTTTTTH,HTTHHHHH,59,57,0
THHHHHHT,TTTTTTHH,59,58,1
HHHTTHHH,THTHHHHH,59,59,0
HHHTHTTT,TTTHTTTT,59,60,1
TTTHTHHH,TTTTHTTT,59,61,1
HHHHTTTT,HTTTTTTT,59,62,0
HHHHHHT,HHHTHHH,59,63,0
HHHHTHHH,HHHTTTTH,59,64,0
HHHHHT,HHHTTT,60,1,1
TTHTTTTT,HTTTTTTH,60,2,1
TTTTHHHH,TTTHTTTT,60,3,0
HTTTTTTT,HHHTTHHH,60,4,0
HTTTTTTH,HHHHHTTH,60,5,0
HHHTTHTT,HHHHTHHH,60,6,1
HHHTTHHH,THHHHHHH,60,7,1
TTTHTTTT,HTTTTTTH,60,8,0
HHHHTTTT,HHHTHHHH,60,9,0
HHHHHHHH,HHHHTTTT,60,10,1
TTTHHTTT,TTTTTHTH,60,11,0
HTTTTTTH,HHHHHHTT,60,12,1
HHHHTTTH,HTTTTTTH,60,13,1
HHHTTHHH,TTTTTTTH,60,14,1
HHHHTTTT,HHHHTHHH,60,15,0
HHHTTHTH,TTTHHTTT,60,16,1
TTTTTTHT,TTTHHTTT,60,17,0
TTTTHHHH,HHHHHHHH,60,18,0
TTTTTTTH,TTTHHTTT,60,19,0
HHHHTHHH,TTTTHHHH,60,20,1
HHHTTHHH,HTHHHHHH,60,21,1
HHHHTHHH,HHHTHTTT,60,22,0
HTHTTTTT,HHHTTHHH,60,23,1
HHHHHHTT,THHHHHHT,60,24,0
HHHTHHHH,TTTTHHHH,60,25,0
HHHHHHHT,HHHTTHHH,60,26,0
HTTTTTTH,THHHTTTT,60,27,0
HHHHTTTT,TTTTTTTT,60,28,0
HHTTTTTT,HTTTTTTH,60,29,1
HTTTTTTH,TTTTHHHT,60,30,0
TTTHTTTT,HHHHTTTT,60,31,1
HHHTTHHH,TTTTTHTH,60,32,0
HHHHTHHH,TTTHTHHH,60,33,0
HHHHHHHT,TTTHHTTT,60,34,0
THHHHHHT,HHTTTTTT,60,35,1
HHHHTTTT,HHHHHHTH,60,36,0
HTTTTTTH,THTHHHHH,60,37,0
TTTTHTTT,HHHHTTTT,60,38,1
HTTTTTTH,TTHHHHHH,60,39,0
HTTTTTH,HHHTHHH,60,40,0
TTTHHTTT,HTTTTTTT,60,41,1
THTTTTTT,HHHTTHHH,60,42,0
TTTTHHHH,TTTTTTTT,60,43,0
TTTTTTHH,HTTTTTTH,60,44,1
THTHT,HTTTH,60,45,1
HHHTHHHH,HTHHHTTT,60,46,0
THHHHHT,HHHTHHH,60,47,0
TTTHHTTT,THHHHHHH,60,48,1
TTTTHHHH,TTTTHTTT,60,49,0
THTHHHHH,THHHHHHT,60,50,1
HTTTTTTH,TTTTTHTH,60,51,1
HHHTHHHH,HHHTHTTT,60,52,0
HTHHHHHH,HHTTTTHH,60,53,0
THTTTTTT,HHTTTTHH,60,54,1
TTTHTHHH,HHHTHHHH,60,55,1
TTHHHHHH,THHHHHHT,60,56,0
HTTTTTTH,HTTHHHHH,60,57,0
TTTTTTHH,THHHHHHT,60,58,0
HHHTTHHH,THTHHHHH,60,59,0
TTTHTTTT,HHHTHTTT,60,60,0
TTTHTHHH,TTTTHTTT,60,61,1
HTTTTTTT,HHHHTTTT,60,62,1
HHHTHHH,HHHHHHT,60,63,1
HHHTTTTH,HHHHTHHH,60,64,1
HHHHHT,HHHTTT,26,1,0
TTHTTTTT,HTTTTTTH,26,2,0
TTTHTTTT,TTTTHHHH,26,3,1
HHHTTHHH,HTTTTTTT,26,4,1
HHHHHTTH,HTTTTTTH,26,5,1
HHHTTHTT,HHHHTHHH,26,6,1
HHHTTHHH,THHHHHHH,26,7,1
TTTHTTTT,HTTTTTTH,26,8,1
HHHHTTTT,HHHTHHHH,26,9,0
HHHHHHHH,HHHHTTTT,26,10,0
TTTHHTTT,TTTTTHTH,26,11,0
HHHHHHTT,HTTTTTTH,26,12,1
HHHHTTTH,HTTTTTTH,26,13,1
TTTTTTTH,HHHTTHHH,26,14,0
HHHHTHHH,HHHHTTTT,26,15,1
TTTHHTTT,HHHTTHTH,26,16,0
TTTTTTHT,TTTHHTTT,26,17,0
TTTTHHHH,HHHHHHHH,26,18,1
TTTHHTTT,TTTTTTTH,26,19,1
TTTTHHHH,HHHHTHHH,26,20,0
HTHHHHHH,HHHTTHHH,26,21,0
HHHTHTTT,HHHHTHHH,26,22,1
HHHTTHHH,HTHTTTTT,26,23,1
HHHHHHTT,THHHHHHT,26,24,1
TTTTHHHH,HHHTHHHH,26,25,0
HHHHHHHT,HHHTTHHH,26,26,0
HTTTTTTH,THHHTTTT,26,27,0
TTTTTTTT,HHHHTTTT,26,28,0
HTTTTTTH,HHTTTTTT,26,29,0
TTTTHHHT,HTTTTTTH,26,30,1
TTTHTTTT,HHHHTTTT,26,31,1
HHHTTHHH,TTTTTHTH,26,32,0
HHHHTHHH,TTTHTHHH,26,33,0
HHHHHHHT,TTTHHTTT,26,34,0
THHHHHHT,HHTTTTTT,26,35,0
HHHHTTTT,HHHHHHTH,26,36,0
HTTTTTTH,THTHHHHH,26,37,0
TTTTHTTT,HHHHTTTT,26,38,1
TTHHHHHH,HTTTTTTH,26,39,0
HTTTTTH,HHHTHHH,26,40,0
HTTTTTTT,TTTHHTTT,26,41,0
THTTTTTT,HHHTTHHH,26,42,0
TTTTTTTT,TTTTHHHH,26,43,0
HTTTTTTH,TTTTTTHH,26,44,1
HTTTH,THTHT,26,45,0
HHHTHHHH,HTHHHTTT,26,46,0
HHHTHHH,THHHHHT,26,47,0
THHHHHHH,TTTHHTTT,26,48,0
TTTTHHHH,TTTTHTTT,26,49,0
THHHHHHT,THTHHHHH,26,50,0
TTTTTHTH,HTTTTTTH,26,51,1
HHHTHHHH,HHHTHTTT,26,52,0
HTHHHHHH,HHTTTTHH,26,53,0
HHTTTTHH,THTTTTTT,26,54,1
HHHTHHHH,TTTHTHHH,26,55,0
TTHHHHHH,THHHHHHT,26,56,1
HTTHHHHH,HTTTTTTH,26,57,1
TTTTTTHH,THHHHHHT,26,58,1
HHHTTHHH,THTHHHHH,26,59,1
TTTHTTTT,HHHTHTTT,26,60,0
TTTHTHHH,TTTTHTTT,26,61,1
HHHHTTTT,HTTTTTTT,26,62,0
HHHHHHT,HHHTHHH,26,63,0
HHHTTTTH,HHHHTHHH,26,64,1
HHHTTT,HHHHHT,61,1,1
TTHTTTTT,HTTTTTTH,61,2,1
TTTHTTTT,TTTTHHHH,61,3,1
HHHTTHHH,HTTTTTTT,61,4,1
HHHHHTTH,HTTTTTTH,61,5,1
HHHHTHHH,HHHTTHTT,61,6,0
THHHHHHH,HHHTTHHH,61,7,0
HTTTTTTH,TTTHTTTT,61,8,0
HHHTHHHH,HHHHTTTT,61,9,1
HHHHHHHH,HHHHTTTT,61,10,0
TTTHHTTT,TTTTTHTH,61,11,0
HHHHHHTT,HTTTTTTH,61,12,0
HHHHTTTH,HTTTTTTH,61,13,1
TTTTTTTH,HHHTTHHH,61,14,0
HHHHTHHH,HHHHTTTT,61,15,1
HHHTTHTH,TTTHHTTT,61,16,1
TTTHHTTT,TTTTTTHT,61,17,1
HHHHHHHH,TTTTHHHH,61,18,0
TTTTTTTH,TTTHHTTT,61,19,0
HHHHTHHH,TTTTHHHH,61,20,0
HHHTTHHH,HTHHHHHH,61,21,1
HHHHTHHH,HHHTHTTT,61,22,0
HHHTTHHH,HTHTTTTT,61,23,0
THHHHHHT,HHHHHHTT,61,24,1
TTTTHHHH,HHHTHHHH,61,25,0
HHHTTHHH,HHHHHHHT,61,26,1
THHHTTTT,HTTTTTTH,61,27,1
TTTTTTTT,HHHHTTTT,61,28,0
HHTTTTTT,HTTTTTTH,61,29,1
TTTTHHHT,HTTTTTTH,61,30,1
HHHHTTTT,TTTHTTTT,61,31,0
TTTTTHTH,HHHTTHHH,61,32,0
TTTHTHHH,HHHHTHHH,61,33,1
TTTHHTTT,HHHHHHHT,61,34,1
THHHHHHT,HHTTTTTT,61,35,0
HHHHTTTT,HHHHHHTH,61,36,0
HTTTTTTH,THTHHHHH,61,37,0
HHHHTTTT,TTTTHTTT,61,38,0
HTTTTTTH,TTHHHHHH,61,39,0
HHHTHHH,HTTTTTH,61,40,1
TTTHHTTT,HTTTTTTT,61,41,1
THTTTTTT,HHHTTHHH,61,42,1
TTTTTTTT,TTTTHHHH,61,43,0
TTTTTTHH,HTTTTTTH,61,44,1
HTTTH,THTHT,61,45,0
HTHHHTTT,HHHTHHHH,61,46,1
HHHTHHH,THHHHHT,61,47,0
TTTHHTTT,THHHHHHH,61,48,1
TTTTHHHH,TTTTHTTT,61,49,0
THTHHHHH,THHHHHHT,61,50,1
HTTTTTTH,TTTTTHTH,61,51,0
HHHTHHHH,HHHTHTTT,61,52,0
HTHHHHHH,HHTTTTHH,61,53,0
HHTTTTHH,THTTTTTT,61,54,0
HHHTHHHH,TTTHTHHH,61,55,0
TTHHHHHH,THHHHHHT,61,56,1
HTTHHHHH,HTTTTTTH,61,57,1
TTTTTTHH,THHHHHHT,61,58,1
HHHTTHHH,THTHHHHH,61,59,0
TTTHTTTT,HHHTHTTT,61,60,0
TTTTHTTT,TTTHTHHH,61,61,0
HTTTTTTT,HHHHTTTT,61,62,0
HHHHHHT,HHHTHHH,61,63,1
HHHHTHHH,HHHTTTTH,61,64,0
HHHHHT,HHHTTT,62,1,0
HTTTTTTH,TTHTTTTT,62,2,0
TTTHTTTT,TTTTHHHH,62,3,1
HHHTTHHH,HTTTTTTT,62,4,0
HHHHHTTH,HTTTTTTH,62,5,1
HHHTTHTT,HHHHTHHH,62,6,0
THHHHHHH,HHHTTHHH,62,7,1
TTTHTTTT,HTTTTTTH,62,8,0
HHHTHHHH,HHHHTTTT,62,9,1
HHHHHHHH,HHHHTTTT,62,10,0
TTTTTHTH,TTTHHTTT,62,11,1
HTTTTTTH,HHHHHHTT,62,12,0
HHHHTTTH,HTTTTTTH,62,13,1
TTTTTTTH,HHHTTHHH,62,14,1
HHHHTHHH,HHHHTTTT,62,15,1
TTTHHTTT,HHHTTHTH,62,16,0
TTTTTTHT,TTTHHTTT,62,17,1
TTTTHHHH,HHHHHHHH,62,18,0
TTTTTTTH,TTTHHTTT,62,19,1
TTTTHHHH,HHHHTHHH,62,20,0
HHHTTHHH,HTHHHHHH,62,21,0
HHHTHTTT,HHHHTHHH,62,22,0
HHHTTHHH,HTHTTTTT,62,23,0
THHHHHHT,HHHHHHTT,62,24,0
TTTTHHHH,HHHTHHHH,62,25,0
HHHTTHHH,HHHHHHHT,62,26,0
THHHTTTT,HTTTTTTH,62,27,1
TTTTTTTT,HHHHTTTT,62,28,0
HTTTTTTH,HHTTTTTT,62,29,0
TTTTHHHT,HTTTTTTH,62,30,1
HHHHTTTT,TTTHTTTT,62,31,0
HHHTTHHH,TTTTTHTH,62,32,0
HHHHTHHH,TTTHTHHH,62,33,0
HHHHHHHT,TTTHHTTT,62,34,1
HHTTTTTT,THHHHHHT,62,35,1
HHHHHHTH,HHHHTTTT,62,36,1
THTHHHHH,HTTTTTTH,62,37,1
HHHHTTTT,TTTTHTTT,62,38,0
TTHHHHHH,HTTTTTTH,62,39,1
HTTTTTH,HHHTHHH,62,40,1
HTTTTTTT,TTTHHTTT,62,41,1
THTTTTTT,HHHTTHHH,62,42,1
TTTTTTTT,TTTTHHHH,62,43,1
TTTTTTHH,HTTTTTTH,62,44,1
HTTTH,THTHT,62,45,1
HTHHHTTT,HHHTHHHH,62,46,1
HHHTHHH,THHHHHT,62,47,1
TTTHHTTT,THHHHHHH,62,48,0
TTTTHTTT,TTTTHHHH,62,49,1
THHHHHHT,THTHHHHH,62,50,0
HTTTTTTH,TTTTTHTH,62,51,0
HHHTHHHH,HHHTHTTT,62,52,1
HTHHHHHH,HHTTTTHH,62,53,1
THTTTTTT,HHTTTTHH,62,54,1
HHHTHHHH,TTTHTHHH,62,55,0
TTHHHHHH,THHHHHHT,62,56,1
HTTHHHHH,HTTTTTTH,62,57,1
THHHHHHT,TTTTTTHH,62,58,0
HHHTTHHH,THTHHHHH,62,59,0
HHHTHTTT,TTTHTTTT,62,60,0
TTTHTHHH,TTTTHTTT,62,61,0
HHHHTTTT,HTTTTTTT,62,62,0
HHHHHHT,HHHTHHH,62,63,1
HHHHTHHH,HHHTTTTH,62,64,1
HHHTTT,HHHHHT,63,1,1
TTHTTTTT,HTTTTTTH,63,2,0
TTTTHHHH,TTTHTTTT,63,3,1
HTTTTTTT,HHHTTHHH,63,4,0
HHHHHTTH,HTTTTTTH,63,5,1
HHHHTHHH,HHHTTHTT,63,6,0
THHHHHHH,HHHTTHHH,63,7,0
TTTHTTTT,HTTTTTTH,63,8,1
HHHHTTTT,HHHTHHHH,63,9,0
HHHHTTTT,HHHHHHHH,63,10,1
TTTTTHTH,TTTHHTTT,63,11,0
HHHHHHTT,HTTTTTTH,63,12,0
HTTTTTTH,HHHHTTTH,63,13,0
HHHTTHHH,TTTTTTTH,63,14,1
HHHHTHHH,HHHHTTTT,63,15,1
HHHTTHTH,TTTHHTTT,63,16,1
TTTHHTTT,TTTTTTHT,63,17,1
HHHHHHHH,TTTTHHHH,63,18,0
TTTHHTTT,TTTTTTTH,63,19,1
HHHHTHHH,TTTTHHHH,63,20,0
HTHHHHHH,HHHTTHHH,63,21,0
HHHTHTTT,HHHHTHHH,63,22,1
HHHTTHHH,HTHTTTTT,63,23,0
THHHHHHT,HHHHHHTT,63,24,1
TTTTHHHH,HHHTHHHH,63,25,1
HHHHHHHT,HHHTTHHH,63,26,0
HTTTTTTH,THHHTTTT,63,27,0
TTTTTTTT,HHHHTTTT,63,28,0
HHTTTTTT,HTTTTTTH,63,29,1
TTTTHHHT,HTTTTTTH,63,30,1
HHHHTTTT,TTTHTTTT,63,31,1
TTTTTHTH,HHHTTHHH,63,32,1
TTTHTHHH,HHHHTHHH,63,33,1
TTTHHTTT,HHHHHHHT,63,34,1
HHTTTTTT,THHHHHHT,63,35,1
HHHHTTTT,HHHHHHTH,63,36,1
THTHHHHH,HTTTTTTH,63,37,1
HHHHTTTT,TTTTHTTT,63,38,0
HTTTTTTH,TTHHHHHH,63,39,0
HHHTHHH,HTTTTTH,63,40,1
HTTTTTTT,TTTHHTTT,63,41,0
THTTTTTT,HHHTTHHH,63,42,0
TTTTHHHH,TTTTTTTT,63,43,1
TTTTTTHH,HTTTTTTH,63,44,1
HTTTH,THTHT,63,45,1
HHHTHHHH,HTHHHTTT,63,46,1
THHHHHT,HHHTHHH,63,47,0
TTTHHTTT,THHHHHHH,63,48,1
TTTTHHHH,TTTTHTTT,63,49,1
THTHHHHH,THHHHHHT,63,50,1
HTTTTTTH,TTTTTHTH,63,51,1
HHHTHTTT,HHHTHHHH,63,52,1
HHTTTTHH,HTHHHHHH,63,53,1
HHTTTTHH,THTTTTTT,63,54,1
HHHTHHHH,TTTHTHHH,63,55,0
TTHHHHHH,THHHHHHT,63,56,1
HTTTTTTH,HTTHHHHH,63,57,0
THHHHHHT,TTTTTTHH,63,58,1
HHHTTHHH,THTHHHHH,63,59,1
HHHTHTTT,TTTHTTTT,63,60,1
TTTHTHHH,TTTTHTTT,63,61,1
HHHHTTTT,HTTTTTTT,63,62,0
HHHTHHH,HHHHHHT,63,63,1
HHHHTHHH,HHHTTTTH,63,64,1
HHHHHT,HHHTTT,64,1,0
TTHTTTTT,HTTTTTTH,64,2,1
TTTHTTTT,TTTTHHHH,64,3,1
HTTTTTTT,HHHTTHHH,64,4,0
HTTTTTTH,HHHHHTTH,64,5,0
HHHHTHHH,HHHTTHTT,64,6,0
THHHHHHH,HHHTTHHH,64,7,0
TTTHTTTT,HTTTTTTH,64,8,1
HHHHTTTT,HHHTHHHH,64,9,0
HHHHHHHH,HHHHTTTT,64,10,0
TTTTTHTH,TTTHHTTT,64,11,0
HHHHHHTT,HTTTTTTH,64,12,0
HTTTTTTH,HHHHTTTH,64,13,0
TTTTTTTH,HHHTTHHH,64,14,0
HHHHTHHH,HHHHTTTT,64,15,1
TTTHHTTT,HHHTTHTH,64,16,0
TTTTTTHT,TTTHHTTT,64,17,1
HHHHHHHH,TTTTHHHH,64,18,0
TTTHHTTT,TTTTTTTH,64,19,1
HHHHTHHH,TTTTHHHH,64,20,0
HTHHHHHH,HHHTTHHH,64,21,0
HHHTHTTT,HHHHTHHH,64,22,1
HTHTTTTT,HHHTTHHH,64,23,1
HHHHHHTT,THHHHHHT,64,24,0
TTTTHHHH,HHHTHHHH,64,25,0
HHHHHHHT,HHHTTHHH,64,26,0
THHHTTTT,HTTTTTTH,64,27,1
TTTTTTTT,HHHHTTTT,64,28,0
HTTTTTTH,HHTTTTTT,64,29,1
TTTTHHHT,HTTTTTTH,64,30,1
HHHHTTTT,TTTHTTTT,64,31,0
HHHTTHHH,TTTTTHTH,64,32,0
HHHHTHHH,TTTHTHHH,64,33,0
HHHHHHHT,TTTHHTTT,64,34,0
THHHHHHT,HHTTTTTT,64,35,0
HHHHTTTT,HHHHHHTH,64,36,1
HTTTTTTH,THTHHHHH,64,37,0
TTTTHTTT,HHHHTTTT,64,38,1
HTTTTTTH,TTHHHHHH,64,39,1
HHHTHHH,HTTTTTH,64,40,0
HTTTTTTT,TTTHHTTT,64,41,0
THTTTTTT,HHHTTHHH,64,42,1
TTTTHHHH,TTTTTTTT,64,43,1
HTTTTTTH,TTTTTTHH,64,44,1
HTTTH,THTHT,64,45,0
HTHHHTTT,HHHTHHHH,64,46,1
HHHTHHH,THHHHHT,64,47,0
THHHHHHH,TTTHHTTT,64,48,0
TTTTHHHH,TTTTHTTT,64,49,0
THHHHHHT,THTHHHHH,64,50,0
TTTTTHTH,HTTTTTTH,64,51,1
HHHTHHHH,HHHTHTTT,64,52,0
HTHHHHHH,HHTTTTHH,64,53,0
THTTTTTT,HHTTTTHH,64,54,0
TTTHTHHH,HHHTHHHH,64,55,1
TTHHHHHH,THHHHHHT,64,56,1
HTTHHHHH,HTTTTTTH,64,57,0
THHHHHHT,TTTTTTHH,64,58,0
HHHTTHHH,THTHHHHH,64,59,0
TTTHTTTT,HHHTHTTT,64,60,0
TTTHTHHH,TTTTHTTT,64,61,0
HTTTTTTT,HHHHTTTT,64,62,0
HHHHHHT,HHHTHHH,64,63,0
HHHTTTTH,HHHHTHHH,64,64,1
HHHTTT,HHHHHT,65,1,0
TTHTTTTT,HTTTTTTH,65,2,0
TTTTHHHH,TTTHTTTT,65,3,0
HTTTTTTT,HHHTTHHH,65,4,0
HTTTTTTH,HHHHHTTH,65,5,0
HHHTTHTT,HHHHTHHH,65,6,1
THHHHHHH,HHHTTHHH,65,7,0
TTTHTTTT,HTTTTTTH,65,8,0
HHHHTTTT,HHHTHHHH,65,9,0
HHHHHHHH,HHHHTTTT,65,10,1
TTTTTHTH,TTTHHTTT,65,11,1
HTTTTTTH,HHHHHHTT,65,12,1
HTTTTTTH,HHHHTTTH,65,13,0
TTTTTTTH,HHHTTHHH,65,14,0
HHHHTHHH,HHHHTTTT,65,15,1
HHHTTHTH,TTTHHTTT,65,16,1
TTTHHTTT,TTTTTTHT,65,17,0
TTTTHHHH,HHHHHHHH,65,18,1
TTTHHTTT,TTTTTTTH,65,19,1
TTTTHHHH,HHHHTHHH,65,20,0
HTHHHHHH,HHHTTHHH,65,21,1
HHHTHTTT,HHHHTHHH,65,22,1
HTHTTTTT,HHHTTHHH,65,23,1
THHHHHHT,HHHHHHTT,65,24,0
TTTTHHHH,HHHTHHHH,65,25,0
HHHHHHHT,HHHTTHHH,65,26,1
HTTTTTTH,THHHTTTT,65,27,0
TTTTTTTT,HHHHTTTT,65,28,0
HHTTTTTT,HTTTTTTH,65,29,1
TTTTHHHT,HTTTTTTH,65,30,1
HHHHTTTT,TTTHTTTT,65,31,0
HHHTTHHH,TTTTTHTH,65,32,0
HHHHTHHH,TTTHTHHH,65,33,0
HHHHHHHT,TTTHHTTT,65,34,0
THHHHHHT,HHTTTTTT,65,35,0
HHHHTTTT,HHHHHHTH,65,36,0
THTHHHHH,HTTTTTTH,65,37,1
TTTTHTTT,HHHHTTTT,65,38,1
HTTTTTTH,TTHHHHHH,65,39,0
HTTTTTH,HHHTHHH,65,40,0
HTTTTTTT,TTTHHTTT,65,41,0
THTTTTTT,HHHTTHHH,65,42,1
TTTTTTTT,TTTTHHHH,65,43,0
TTTTTTHH,HTTTTTTH,65,44,1
HTTTH,THTHT,65,45,0
HHHTHHHH,HTHHHTTT,65,46,0
HHHTHHH,THHHHHT,65,47,1
THHHHHHH,TTTHHTTT,65,48,0
TTTTHHHH,TTTTHTTT,65,49,0
THHHHHHT,THTHHHHH,65,50,0
TTTTTHTH,HTTTTTTH,65,51,1
HHHTHTTT,HHHTHHHH,65,52,1
HTHHHHHH,HHTTTTHH,65,53,1
THTTTTTT,HHTTTTHH,65,54,1
HHHTHHHH,TTTHTHHH,65,55,0
THHHHHHT,TTHHHHHH,65,56,0
HTTHHHHH,HTTTTTTH,65,57,1
THHHHHHT,TTTTTTHH,65,58,0
HHHTTHHH,THTHHHHH,65,59,0
HHHTHTTT,TTTHTTTT,65,60,1
TTTTHTTT,TTTHTHHH,65,61,0
HTTTTTTT,HHHHTTTT,65,62,0
HHHTHHH,HHHHHHT,65,63,0
HHHHTHHH,HHHTTTTH,65,64,0
HHHHHT,HHHTTT,66,1,0
HTTTTTTH,TTHTTTTT,66,2,1
TTTHTTTT,TTTTHHHH,66,3,0
HHHTTHHH,HTTTTTTT,66,4,1
HHHHHTTH,HTTTTTTH,66,5,0
HHHTTHTT,HHHHTHHH,66,6,1
THHHHHHH,HHHTTHHH,66,7,0
TTTHTTTT,HTTTTTTH,66,8,0
HHHTHHHH,HHHHTTTT,66,9,0
HHHHTTTT,HHHHHHHH,66,10,1
TTTHHTTT,TTTTTHTH,66,11,0
HTTTTTTH,HHHHHHTT,66,12,1
HHHHTTTH,HTTTTTTH,66,13,1
TTTTTTTH,HHHTTHHH,66,14,0
HHHHTHHH,HHHHTTTT,66,15,1
HHHTTHTH,TTTHHTTT,66,16,1
TTTHHTTT,TTTTTTHT,66,17,1
TTTTHHHH,HHHHHHHH,66,18,1
TTTTTTTH,TTTHHTTT,66,19,0
HHHHTHHH,TTTTHHHH,66,20,0
HTHHHHHH,HHHTTHHH,66,21,0
HHHHTHHH,HHHTHTTT,66,22,0
HTHTTTTT,HHHTTHHH,66,23,0
THHHHHHT,HHHHHHTT,66,24,0
HHHTHHHH,TTTTHHHH,66,25,0
HHHHHHHT,HHHTTHHH,66,26,0
HTTTTTTH,THHHTTTT,66,27,0
HHHHTTTT,TTTTTTTT,66,28,1
HHTTTTTT,HTTTTTTH,66,29,1
TTTTHHHT,HTTTTTTH,66,30,1
TTTHTTTT,HHHHTTTT,66,31,0
TTTTTHTH,HHHTTHHH,66,32,0
HHHHTHHH,TTTHTHHH,66,33,1
HHHHHHHT,TTTHHTTT,66,34,0
THHHHHHT,HHTTTTTT,66,35,1
HHHHHHTH,HHHHTTTT,66,36,1
THTHHHHH,HTTTTTTH,66,37,1
HHHHTTTT,TTTTHTTT,66,38,1
TTHHHHHH,HTTTTTTH,66,39,1
HTTTTTH,HHHTHHH,66,40,1
HTTTTTTT,TTTHHTTT,66,41,0
THTTTTTT,HHHTTHHH,66,42,0
TTTTTTTT,TTTTHHHH,66,43,0
TTTTTTHH,HTTTTTTH,66,44,0
THTHT,HTTTH,66,45,1
HTHHHTTT,HHHTHHHH,66,46,1
THHHHHT,HHHTHHH,66,47,1
THHHHHHH,TTTHHTTT,66,48,0
TTTTHTTT,TTTTHHHH,66,49,1
THHHHHHT,THTHHHHH,66,50,0
TTTTTHTH,HTTTTTTH,66,51,1
HHHTHTTT,HHHTHHHH,66,52,1
HHTTTTHH,HTHHHHHH,66,53,1
HHTTTTHH,THTTTTTT,66,54,1
HHHTHHHH,TTTHTHHH,66,55,0
TTHHHHHH,THHHHHHT,66,56,1
HTTHHHHH,HTTTTTTH,66,57,1
THHHHHHT,TTTTTTHH,66,58,1
HHHTTHHH,THTHHHHH,66,59,0
HHHTHTTT,TTTHTTTT,66,60,1
TTTTHTTT,TTTHTHHH,66,61,0
HTTTTTTT,HHHHTTTT,66,62,0
HHHHHHT,HHHTHHH,66,63,0
HHHTTTTH,HHHHTHHH,66,64,1
HHHTTT,HHHHHT,32,1,1
TTHTTTTT,HTTTTTTH,32,2,0
TTTHTTTT,TTTTHHHH,32,3,1
HTTTTTTT,HHHTTHHH,32,4,0
HTTTTTTH,HHHHHTTH,32,5,0
HHHHTHHH,HHHTTHTT,32,6,0
HHHTTHHH,THHHHHHH,32,7,1
TTTHTTTT,HTTTTTTH,32,8,0
HHHTHHHH,HHHHTTTT,32,9,1
HHHHTTTT,HHHHHHHH,32,10,1
TTTHHTTT,TTTTTHTH,32,11,1
HHHHHHTT,HTTTTTTH,32,12,0
HTTTTTTH,HHHHTTTH,32,13,0
HHHTTHHH,TTTTTTTH,32,14,1
HHHHTTTT,HHHHTHHH,32,15,0
HHHTTHTH,TTTHHTTT,32,16,1
TTTHHTTT,TTTTTTHT,32,17,1
TTTTHHHH,HHHHHHHH,32,18,1
TTTHHTTT,TTTTTTTH,32,19,1
HHHHTHHH,TTTTHHHH,32,20,1
HHHTTHHH,HTHHHHHH,32,21,1
HHHTHTTT,HHHHTHHH,32,22,1
HHHTTHHH,HTHTTTTT,32,23,1
THHHHHHT,HHHHHHTT,32,24,1
HHHTHHHH,TTTTHHHH,32,25,0
HHHHHHHT,HHHTTHHH,32,26,0
THHHTTTT,HTTTTTTH,32,27,1
TTTTTTTT,HHHHTTTT,32,28,0
HHTTTTTT,HTTTTTTH,32,29,1
HTTTTTTH,TTTTHHHT,32,30,1
HHHHTTTT,TTTHTTTT,32,31,0
TTTTTHTH,HHHTTHHH,32,32,0
TTTHTHHH,HHHHTHHH,32,33,1
TTTHHTTT,HHHHHHHT,32,34,1
THHHHHHT,HHTTTTTT,32,35,0
HHHHTTTT,HHHHHHTH,32,36,1
HTTTTTTH,THTHHHHH,32,37,0
TTTTHTTT,HHHHTTTT,32,38,1
HTTTTTTH,TTHHHHHH,32,39,1
HHHTHHH,HTTTTTH,32,40,1
HTTTTTTT,TTTHHTTT,32,41,0
HHHTTHHH,THTTTTTT,32,42,0
TTTTHHHH,TTTTTTTT,32,43,1
TTTTTTHH,HTTTTTTH,32,44,0
HTTTH,THTHT,32,45,0
HHHTHHHH,HTHHHTTT,32,46,0
THHHHHT,HHHTHHH,32,47,1
THHHHHHH,TTTHHTTT,32,48,0
TTTTHTTT,TTTTHHHH,32,49,0
THTHHHHH,THHHHHHT,32,50,1
HTTTTTTH,TTTTTHTH,32,51,0
HHHTHHHH,HHHTHTTT,32,52,0
HTHHHHHH,HHTTTTHH,32,53,0
HHTTTTHH,THTTTTTT,32,54,1
TTTHTHHH,HHHTHHHH,32,55,1
THHHHHHT,TTHHHHHH,32,56,1
HTTTTTTH,HTTHHHHH,32,57,0
TTTTTTHH,THHHHHHT,32,58,1
HHHTTHHH,THTHHHHH,32,59,0
TTTHTTTT,HHHTHTTT,32,60,0
TTTHTHHH,TTTTHTTT,32,61,1
HTTTTTTT,HHHHTTTT,32,62,1
HHHTHHH,HHHHHHT,32,63,1
HHHHTHHH,HHHTTTTH,32,64,0
HHHHHT,HHHTTT,67,1,1
TTHTTTTT,HTTTTTTH,67,2,1
TTTTHHHH,TTTHTTTT,67,3,1
HHHTTHHH,HTTTTTTT,67,4,1
HTTTTTTH,HHHHHTTH,67,5,0
HHHTTHTT,HHHHTHHH,67,6,0
THHHHHHH,HHHTTHHH,67,7,1
HTTTTTTH,TTTHTTTT,67,8,0
HHHHTTTT,HHHTHHHH,67,9,1
HHHHHHHH,HHHHTTTT,67,10,1
TTTHHTTT,TTTTTHTH,67,11,1
HHHHHHTT,HTTTTTTH,67,12,1
HTTTTTTH,HHHHTTTH,67,13,0
HHHTTHHH,TTTTTTTH,67,14,1
HHHHTHHH,HHHHTTTT,67,15,1
TTTHHTTT,HHHTTHTH,67,16,0
TTTTTTHT,TTTHHTTT,67,17,0
HHHHHHHH,TTTTHHHH,67,18,1
TTTTTTTH,TTTHHTTT,67,19,1
HHHHTHHH,TTTTHHHH,67,20,1
HTHHHHHH,HHHTTHHH,67,21,1
HHHHTHHH,HHHTHTTT,67,22,1
HTHTTTTT,HHHTTHHH,67,23,0
THHHHHHT,HHHHHHTT,67,24,0
TTTTHHHH,HHHTHHHH,67,25,0
HHHHHHHT,HHHTTHHH,67,26,1
HTTTTTTH,THHHTTTT,67,27,1
TTTTTTTT,HHHHTTTT,67,28,0
HHTTTTTT,HTTTTTTH,67,29,1
HTTTTTTH,TTTTHHHT,67,30,0
TTTHTTTT,HHHHTTTT,67,31,0
HHHTTHHH,TTTTTHTH,67,32,0
TTTHTHHH,HHHHTHHH,67,33,0
TTTHHTTT,HHHHHHHT,67,34,1
HHTTTTTT,THHHHHHT,67,35,0
HHHHTTTT,HHHHHHTH,67,36,0
HTTTTTTH,THTHHHHH,67,37,0
TTTTHTTT,HHHHTTTT,67,38,0
HTTTTTTH,TTHHHHHH,67,39,0
HHHTHHH,HTTTTTH,67,40,1
HTTTTTTT,TTTHHTTT,67,41,1
THTTTTTT,HHHTTHHH,67,42,0
TTTTTTTT,TTTTHHHH,67,43,0
TTTTTTHH,HTTTTTTH,67,44,1
HTTTH,THTHT,67,45,0
HHHTHHHH,HTHHHTTT,67,46,1
THHHHHT,HHHTHHH,67,47,0
TTTHHTTT,THHHHHHH,67,48,0
TTTTHTTT,TTTTHHHH,67,49,0
THHHHHHT,THTHHHHH,67,50,1
HTTTTTTH,TTTTTHTH,67,51,0
HHHTHTTT,HHHTHHHH,67,52,0
HHTTTTHH,HTHHHHHH,67,53,1
THTTTTTT,HHTTTTHH,67,54,0
HHHTHHHH,TTTHTHHH,67,55,1
TTHHHHHH,THHHHHHT,67,56,0
HTTTTTTH,HTTHHHHH,67,57,0
TTTTTTHH,THHHHHHT,67,58,0
THTHHHHH,HHHTTHHH,67,59,0
HHHTHTTT,TTTHTTTT,67,60,0
TTTHTHHH,TTTTHTTT,67,61,0
HTTTTTTT,HHHHTTTT,67,62,0
HHHHHHT,HHHTHHH,67,63,0
HHHHTHHH,HHHTTTTH,67,64,1
HHHTTT,HHHHHT,68,1,1
HTTTTTTH,TTHTTTTT,68,2,1
TTTHTTTT,TTTTHHHH,68,3,0
HHHTTHHH,HTTTTTTT,68,4,1
HHHHHTTH,HTTTTTTH,68,5,0
HHHHTHHH,HHHTTHTT,68,6,1
HHHTTHHH,THHHHHHH,68,7,1
HTTTTTTH,TTTHTTTT,68,8,0
HHHHTTTT,HHHTHHHH,68,9,1
HHHHTTTT,HHHHHHHH,68,10,0
TTTTTHTH,TTTHHTTT,68,11,1
HHHHHHTT,HTTTTTTH,68,12,0
HHHHTTTH,HTTTTTTH,68,13,1
TTTTTTTH,HHHTTHHH,68,14,0
HHHHTTTT,HHHHTHHH,68,15,1
TTTHHTTT,HHHTTHTH,68,16,0
TTTHHTTT,TTTTTTHT,68,17,1
TTTTHHHH,HHHHHHHH,68,18,0
TTTTTTTH,TTTHHTTT,68,19,1
HHHHTHHH,TTTTHHHH,68,20,0
HTHHHHHH,HHHTTHHH,68,21,1
HHHHTHHH,HHHTHTTT,68,22,0
HTHTTTTT,HHHTTHHH,68,23,1
THHHHHHT,HHHHHHTT,68,24,0
TTTTHHHH,HHHTHHHH,68,25,1
HHHTTHHH,HHHHHHHT,68,26,0
HTTTTTTH,THHHTTTT,68,27,0
TTTTTTTT,HHHHTTTT,68,28,1
HTTTTTTH,HHTTTTTT,68,29,0
HTTTTTTH,TTTTHHHT,68,30,0
HHHHTTTT,TTTHTTTT,68,31,1
HHHTTHHH,TTTTTHTH,68,32,0
HHHHTHHH,TTTHTHHH,68,33,1
TTTHHTTT,HHHHHHHT,68,34,0
HHTTTTTT,THHHHHHT,68,35,1
HHHHTTTT,HHHHHHTH,68,36,0
HTTTTTTH,THTHHHHH,68,37,1
TTTTHTTT,HHHHTTTT,68,38,0
HTTTTTTH,TTHHHHHH,68,39,1
HHHTHHH,HTTTTTH,68,40,0
HTTTTTTT,TTTHHTTT,68,41,1
THTTTTTT,HHHTTHHH,68,42,0
TTTTTTTT,TTTTHHHH,68,43,1
TTTTTTHH,HTTTTTTH,68,44,0
THTHT,HTTTH,68,45,1
HHHTHHHH,HTHHHTTT,68,46,0
HHHTHHH,THHHHHT,68,47,1
THHHHHHH,TTTHHTTT,68,48,0
TTTTHHHH,TTTTHTTT,68,49,1
THHHHHHT,THTHHHHH,68,50,0
HTTTTTTH,TTTTTHTH,68,51,1
HHHTHHHH,HHHTHTTT,68,52,0
HHTTTTHH,HTHHHHHH,68,53,1
HHTTTTHH,THTTTTTT,68,54,0
HHHTHHHH,TTTHTHHH,68,55,1
TTHHHHHH,THHHHHHT,68,56,0
HTTTTTTH,HTTHHHHH,68,57,1
TTTTTTHH,THHHHHHT,68,58,0
THTHHHHH,HHHTTHHH,68,59,1
TTTHTTTT,HHHTHTTT,68,60,0
TTTTHTTT,TTTHTHHH,68,61,1
HTTTTTTT,HHHHTTTT,68,62,0
HHHTHHH,HHHHHHT,68,63,0
HHHTTTTH,HHHHTHHH,68,64,1
HHHHHT,HHHTTT,69,1,1
HTTTTTTH,TTHTTTTT,69,2,0
TTTHTTTT,TTTTHHHH,69,3,1
HHHTTHHH,HTTTTTTT,69,4,1
HHHHHTTH,HTTTTTTH,69,5,1
HHHHTHHH,HHHTTHTT,69,6,0
HHHTTHHH,THHHHHHH,69,7,0
HTTTTTTH,TTTHTTTT,69,8,0
HHHHTTTT,HHHTHHHH,69,9,0
HHHHTTTT,HHHHHHHH,69,10,1
TTTHHTTT,TTTTTHTH,69,11,1
HHHHHHTT,HTTTTTTH,69,12,1
HHHHTTTH,HTTTTTTH,69,13,0
HHHTTHHH,TTTTTTTH,69,14,1
HHHHTHHH,HHHHTTTT,69,15,1
HHHTTHTH,TTTHHTTT,69,16,1
TTTTTTHT,TTTHHTTT,69,17,0
TTTTHHHH,HHHHHHHH,69,18,1
TTTHHTTT,TTTTTTTH,69,19,1
HHHHTHHH,TTTTHHHH,69,20,1
HTHHHHHH,HHHTTHHH,69,21,1
HHHHTHHH,HHHTHTTT,69,22,0
HHHTTHHH,HTHTTTTT,69,23,0
HHHHHHTT,THHHHHHT,69,24,0
TTTTHHHH,HHHTHHHH,69,25,0
HHHHHHHT,HHHTTHHH,69,26,0
HTTTTTTH,THHHTTTT,69,27,1
TTTTTTTT,HHHHTTTT,69,28,0
HTTTTTTH,HHTTTTTT,69,29,1
TTTTHHHT,HTTTTTTH,69,30,1
TTTHTTTT,HHHHTTTT,69,31,1
HHHTTHHH,TTTTTHTH,69,32,0
TTTHTHHH,HHHHTHHH,69,33,1
TTTHHTTT,HHHHHHHT,69,34,1
THHHHHHT,HHTTTTTT,69,35,0
HHHHHHTH,HHHHTTTT,69,36,1
HTTTTTTH,THTHHHHH,69,37,0
HHHHTTTT,TTTTHTTT,69,38,1
TTHHHHHH,HTTTTTTH,69,39,0
HHHTHHH,HTTTTTH,69,40,1
HTTTTTTT,TTTHHTTT,69,41,0
THTTTTTT,HHHTTHHH,69,42,1
TTTTTTTT,TTTTHHHH,69,43,0
TTTTTTHH,HTTTTTTH,69,44,0
THTHT,HTTTH,69,45,1
HHHTHHHH,HTHHHTTT,69,46,0
THHHHHT,HHHTHHH,69,47,1
THHHHHHH,TTTHHTTT,69,48,0
TTTTHHHH,TTTTHTTT,69,49,0
THHHHHHT,THTHHHHH,69,50,0
TTTTTHTH,HTTTTTTH,69,51,1
HHHTHHHH,HHHTHTTT,69,52,0
HTHHHHHH,HHTTTTHH,69,53,0
HHTTTTHH,THTTTTTT,69,54,1
TTTHTHHH,HHHTHHHH,69,55,1
THHHHHHT,TTHHHHHH,69,56,0
HTTHHHHH,HTTTTTTH,69,57,0
TTTTTTHH,THHHHHHT,69,58,0
THTHHHHH,HHHTTHHH,69,59,1
TTTHTTTT,HHHTHTTT,69,60,1
TTTTHTTT,TTTHTHHH,69,61,0
HTTTTTTT,HHHHTTTT,69,62,0
HHHHHHT,HHHTHHH,69,63,0
HHHHTHHH,HHHTTTTH,69,64,1
HHHHHT,HHHTTT,70,1,0
TTHTTTTT,HTTTTTTH,70,2,1
TTTTHHHH,TTTHTTTT,70,3,0
HTTTTTTT,HHHTTHHH,70,4,1
HHHHHTTH,HTTTTTTH,70,5,1
HHHHTHHH,HHHTTHTT,70,6,0
HHHTTHHH,THHHHHHH,70,7,1
TTTHTTTT,HTTTTTTH,70,8,0
HHHTHHHH,HHHHTTTT,70,9,0
HHHHHHHH,HHHHTTTT,70,10,1
TTTHHTTT,TTTTTHTH,70,11,0
HHHHHHTT,HTTTTTTH,70,12,1
HHHHTTTH,HTTTTTTH,70,13,1
TTTTTTTH,HHHTTHHH,70,14,0
HHHHTHHH,HHHHTTTT,70,15,1
TTTHHTTT,HHHTTHTH,70,16,0
TTTTTTHT,TTTHHTTT,70,17,1
TTTTHHHH,HHHHHHHH,70,18,1
TTTTTTTH,TTTHHTTT,70,19,0
TTTTHHHH,HHHHTHHH,70,20,1
HHHTTHHH,HTHHHHHH,70,21,0
HHHHTHHH,HHHTHTTT,70,22,0
HHHTTHHH,HTHTTTTT,70,23,1
HHHHHHTT,THHHHHHT,70,24,0
TTTTHHHH,HHHTHHHH,70,25,1
HHHTTHHH,HHHHHHHT,70,26,1
THHHTTTT,HTTTTTTH,70,27,0
HHHHTTTT,TTTTTTTT,70,28,1
HTTTTTTH,HHTTTTTT,70,29,0
HTTTTTTH,TTTTHHHT,70,30,0
HHHHTTTT,TTTHTTTT,70,31,1
HHHTTHHH,TTTTTHTH,70,32,1
HHHHTHHH,TTTHTHHH,70,33,0
TTTHHTTT,HHHHHHHT,70,34,1
HHTTTTTT,THHHHHHT,70,35,0
HHHHTTTT,HHHHHHTH,70,36,0
HTTTTTTH,THTHHHHH,70,37,1
HHHHTTTT,TTTTHTTT,70,38,0
TTHHHHHH,HTTTTTTH,70,39,0
HTTTTTH,HHHTHHH,70,40,1
HTTTTTTT,TTTHHTTT,70,41,0
THTTTTTT,HHHTTHHH,70,42,1
TTTTHHHH,TTTTTTTT,70,43,1
TTTTTTHH,HTTTTTTH,70,44,0
HTTTH,THTHT,70,45,1
HHHTHHHH,HTHHHTTT,70,46,1
THHHHHT,HHHTHHH,70,47,0
TTTHHTTT,THHHHHHH,70,48,1
TTTTHTTT,TTTTHHHH,70,49,1
THHHHHHT,THTHHHHH,70,50,0
HTTTTTTH,TTTTTHTH,70,51,1
HHHTHHHH,HHHTHTTT,70,52,0
HHTTTTHH,HTHHHHHH,70,53,0
THTTTTTT,HHTTTTHH,70,54,1
TTTHTHHH,HHHTHHHH,70,55,0
TTHHHHHH,THHHHHHT,70,56,1
HTTTTTTH,HTTHHHHH,70,57,1
TTTTTTHH,THHHHHHT,70,58,0
HHHTTHHH,THTHHHHH,70,59,0
TTTHTTTT,HHHTHTTT,70,60,0
TTTHTHHH,TTTTHTTT,70,61,1
HHHHTTTT,HTTTTTTT,70,62,0
HHHTHHH,HHHHHHT,70,63,0
HHHHTHHH,HHHTTTTH,70,64,1
HHHHHT,HHHTTT,71,1,1
HTTTTTTH,TTHTTTTT,71,2,0
TTTHTTTT,TTTTHHHH,71,3,1
HHHTTHHH,HTTTTTTT,71,4,1
HTTTTTTH,HHHHHTTH,71,5,0
HHHTTHTT,HHHHTHHH,71,6,1
THHHHHHH,HHHTTHHH,71,7,0
HTTTTTTH,TTTHTTTT,71,8,0
HHHHTTTT,HHHTHHHH,71,9,1
HHHHHHHH,HHHHTTTT,71,10,0
TTTTTHTH,TTTHHTTT,71,11,0
HHHHHHTT,HTTTTTTH,71,12,1
HHHHTTTH,HTTTTTTH,71,13,1
HHHTTHHH,TTTTTTTH,71,14,1
HHHHTTTT,HHHHTHHH,71,15,0
TTTHHTTT,HHHTTHTH,71,16,0
TTTTTTHT,TTTHHTTT,71,17,0
TTTTHHHH,HHHHHHHH,71,18,1
TTTHHTTT,TTTTTTTH,71,19,1
TTTTHHHH,HHHHTHHH,71,20,0
HHHTTHHH,HTHHHHHH,71,21,1
HHHTHTTT,HHHHTHHH,71,22,1
HHHTTHHH,HTHTTTTT,71,23,0
THHHHHHT,HHHHHHTT,71,24,0
TTTTHHHH,HHHTHHHH,71,25,0
HHHTTHHH,HHHHHHHT,71,26,1
THHHTTTT,HTTTTTTH,71,27,1
TTTTTTTT,HHHHTTTT,71,28,1
HTTTTTTH,HHTTTTTT,71,29,0
TTTTHHHT,HTTTTTTH,71,30,1
HHHHTTTT,TTTHTTTT,71,31,0
TTTTTHTH,HHHTTHHH,71,32,1
TTTHTHHH,HHHHTHHH,71,33,1
TTTHHTTT,HHHHHHHT,71,34,0
THHHHHHT,HHTTTTTT,71,35,1
HHHHHHTH,HHHHTTTT,71,36,1
HTTTTTTH,THTHHHHH,71,37,0
TTTTHTTT,HHHHTTTT,71,38,0
HTTTTTTH,TTHHHHHH,71,39,0
HHHTHHH,HTTTTTH,71,40,1
HTTTTTTT,TTTHHTTT,71,41,1
THTTTTTT,HHHTTHHH,71,42,0
TTTTHHHH,TTTTTTTT,71,43,1
TTTTTTHH,HTTTTTTH,71,44,1
HTTTH,THTHT,71,45,0
HTHHHTTT,HHHTHHHH,71,46,1
THHHHHT,HHHTHHH,71,47,1
TTTHHTTT,THHHHHHH,71,48,1
TTTTHHHH,TTTTHTTT,71,49,1
THTHHHHH,THHHHHHT,71,50,1
TTTTTHTH,HTTTTTTH,71,51,0
HHHTHTTT,HHHTHHHH,71,52,1
HHTTTTHH,HTHHHHHH,71,53,1
THTTTTTT,HHTTTTHH,71,54,0
HHHTHHHH,TTTHTHHH,71,55,0
THHHHHHT,TTHHHHHH,71,56,1
HTTHHHHH,HTTTTTTH,71,57,1
THHHHHHT,TTTTTTHH,71,58,0
THTHHHHH,HHHTTHHH,71,59,1
HHHTHTTT,TTTHTTTT,71,60,1
TTTHTHHH,TTTTHTTT,71,61,1
HTTTTTTT,HHHHTTTT,71,62,0
HHHHHHT,HHHTHHH,71,63,0
HHHTTTTH,HHHHTHHH,71,64,1
HHHHHT,HHHTTT,72,1,1
HTTTTTTH,TTHTTTTT,72,2,0
TTTHTTTT,TTTTHHHH,72,3,1
HTTTTTTT,HHHTTHHH,72,4,0
HHHHHTTH,HTTTTTTH,72,5,1
HHHTTHTT,HHHHTHHH,72,6,1
THHHHHHH,HHHTTHHH,72,7,0
HTTTTTTH,TTTHTTTT,72,8,0
HHHTHHHH,HHHHTTTT,72,9,1
HHHHTTTT,HHHHHHHH,72,10,1
TTTTTHTH,TTTHHTTT,72,11,0
HHHHHHTT,HTTTTTTH,72,12,0
HTTTTTTH,HHHHTTTH,72,13,0
TTTTTTTH,HHHTTHHH,72,14,0
HHHHTHHH,HHHHTTTT,72,15,0
TTTHHTTT,HHHTTHTH,72,16,0
TTTTTTHT,TTTHHTTT,72,17,0
TTTTHHHH,HHHHHHHH,72,18,1
TTTTTTTH,TTTHHTTT,72,19,0
TTTTHHHH,HHHHTHHH,72,20,1
HTHHHHHH,HHHTTHHH,72,21,0
HHHTHTTT,HHHHTHHH,72,22,1
HHHTTHHH,HTHTTTTT,72,23,1
THHHHHHT,HHHHHHTT,72,24,1
TTTTHHHH,HHHTHHHH,72,25,1
HHHTTHHH,HHHHHHHT,72,26,1
HTTTTTTH,THHHTTTT,72,27,0
HHHHTTTT,TTTTTTTT,72,28,1
HHTTTTTT,HTTTTTTH,72,29,0
TTTTHHHT,HTTTTTTH,72,30,0
HHHHTTTT,TTTHTTTT,72,31,0
HHHTTHHH,TTTTTHTH,72,32,0
HHHHTHHH,TTTHTHHH,72,33,0
HHHHHHHT,TTTHHTTT,72,34,0
HHTTTTTT,THHHHHHT,72,35,1
HHHHTTTT,HHHHHHTH,72,36,0
THTHHHHH,HTTTTTTH,72,37,0
HHHHTTTT,TTTTHTTT,72,38,1
HTTTTTTH,TTHHHHHH,72,39,1
HTTTTTH,HHHTHHH,72,40,0
TTTHHTTT,HTTTTTTT,72,41,1
THTTTTTT,HHHTTHHH,72,42,0
TTTTTTTT,TTTTHHHH,72,43,0
HTTTTTTH,TTTTTTHH,72,44,0
THTHT,HTTTH,72,45,0
HTHHHTTT,HHHTHHHH,72,46,1
THHHHHT,HHHTHHH,72,47,0
TTTHHTTT,THHHHHHH,72,48,1
TTTTHTTT,TTTTHHHH,72,49,1
THTHHHHH,THHHHHHT,72,50,0
HTTTTTTH,TTTTTHTH,72,51,1
HHHTHTTT,HHHTHHHH,72,52,1
HTHHHHHH,HHTTTTHH,72,53,0
HHTTTTHH,THTTTTTT,72,54,0
TTTHTHHH,HHHTHHHH,72,55,0
THHHHHHT,TTHHHHHH,72,56,0
HTTTTTTH,HTTHHHHH,72,57,0
TTTTTTHH,THHHHHHT,72,58,0
THTHHHHH,HHHTTHHH,72,59,1
HHHTHTTT,TTTHTTTT,72,60,1
TTTHTHHH,TTTTHTTT,72,61,1
HHHHTTTT,HTTTTTTT,72,62,1
HHHHHHT,HHHTHHH,72,63,0
HHHTTTTH,HHHHTHHH,72,64,1
HHHTTT,HHHHHT,73,1,0
HTTTTTTH,TTHTTTTT,73,2,0
TTTHTTTT,TTTTHHHH,73,3,1
HHHTTHHH,HTTTTTTT,73,4,0
HTTTTTTH,HHHHHTTH,73,5,0
HHHHTHHH,HHHTTHTT,73,6,0
THHHHHHH,HHHTTHHH,73,7,0
TTTHTTTT,HTTTTTTH,73,8,1
HHHTHHHH,HHHHTTTT,73,9,1
HHHHTTTT,HHHHHHHH,73,10,1
TTTHHTTT,TTTTTHTH,73,11,0
HTTTTTTH,HHHHHHTT,73,12,0
HTTTTTTH,HHHHTTTH,73,13,0
TTTTTTTH,HHHTTHHH,73,14,1
HHHHTTTT,HHHHTHHH,73,15,0
TTTHHTTT,HHHTTHTH,73,16,0
TTTHHTTT,TTTTTTHT,73,17,1
TTTTHHHH,HHHHHHHH,73,18,1
TTTHHTTT,TTTTTTTH,73,19,1
TTTTHHHH,HHHHTHHH,73,20,0
HTHHHHHH,HHHTTHHH,73,21,1
HHHHTHHH,HHHTHTTT,73,22,0
HTHTTTTT,HHHTTHHH,73,23,1
HHHHHHTT,THHHHHHT,73,24,1
TTTTHHHH,HHHTHHHH,73,25,0
HHHTTHHH,HHHHHHHT,73,26,0
THHHTTTT,HTTTTTTH,73,27,1
HHHHTTTT,TTTTTTTT,73,28,1
HTTTTTTH,HHTTTTTT,73,29,1
TTTTHHHT,HTTTTTTH,73,30,1
HHHHTTTT,TTTHTTTT,73,31,0
HHHTTHHH,TTTTTHTH,73,32,0
TTTHTHHH,HHHHTHHH,73,33,1
HHHHHHHT,TTTHHTTT,73,34,0
THHHHHHT,HHTTTTTT,73,35,1
HHHHTTTT,HHHHHHTH,73,36,1
THTHHHHH,HTTTTTTH,73,37,1
HHHHTTTT,TTTTHTTT,73,38,1
HTTTTTTH,TTHHHHHH,73,39,0
HHHTHHH,HTTTTTH,73,40,0
TTTHHTTT,HTTTTTTT,73,41,1
HHHTTHHH,THTTTTTT,73,42,1
TTTTHHHH,TTTTTTTT,73,43,0
TTTTTTHH,HTTTTTTH,73,44,0
THTHT,HTTTH,73,45,0
HHHTHHHH,HTHHHTTT,73,46,0
THHHHHT,HHHTHHH,73,47,1
THHHHHHH,TTTHHTTT,73,48,1
TTTTHTTT,TTTTHHHH,73,49,0
THHHHHHT,THTHHHHH,73,50,0
HTTTTTTH,TTTTTHTH,73,51,1
HHHTHTTT,HHHTHHHH,73,52,1
HHTTTTHH,HTHHHHHH,73,53,1
THTTTTTT,HHTTTTHH,73,54,0
HHHTHHHH,TTTHTHHH,73,55,0
TTHHHHHH,THHHHHHT,73,56,1
HTTHHHHH,HTTTTTTH,73,57,1
THHHHHHT,TTTTTTHH,73,58,1
THTHHHHH,HHHTTHHH,73,59,0
TTTHTTTT,HHHTHTTT,73,60,0
TTTTHTTT,TTTHTHHH,73,61,0
HHHHTTTT,HTTTTTTT,73,62,1
HHHTHHH,HHHHHHT,73,63,0
HHHHTHHH,HHHTTTTH,73,64,1
HHHTTT,HHHHHT,74,1,0
HTTTTTTH,TTHTTTTT,74,2,0
TTTTHHHH,TTTHTTTT,74,3,0
HTTTTTTT,HHHTTHHH,74,4,1
HHHHHTTH,HTTTTTTH,74,5,1
HHHTTHTT,HHHHTHHH,74,6,1
HHHTTHHH,THHHHHHH,74,7,1
TTTHTTTT,HTTTTTTH,74,8,1
HHHHTTTT,HHHTHHHH,74,9,0
HHHHTTTT,HHHHHHHH,74,10,1
TTTTTHTH,TTTHHTTT,74,11,1
HHHHHHTT,HTTTTTTH,74,12,1
HHHHTTTH,HTTTTTTH,74,13,1
TTTTTTTH,HHHTTHHH,74,14,1
HHHHTHHH,HHHHTTTT,74,15,1
HHHTTHTH,TTTHHTTT,74,16,1
TTTHHTTT,TTTTTTHT,74,17,0
HHHHHHHH,TTTTHHHH,74,18,1
TTTTTTTH,TTTHHTTT,74,19,1
HHHHTHHH,TTTTHHHH,74,20,1
HHHTTHHH,HTHHHHHH,74,21,0
HHHHTHHH,HHHTHTTT,74,22,1
HTHTTTTT,HHHTTHHH,74,23,1
HHHHHHTT,THHHHHHT,74,24,1
TTTTHHHH,HHHTHHHH,74,25,0
HHHTTHHH,HHHHHHHT,74,26,0
HTTTTTTH,THHHTTTT,74,27,0
HHHHTTTT,TTTTTTTT,74,28,1
HTTTTTTH,HHTTTTTT,74,29,0
HTTTTTTH,TTTTHHHT,74,30,0
HHHHTTTT,TTTHTTTT,74,31,0
HHHTTHHH,TTTTTHTH,74,32,0
TTTHTHHH,HHHHTHHH,74,33,1
HHHHHHHT,TTTHHTTT,74,34,1
HHTTTTTT,THHHHHHT,74,35,1
HHHHTTTT,HHHHHHTH,74,36,0
HTTTTTTH,THTHHHHH,74,37,0
TTTTHTTT,HHHHTTTT,74,38,1
TTHHHHHH,HTTTTTTH,74,39,1
HTTTTTH,HHHTHHH,74,40,1
HTTTTTTT,TTTHHTTT,74,41,0
HHHTTHHH,THTTTTTT,74,42,0
TTTTTTTT,TTTTHHHH,74,43,0
HTTTTTTH,TTTTTTHH,74,44,0
HTTTH,THTHT,74,45,0
HTHHHTTT,HHHTHHHH,74,46,1
THHHHHT,HHHTHHH,74,47,0
TTTHHTTT,THHHHHHH,74,48,0
TTTTHHHH,TTTTHTTT,74,49,0
THTHHHHH,THHHHHHT,74,50,1
HTTTTTTH,TTTTTHTH,74,51,0
HHHTHTTT,HHHTHHHH,74,52,0
HHTTTTHH,HTHHHHHH,74,53,0
THTTTTTT,HHTTTTHH,74,54,1
HHHTHHHH,TTTHTHHH,74,55,1
THHHHHHT,TTHHHHHH,74,56,0
HTTHHHHH,HTTTTTTH,74,57,1
TTTTTTHH,THHHHHHT,74,58,1
THTHHHHH,HHHTTHHH,74,59,1
HHHTHTTT,TTTHTTTT,74,60,1
TTTTHTTT,TTTHTHHH,74,61,1
HTTTTTTT,HHHHTTTT,74,62,1
HHHHHHT,HHHTHHH,74,63,1
HHHTTTTH,HHHHTHHH,74,64,1
HHHHHT,HHHTTT,75,1,1
TTHTTTTT,HTTTTTTH,75,2,1
TTTTHHHH,TTTHTTTT,75,3,0
HHHTTHHH,HTTTTTTT,75,4,0
HHHHHTTH,HTTTTTTH,75,5,1
HHHTTHTT,HHHHTHHH,75,6,1
THHHHHHH,HHHTTHHH,75,7,0
HTTTTTTH,TTTHTTTT,75,8,0
HHHHTTTT,HHHTHHHH,75,9,0
HHHHTTTT,HHHHHHHH,75,10,1
TTTTTHTH,TTTHHTTT,75,11,1
HHHHHHTT,HTTTTTTH,75,12,1
HHHHTTTH,HTTTTTTH,75,13,1
TTTTTTTH,HHHTTHHH,75,14,0
HHHHTTTT,HHHHTHHH,75,15,0
HHHTTHTH,TTTHHTTT,75,16,1
TTTTTTHT,TTTHHTTT,75,17,1
TTTTHHHH,HHHHHHHH,75,18,1
TTTTTTTH,TTTHHTTT,75,19,1
TTTTHHHH,HHHHTHHH,75,20,0
HTHHHHHH,HHHTTHHH,75,21,1
HHHHTHHH,HHHTHTTT,75,22,0
HTHTTTTT,HHHTTHHH,75,23,1
HHHHHHTT,THHHHHHT,75,24,1
TTTTHHHH,HHHTHHHH,75,25,0
HHHHHHHT,HHHTTHHH,75,26,0
HTTTTTTH,THHHTTTT,75,27,0
TTTTTTTT,HHHHTTTT,75,28,0
HHTTTTTT,HTTTTTTH,75,29,1
HTTTTTTH,TTTTHHHT,75,30,0
HHHHTTTT,TTTHTTTT,75,31,0
TTTTTHTH,HHHTTHHH,75,32,0
HHHHTHHH,TTTHTHHH,75,33,0
HHHHHHHT,TTTHHTTT,75,34,0
THHHHHHT,HHTTTTTT,75,35,0
HHHHHHTH,HHHHTTTT,75,36,1
THTHHHHH,HTTTTTTH,75,37,1
TTTTHTTT,HHHHTTTT,75,38,1
TTHHHHHH,HTTTTTTH,75,39,1
HHHTHHH,HTTTTTH,75,40,1
HTTTTTTT,TTTHHTTT,75,41,0
HHHTTHHH,THTTTTTT,75,42,0
TTTTTTTT,TTTTHHHH,75,43,0
TTTTTTHH,HTTTTTTH,75,44,1
THTHT,HTTTH,75,45,1
HTHHHTTT,HHHTHHHH,75,46,1
THHHHHT,HHHTHHH,75,47,0
THHHHHHH,TTTHHTTT,75,48,0
TTTTHHHH,TTTTHTTT,75,49,0
THHHHHHT,THTHHHHH,75,50,0
HTTTTTTH,TTTTTHTH,75,51,0
HHHTHHHH,HHHTHTTT,75,52,0
HTHHHHHH,HHTTTTHH,75,53,0
THTTTTTT,HHTTTTHH,75,54,1
TTTHTHHH,HHHTHHHH,75,55,1
TTHHHHHH,THHHHHHT,75,56,1
HTTHHHHH,HTTTTTTH,75,57,1
TTTTTTHH,THHHHHHT,75,58,1
THTHHHHH,HHHTTHHH,75,59,1
HHHTHTTT,TTTHTTTT,75,60,1
TTTTHTTT,TTTHTHHH,75,61,1
HHHHTTTT,HTTTTTTT,75,62,1
HHHHHHT,HHHTHHH,75,63,0
HHHHTHHH,HHHTTTTH,75,64,0
HHHHHT,HHHTTT,76,1,0
HTTTTTTH,TTHTTTTT,76,2,0
TTTHTTTT,TTTTHHHH,76,3,1
HTTTTTTT,HHHTTHHH,76,4,0
HHHHHTTH,HTTTTTTH,76,5,1
HHHHTHHH,HHHTTHTT,76,6,0
HHHTTHHH,THHHHHHH,76,7,1
TTTHTTTT,HTTTTTTH,76,8,0
HHHHTTTT,HHHTHHHH,76,9,1
HHHHTTTT,HHHHHHHH,76,10,1
TTTTTHTH,TTTHHTTT,76,11,0
HHHHHHTT,HTTTTTTH,76,12,1
HTTTTTTH,HHHHTTTH,76,13,0
TTTTTTTH,HHHTTHHH,76,14,1
HHHHTHHH,HHHHTTTT,76,15,0
TTTHHTTT,HHHTTHTH,76,16,0
TTTTTTHT,TTTHHTTT,76,17,0
TTTTHHHH,HHHHHHHH,76,18,1
TTTHHTTT,TTTTTTTH,76,19,0
TTTTHHHH,HHHHTHHH,76,20,1
HHHTTHHH,HTHHHHHH,76,21,1
HHHHTHHH,HHHTHTTT,76,22,0
HHHTTHHH,HTHTTTTT,76,23,0
THHHHHHT,HHHHHHTT,76,24,1
TTTTHHHH,HHHTHHHH,76,25,1
HHHHHHHT,HHHTTHHH,76,26,0
HTTTTTTH,THHHTTTT,76,27,0
TTTTTTTT,HHHHTTTT,76,28,0
HTTTTTTH,HHTTTTTT,76,29,1
HTTTTTTH,TTTTHHHT,76,30,0
HHHHTTTT,TTTHTTTT,76,31,1
HHHTTHHH,TTTTTHTH,76,32,1
TTTHTHHH,HHHHTHHH,76,33,1
TTTHHTTT,HHHHHHHT,76,34,1
HHTTTTTT,THHHHHHT,76,35,1
HHHHTTTT,HHHHHHTH,76,36,1
THTHHHHH,HTTTTTTH,76,37,1
TTTTHTTT,HHHHTTTT,76,38,1
HTTTTTTH,TTHHHHHH,76,39,0
HHHTHHH,HTTTTTH,76,40,0
HTTTTTTT,TTTHHTTT,76,41,0
HHHTTHHH,THTTTTTT,76,42,1
TTTTTTTT,TTTTHHHH,76,43,0
HTTTTTTH,TTTTTTHH,76,44,0
THTHT,HTTTH,76,45,0
HTHHHTTT,HHHTHHHH,76,46,1
THHHHHT,HHHTHHH,76,47,1
TTTHHTTT,THHHHHHH,76,48,1
TTTTHHHH,TTTTHTTT,76,49,1
THTHHHHH,THHHHHHT,76,50,0
TTTTTHTH,HTTTTTTH,76,51,1
HHHTHHHH,HHHTHTTT,76,52,0
HTHHHHHH,HHTTTTHH,76,53,0
THTTTTTT,HHTTTTHH,76,54,0
TTTHTHHH,HHHTHHHH,76,55,1
THHHHHHT,TTHHHHHH,76,56,0
HTTTTTTH,HTTHHHHH,76,57,0
TTTTTTHH,THHHHHHT,76,58,0
THTHHHHH,HHHTTHHH,76,59,1
TTTHTTTT,HHHTHTTT,76,60,0
TTTTHTTT,TTTHTHHH,76,61,1
HHHHTTTT,HTTTTTTT,76,62,0
HHHTHHH,HHHHHHT,76,63,1
HHHTTTTH,HHHHTHHH,76,64,0
HHHTTT,HHHHHT,77,1,1
TTHTTTTT,HTTTTTTH,77,2,0
TTTHTTTT,TTTTHHHH,77,3,1
HHHTTHHH,HTTTTTTT,77,4,0
HTTTTTTH,HHHHHTTH,77,5,1
HHHTTHTT,HHHHTHHH,77,6,0
HHHTTHHH,THHHHHHH,77,7,1
TTTHTTTT,HTTTTTTH,77,8,1
HHHTHHHH,HHHHTTTT,77,9,1
HHHHHHHH,HHHHTTTT,77,10,0
TTTHHTTT,TTTTTHTH,77,11,1
HTTTTTTH,HHHHHHTT,77,12,1
HTTTTTTH,HHHHTTTH,77,13,1
TTTTTTTH,HHHTTHHH,77,14,0
HHHHTHHH,HHHHTTTT,77,15,1
HHHTTHTH,TTTHHTTT,77,16,1
TTTHHTTT,TTTTTTHT,77,17,1
HHHHHHHH,TTTTHHHH,77,18,0
TTTTTTTH,TTTHHTTT,77,19,1
HHHHTHHH,TTTTHHHH,77,20,0
HHHTTHHH,HTHHHHHH,77,21,1
HHHTHTTT,HHHHTHHH,77,22,0
HTHTTTTT,HHHTTHHH,77,23,1
HHHHHHTT,THHHHHHT,77,24,0
HHHTHHHH,TTTTHHHH,77,25,0
HHHTTHHH,HHHHHHHT,77,26,1
HTTTTTTH,THHHTTTT,77,27,1
TTTTTTTT,HHHHTTTT,77,28,0
HTTTTTTH,HHTTTTTT,77,29,0
HTTTTTTH,TTTTHHHT,77,30,0
HHHHTTTT,TTTHTTTT,77,31,1
HHHTTHHH,TTTTTHTH,77,32,0
TTTHTHHH,HHHHTHHH,77,33,0
HHHHHHHT,TTTHHTTT,77,34,1
HHTTTTTT,THHHHHHT,77,35,1
HHHHHHTH,HHHHTTTT,77,36,0
THTHHHHH,HTTTTTTH,77,37,1
HHHHTTTT,TTTTHTTT,77,38,0
HTTTTTTH,TTHHHHHH,77,39,1
HHHTHHH,HTTTTTH,77,40,0
HTTTTTTT,TTTHHTTT,77,41,1
THTTTTTT,HHHTTHHH,77,42,0
TTTTHHHH,TTTTTTTT,77,43,1
TTTTTTHH,HTTTTTTH,77,44,1
HTTTH,THTHT,77,45,1
HHHTHHHH,HTHHHTTT,77,46,1
HHHTHHH,THHHHHT,77,47,1
TTTHHTTT,THHHHHHH,77,48,1
TTTTHTTT,TTTTHHHH,77,49,1
THTHHHHH,THHHHHHT,77,50,1
HTTTTTTH,TTTTTHTH,77,51,1
HHHTHHHH,HHHTHTTT,77,52,1
HHTTTTHH,HTHHHHHH,77,53,0
HHTTTTHH,THTTTTTT,77,54,0
HHHTHHHH,TTTHTHHH,77,55,0
TTHHHHHH,THHHHHHT,77,56,0
HTTTTTTH,HTTHHHHH,77,57,1
THHHHHHT,TTTTTTHH,77,58,1
THTHHHHH,HHHTTHHH,77,59,0
TTTHTTTT,HHHTHTTT,77,60,1
TTTHTHHH,TTTTHTTT,77,61,0
HHHHTTTT,HTTTTTTT,77,62,1
HHHHHHT,HHHTHHH,77,63,1
HHHHTHHH,HHHTTTTH,77,64,1
