sequence_a,sequence_b,participant_id,trial_index,chose_left
THTHTHHH,HTTHHTTH,0,1,0
HTHTTHTH,HTHHHHHT,0,2,1
HTTTTTTT,HTHTHTHT,0,3,0
HTHHTHHT,HHHHTTTT,0,4,1
TTTTTTH,HHTTHHT,0,5,0
HHHHHHHT,TTTTTTTT,0,6,1
HTTTHHT,TTTTTTH,0,7,1
HHHHHHHT,HTHTHTHT,0,8,0
HHHHHHHT,HHHHHHHH,0,9,0
HTHTTHTH,HTTHTTHT,0,10,0
THTTHHTH,HTHTHHTH,0,11,0
HTHHTHHT,HTHTTHTH,0,12,0
HTHTTHTH,THHTHHTH,0,13,1
THTHTTHT,HTTHHTTH,0,14,1
TTTTHHHH,HTHHTHHT,0,15,0
HTHTTHTH,HHHHHHHT,0,16,1
THTTHTTH,HTHTTHTH,0,17,0
HHHHHHHT,THTHHTHT,0,18,0
TTTTHHHH,HTTHTTHT,0,19,0
HHHHHHT,TTTTTTT,0,20,1
HTHHTHHT,TTHTHTHH,0,21,0
HTHTTHTH,HTTTTTTT,0,22,1
HHHHHHHT,THTHTHTH,0,23,0
HTHTHTHT,THHHHHHH,0,24,1
THTHTTHT,HTTHTHHT,0,25,0
HHHHHHHT,HTHHTHHT,0,26,0
HHHHTTTT,HTTHTTHT,0,27,0
HTTTTTH,HHHHHHH,0,28,1
HTTTTTTT,THTHTHTH,0,29,0
THHHHHHH,HTHTTHTH,0,30,0
THHTHHTH,TTTTHHHH,0,31,1
THTHHTHT,HTTTTTTT,0,32,1
HTHTHTHT,TTTTTTTH,0,33,1
HTTTTTTT,HTHHTTHT,0,34,0
THHHHHHH,THTHHTHT,0,35,0
HTHHHHHH,HTHTHTHT,0,36,0
HTHHTTHT,THHHHHHH,0,37,1
TTTHTHTH,HTHHTHHT,0,38,1
THTTHTTH,THTHHTHT,0,39,0
HHHHHHH,HHHHHHT,0,40,0
THHHHHHH,THTHTHTH,0,41,0
HTHTTHTH,TTTTTTTH,0,42,1
TTHTHTHH,HTHHHTHH,0,43,0
HTHHTHHT,THTHHTHT,0,44,1
TTTTTTH,HHHHHHH,0,45,1
HHHHHHHT,HHTHTHHT,0,46,0
TTTTTTTT,HTTHHTTH,0,47,0
HTHTHTH,HHHHHHT,0,48,1
HTTHTTHT,THTHHTHT,0,49,0
HHHHHHT,THTHTHT,0,50,0
HTHHTHHT,TTTTHTHT,0,51,1
THTHHTHT,TTTTTTTH,0,52,1
TTHHTTH,TTTTTTH,0,53,1
TTHTHTTH,HHHHHHHT,0,54,1
TTTTH,HTTHT,0,55,0
HTTTTTTT,HHHHHHHH,0,56,1
HTT,TTT,0,57,1
TTTTTTH,TTTTTTT,0,58,1
HTTHTTHT,HTHTHHHH,0,59,1
HTTHHTTH,HTHTHTTT,0,60,0
TTT,THH,0,61,0
HTHTHTHT,HHHHHHTH,0,62,1
HTHTHTTT,HTTHTHHT,0,63,0
HTHTTHTH,HHHHHHTH,0,64,1
THTHTHHH,HTTHHTTH,1,1,1
HTHTTHTH,HTHHHHHT,1,2,1
HTTTTTTT,HTHTHTHT,1,3,0
HHHHTTTT,HTHHTHHT,1,4,0
TTTTTTH,HHTTHHT,1,5,0
HHHHHHHT,TTTTTTTT,1,6,1
HTTTHHT,TTTTTTH,1,7,1
HHHHHHHT,HTHTHTHT,1,8,0
HHHHHHHT,HHHHHHHH,1,9,1
HTHTTHTH,HTTHTTHT,1,10,1
HTHTHHTH,THTTHHTH,1,11,0
HTHTTHTH,HTHHTHHT,1,12,1
THHTHHTH,HTHTTHTH,1,13,0
THTHTTHT,HTTHHTTH,1,14,0
TTTTHHHH,HTHHTHHT,1,15,0
HTHTTHTH,HHHHHHHT,1,16,1
THTTHTTH,HTHTTHTH,1,17,1
THTHHTHT,HHHHHHHT,1,18,1
TTTTHHHH,HTTHTTHT,1,19,0
HHHHHHT,TTTTTTT,1,20,1
HTHHTHHT,TTHTHTHH,1,21,1
HTHTTHTH,HTTTTTTT,1,22,1
HHHHHHHT,THTHTHTH,1,23,0
THHHHHHH,HTHTHTHT,1,24,1
HTTHTHHT,THTHTTHT,1,25,0
HTHHTHHT,HHHHHHHT,1,26,1
HTTHTTHT,HHHHTTTT,1,27,1
HTTTTTH,HHHHHHH,1,28,1
HTTTTTTT,THTHTHTH,1,29,0
THHHHHHH,HTHTTHTH,1,30,0
THHTHHTH,TTTTHHHH,1,31,1
THTHHTHT,HTTTTTTT,1,32,1
TTTTTTTH,HTHTHTHT,1,33,0
HTHHTTHT,HTTTTTTT,1,34,1
THTHHTHT,THHHHHHH,1,35,1
HTHHHHHH,HTHTHTHT,1,36,0
THHHHHHH,HTHHTTHT,1,37,0
TTTHTHTH,HTHHTHHT,1,38,0
THTHHTHT,THTTHTTH,1,39,1
HHHHHHT,HHHHHHH,1,40,1
THTHTHTH,THHHHHHH,1,41,1
HTHTTHTH,TTTTTTTH,1,42,1
HTHHHTHH,TTHTHTHH,1,43,0
HTHHTHHT,THTHHTHT,1,44,0
TTTTTTH,HHHHHHH,1,45,1
HHHHHHHT,HHTHTHHT,1,46,0
HTTHHTTH,TTTTTTTT,1,47,1
HHHHHHT,HTHTHTH,1,48,0
THTHHTHT,HTTHTTHT,1,49,1
THTHTHT,HHHHHHT,1,50,1
HTHHTHHT,TTTTHTHT,1,51,1
TTTTTTTH,THTHHTHT,1,52,0
TTHHTTH,TTTTTTH,1,53,1
TTHTHTTH,HHHHHHHT,1,54,1
TTTTH,HTTHT,1,55,0
HHHHHHHH,HTTTTTTT,1,56,0
TTT,HTT,1,57,0
TTTTTTH,TTTTTTT,1,58,1
HTHTHHHH,HTTHTTHT,1,59,0
HTTHHTTH,HTHTHTTT,1,60,1
TTT,THH,1,61,0
HHHHHHTH,HTHTHTHT,1,62,0
HTHTHTTT,HTTHTHHT,1,63,0
HTHTTHTH,HHHHHHTH,1,64,1
HTTHHTTH,THTHTHHH,2,1,0
HTHHHHHT,HTHTTHTH,2,2,1
HTTTTTTT,HTHTHTHT,2,3,1
HHHHTTTT,HTHHTHHT,2,4,0
HHTTHHT,TTTTTTH,2,5,1
HHHHHHHT,TTTTTTTT,2,6,1
HTTTHHT,TTTTTTH,2,7,1
HTHTHTHT,HHHHHHHT,2,8,1
HHHHHHHH,HHHHHHHT,2,9,0
HTHTTHTH,HTTHTTHT,2,10,1
HTHTHHTH,THTTHHTH,2,11,0
HTHTTHTH,HTHHTHHT,2,12,0
THHTHHTH,HTHTTHTH,2,13,0
THTHTTHT,HTTHHTTH,2,14,1
TTTTHHHH,HTHHTHHT,2,15,0
HTHTTHTH,HHHHHHHT,2,16,1
THTTHTTH,HTHTTHTH,2,17,1
HHHHHHHT,THTHHTHT,2,18,0
TTTTHHHH,HTTHTTHT,2,19,0
TTTTTTT,HHHHHHT,2,20,0
HTHHTHHT,TTHTHTHH,2,21,1
HTTTTTTT,HTHTTHTH,2,22,0
HHHHHHHT,THTHTHTH,2,23,0
THHHHHHH,HTHTHTHT,2,24,0
THTHTTHT,HTTHTHHT,2,25,1
HHHHHHHT,HTHHTHHT,2,26,0
HTTHTTHT,HHHHTTTT,2,27,1
HHHHHHH,HTTTTTH,2,28,0
THTHTHTH,HTTTTTTT,2,29,1
THHHHHHH,HTHTTHTH,2,30,0
TTTTHHHH,THHTHHTH,2,31,0
HTTTTTTT,THTHHTHT,2,32,0
HTHTHTHT,TTTTTTTH,2,33,1
HTTTTTTT,HTHHTTHT,2,34,0
THHHHHHH,THTHHTHT,2,35,0
HTHHHHHH,HTHTHTHT,2,36,0
HTHHTTHT,THHHHHHH,2,37,1
HTHHTHHT,TTTHTHTH,2,38,1
THTHHTHT,THTTHTTH,2,39,1
HHHHHHH,HHHHHHT,2,40,0
THTHTHTH,THHHHHHH,2,41,1
HTHTTHTH,TTTTTTTH,2,42,1
TTHTHTHH,HTHHHTHH,2,43,1
HTHHTHHT,THTHHTHT,2,44,0
TTTTTTH,HHHHHHH,2,45,1
HHTHTHHT,HHHHHHHT,2,46,1
TTTTTTTT,HTTHHTTH,2,47,0
HTHTHTH,HHHHHHT,2,48,1
HTTHTTHT,THTHHTHT,2,49,0
HHHHHHT,THTHTHT,2,50,0
TTTTHTHT,HTHHTHHT,2,51,0
THTHHTHT,TTTTTTTH,2,52,1
TTTTTTH,TTHHTTH,2,53,0
TTHTHTTH,HHHHHHHT,2,54,1
HTTHT,TTTTH,2,55,1
HTTTTTTT,HHHHHHHH,2,56,1
TTT,HTT,2,57,0
TTTTTTT,TTTTTTH,2,58,0
HTTHTTHT,HTHTHHHH,2,59,1
HTTHHTTH,HTHTHTTT,2,60,0
THH,TTT,2,61,1
HTHTHTHT,HHHHHHTH,2,62,1
HTHTHTTT,HTTHTHHT,2,63,1
HTHTTHTH,HHHHHHTH,2,64,1
THTHTHHH,HTTHHTTH,3,1,0
HTHTTHTH,HTHHHHHT,3,2,1
HTHTHTHT,HTTTTTTT,3,3,1
HTHHTHHT,HHHHTTTT,3,4,1
TTTTTTH,HHTTHHT,3,5,0
TTTTTTTT,HHHHHHHT,3,6,0
TTTTTTH,HTTTHHT,3,7,0
HTHTHTHT,HHHHHHHT,3,8,1
HHHHHHHT,HHHHHHHH,3,9,1
HTTHTTHT,HTHTTHTH,3,10,1
HTHTHHTH,THTTHHTH,3,11,0
HTHHTHHT,HTHTTHTH,3,12,0
HTHTTHTH,THHTHHTH,3,13,1
HTTHHTTH,THTHTTHT,3,14,1
TTTTHHHH,HTHHTHHT,3,15,0
HHHHHHHT,HTHTTHTH,3,16,0
HTHTTHTH,THTTHTTH,3,17,0
HHHHHHHT,THTHHTHT,3,18,0
HTTHTTHT,TTTTHHHH,3,19,1
HHHHHHT,TTTTTTT,3,20,1
HTHHTHHT,TTHTHTHH,3,21,0
HTHTTHTH,HTTTTTTT,3,22,1
HHHHHHHT,THTHTHTH,3,23,0
THHHHHHH,HTHTHTHT,3,24,0
THTHTTHT,HTTHTHHT,3,25,0
HHHHHHHT,HTHHTHHT,3,26,0
HTTHTTHT,HHHHTTTT,3,27,1
HTTTTTH,HHHHHHH,3,28,1
HTTTTTTT,THTHTHTH,3,29,1
HTHTTHTH,THHHHHHH,3,30,1
TTTTHHHH,THHTHHTH,3,31,0
HTTTTTTT,THTHHTHT,3,32,0
HTHTHTHT,TTTTTTTH,3,33,0
HTTTTTTT,HTHHTTHT,3,34,0
THHHHHHH,THTHHTHT,3,35,0
HTHTHTHT,HTHHHHHH,3,36,1
THHHHHHH,HTHHTTHT,3,37,0
TTTHTHTH,HTHHTHHT,3,38,1
THTHHTHT,THTTHTTH,3,39,1
HHHHHHH,HHHHHHT,3,40,0
THHHHHHH,THTHTHTH,3,41,1
HTHTTHTH,TTTTTTTH,3,42,1
HTHHHTHH,TTHTHTHH,3,43,0
THTHHTHT,HTHHTHHT,3,44,1
TTTTTTH,HHHHHHH,3,45,1
HHTHTHHT,HHHHHHHT,3,46,1
TTTTTTTT,HTTHHTTH,3,47,0
HHHHHHT,HTHTHTH,3,48,0
THTHHTHT,HTTHTTHT,3,49,0
HHHHHHT,THTHTHT,3,50,0
TTTTHTHT,HTHHTHHT,3,51,1
THTHHTHT,TTTTTTTH,3,52,1
TTTTTTH,TTHHTTH,3,53,0
TTHTHTTH,HHHHHHHT,3,54,1
TTTTH,HTTHT,3,55,0
HHHHHHHH,HTTTTTTT,3,56,0
TTT,HTT,3,57,0
TTTTTTT,TTTTTTH,3,58,0
HTHTHHHH,HTTHTTHT,3,59,0
HTTHHTTH,HTHTHTTT,3,60,0
THH,TTT,3,61,1
HTHTHTHT,HHHHHHTH,3,62,1
HTHTHTTT,HTTHTHHT,3,63,0
HHHHHHTH,HTHTTHTH,3,64,0
THTHTHHH,HTTHHTTH,4,1,0
HTHTTHTH,HTHHHHHT,4,2,1
HTHTHTHT,HTTTTTTT,4,3,1
HHHHTTTT,HTHHTHHT,4,4,0
HHTTHHT,TTTTTTH,4,5,1
TTTTTTTT,HHHHHHHT,4,6,0
TTTTTTH,HTTTHHT,4,7,0
HHHHHHHT,HTHTHTHT,4,8,1
HHHHHHHT,HHHHHHHH,4,9,1
HTTHTTHT,HTHTTHTH,4,10,0
HTHTHHTH,THTTHHTH,4,11,0
HTHHTHHT,HTHTTHTH,4,12,0
HTHTTHTH,THHTHHTH,4,13,1
THTHTTHT,HTTHHTTH,4,14,0
HTHHTHHT,TTTTHHHH,4,15,1
HHHHHHHT,HTHTTHTH,4,16,0
THTTHTTH,HTHTTHTH,4,17,0
THTHHTHT,HHHHHHHT,4,18,1
TTTTHHHH,HTTHTTHT,4,19,0
HHHHHHT,TTTTTTT,4,20,1
HTHHTHHT,TTHTHTHH,4,21,0
HTTTTTTT,HTHTTHTH,4,22,0
HHHHHHHT,THTHTHTH,4,23,0
THHHHHHH,HTHTHTHT,4,24,1
THTHTTHT,HTTHTHHT,4,25,0
HTHHTHHT,HHHHHHHT,4,26,1
HHHHTTTT,HTTHTTHT,4,27,0
HTTTTTH,HHHHHHH,4,28,1
THTHTHTH,HTTTTTTT,4,29,0
THHHHHHH,HTHTTHTH,4,30,0
THHTHHTH,TTTTHHHH,4,31,1
HTTTTTTT,THTHHTHT,4,32,0
HTHTHTHT,TTTTTTTH,4,33,0
HTHHTTHT,HTTTTTTT,4,34,1
THHHHHHH,THTHHTHT,4,35,0
HTHHHHHH,HTHTHTHT,4,36,1
HTHHTTHT,THHHHHHH,4,37,1
HTHHTHHT,TTTHTHTH,4,38,0
THTHHTHT,THTTHTTH,4,39,0
HHHHHHT,HHHHHHH,4,40,1
THHHHHHH,THTHTHTH,4,41,1
TTTTTTTH,HTHTTHTH,4,42,0
HTHHHTHH,TTHTHTHH,4,43,0
THTHHTHT,HTHHTHHT,4,44,0
TTTTTTH,HHHHHHH,4,45,1
HHTHTHHT,HHHHHHHT,4,46,1
HTTHHTTH,TTTTTTTT,4,47,1
HHHHHHT,HTHTHTH,4,48,1
THTHHTHT,HTTHTTHT,4,49,0
THTHTHT,HHHHHHT,4,50,0
TTTTHTHT,HTHHTHHT,4,51,0
TTTTTTTH,THTHHTHT,4,52,0
TTHHTTH,TTTTTTH,4,53,1
TTHTHTTH,HHHHHHHT,4,54,1
HTTHT,TTTTH,4,55,1
HTTTTTTT,HHHHHHHH,4,56,1
HTT,TTT,4,57,1
TTTTTTT,TTTTTTH,4,58,0
HTTHTTHT,HTHTHHHH,4,59,1
HTTHHTTH,HTHTHTTT,4,60,1
TTT,THH,4,61,0
HHHHHHTH,HTHTHTHT,4,62,1
HTHTHTTT,HTTHTHHT,4,63,0
HTHTTHTH,HHHHHHTH,4,64,1
THTHTHHH,HTTHHTTH,5,1,0
HTHTTHTH,HTHHHHHT,5,2,1
HTHTHTHT,HTTTTTTT,5,3,1
HHHHTTTT,HTHHTHHT,5,4,0
HHTTHHT,TTTTTTH,5,5,1
HHHHHHHT,TTTTTTTT,5,6,1
TTTTTTH,HTTTHHT,5,7,0
HTHTHTHT,HHHHHHHT,5,8,1
HHHHHHHT,HHHHHHHH,5,9,1
HTHTTHTH,HTTHTTHT,5,10,0
HTHTHHTH,THTTHHTH,5,11,1
HTHTTHTH,HTHHTHHT,5,12,1
THHTHHTH,HTHTTHTH,5,13,0
HTTHHTTH,THTHTTHT,5,14,0
TTTTHHHH,HTHHTHHT,5,15,0
HHHHHHHT,HTHTTHTH,5,16,0
HTHTTHTH,THTTHTTH,5,17,0
HHHHHHHT,THTHHTHT,5,18,0
TTTTHHHH,HTTHTTHT,5,19,0
TTTTTTT,HHHHHHT,5,20,0
HTHHTHHT,TTHTHTHH,5,21,1
HTHTTHTH,HTTTTTTT,5,22,1
HHHHHHHT,THTHTHTH,5,23,0
HTHTHTHT,THHHHHHH,5,24,1
HTTHTHHT,THTHTTHT,5,25,0
HTHHTHHT,HHHHHHHT,5,26,1
HHHHTTTT,HTTHTTHT,5,27,0
HTTTTTH,HHHHHHH,5,28,1
HTTTTTTT,THTHTHTH,5,29,0
THHHHHHH,HTHTTHTH,5,30,0
TTTTHHHH,THHTHHTH,5,31,0
THTHHTHT,HTTTTTTT,5,32,1
TTTTTTTH,HTHTHTHT,5,33,0
HTHHTTHT,HTTTTTTT,5,34,1
THHHHHHH,THTHHTHT,5,35,0
HTHHHHHH,HTHTHTHT,5,36,0
THHHHHHH,HTHHTTHT,5,37,0
TTTHTHTH,HTHHTHHT,5,38,0
THTTHTTH,THTHHTHT,5,39,1
HHHHHHT,HHHHHHH,5,40,0
THTHTHTH,THHHHHHH,5,41,1
TTTTTTTH,HTHTTHTH,5,42,0
TTHTHTHH,HTHHHTHH,5,43,1
THTHHTHT,HTHHTHHT,5,44,1
TTTTTTH,HHHHHHH,5,45,0
HHHHHHHT,HHTHTHHT,5,46,0
HTTHHTTH,TTTTTTTT,5,47,1
HTHTHTH,HHHHHHT,5,48,1
THTHHTHT,HTTHTTHT,5,49,1
HHHHHHT,THTHTHT,5,50,0
HTHHTHHT,TTTTHTHT,5,51,1
THTHHTHT,TTTTTTTH,5,52,1
TTHHTTH,TTTTTTH,5,53,1
HHHHHHHT,TTHTHTTH,5,54,0
HTTHT,TTTTH,5,55,1
HHHHHHHH,HTTTTTTT,5,56,0
HTT,TTT,5,57,1
TTTTTTT,TTTTTTH,5,58,0
HTTHTTHT,HTHTHHHH,5,59,1
HTTHHTTH,HTHTHTTT,5,60,1
TTT,THH,5,61,0
HTHTHTHT,HHHHHHTH,5,62,1
HTHTHTTT,HTTHTHHT,5,63,1
HTHTTHTH,HHHHHHTH,5,64,1
HTTHHTTH,THTHTHHH,6,1,0
HTHHHHHT,HTHTTHTH,6,2,0
HTHTHTHT,HTTTTTTT,6,3,1
HTHHTHHT,HHHHTTTT,6,4,1
HHTTHHT,TTTTTTH,6,5,1
TTTTTTTT,HHHHHHHT,6,6,0
HTTTHHT,TTTTTTH,6,7,1
HHHHHHHT,HTHTHTHT,6,8,0
HHHHHHHT,HHHHHHHH,6,9,1
HTTHTTHT,HTHTTHTH,6,10,1
HTHTHHTH,THTTHHTH,6,11,1
HTHHTHHT,HTHTTHTH,6,12,1
THHTHHTH,HTHTTHTH,6,13,0
HTTHHTTH,THTHTTHT,6,14,0
HTHHTHHT,TTTTHHHH,6,15,1
HTHTTHTH,HHHHHHHT,6,16,1
THTTHTTH,HTHTTHTH,6,17,0
HHHHHHHT,THTHHTHT,6,18,0
TTTTHHHH,HTTHTTHT,6,19,0
TTTTTTT,HHHHHHT,6,20,0
TTHTHTHH,HTHHTHHT,6,21,1
HTTTTTTT,HTHTTHTH,6,22,0
THTHTHTH,HHHHHHHT,6,23,1
THHHHHHH,HTHTHTHT,6,24,0
HTTHTHHT,THTHTTHT,6,25,0
HTHHTHHT,HHHHHHHT,6,26,1
HHHHTTTT,HTTHTTHT,6,27,0
HTTTTTH,HHHHHHH,6,28,1
THTHTHTH,HTTTTTTT,6,29,1
THHHHHHH,HTHTTHTH,6,30,0
TTTTHHHH,THHTHHTH,6,31,0
THTHHTHT,HTTTTTTT,6,32,1
HTHTHTHT,TTTTTTTH,6,33,1
HTTTTTTT,HTHHTTHT,6,34,0
THTHHTHT,THHHHHHH,6,35,1
HTHHHHHH,HTHTHTHT,6,36,0
HTHHTTHT,THHHHHHH,6,37,1
HTHHTHHT,TTTHTHTH,6,38,1
THTHHTHT,THTTHTTH,6,39,1
HHHHHHT,HHHHHHH,6,40,1
THTHTHTH,THHHHHHH,6,41,1
HTHTTHTH,TTTTTTTH,6,42,1
TTHTHTHH,HTHHHTHH,6,43,1
THTHHTHT,HTHHTHHT,6,44,1
HHHHHHH,TTTTTTH,6,45,0
HHHHHHHT,HHTHTHHT,6,46,0
TTTTTTTT,HTTHHTTH,6,47,0
HTHTHTH,HHHHHHT,6,48,1
THTHHTHT,HTTHTTHT,6,49,1
HHHHHHT,THTHTHT,6,50,0
HTHHTHHT,TTTTHTHT,6,51,1
THTHHTHT,TTTTTTTH,6,52,1
TTTTTTH,TTHHTTH,6,53,0
TTHTHTTH,HHHHHHHT,6,54,1
HTTHT,TTTTH,6,55,1
HHHHHHHH,HTTTTTTT,6,56,0
HTT,TTT,6,57,1
TTTTTTH,TTTTTTT,6,58,1
HTHTHHHH,HTTHTTHT,6,59,1
HTHTHTTT,HTTHHTTH,6,60,1
TTT,THH,6,61,0
HHHHHHTH,HTHTHTHT,6,62,0
HTHTHTTT,HTTHTHHT,6,63,1
HHHHHHTH,HTHTTHTH,6,64,0
HTTHHTTH,THTHTHHH,7,1,0
HTHHHHHT,HTHTTHTH,7,2,1
HTHTHTHT,HTTTTTTT,7,3,1
HTHHTHHT,HHHHTTTT,7,4,1
TTTTTTH,HHTTHHT,7,5,0
HHHHHHHT,TTTTTTTT,7,6,1
TTTTTTH,HTTTHHT,7,7,0
HHHHHHHT,HTHTHTHT,7,8,0
HHHHHHHH,HHHHHHHT,7,9,0
HTTHTTHT,HTHTTHTH,7,10,0
HTHTHHTH,THTTHHTH,7,11,1
HTHHTHHT,HTHTTHTH,7,12,1
THHTHHTH,HTHTTHTH,7,13,1
HTTHHTTH,THTHTTHT,7,14,1
HTHHTHHT,TTTTHHHH,7,15,0
HTHTTHTH,HHHHHHHT,7,16,1
THTTHTTH,HTHTTHTH,7,17,1
HHHHHHHT,THTHHTHT,7,18,0
HTTHTTHT,TTTTHHHH,7,19,1
HHHHHHT,TTTTTTT,7,20,1
TTHTHTHH,HTHHTHHT,7,21,1
HTTTTTTT,HTHTTHTH,7,22,0
HHHHHHHT,THTHTHTH,7,23,0
HTHTHTHT,THHHHHHH,7,24,1
THTHTTHT,HTTHTHHT,7,25,0
HTHHTHHT,HHHHHHHT,7,26,1
HHHHTTTT,HTTHTTHT,7,27,0
HHHHHHH,HTTTTTH,7,28,0
HTTTTTTT,THTHTHTH,7,29,0
HTHTTHTH,THHHHHHH,7,30,1
TTTTHHHH,THHTHHTH,7,31,0
THTHHTHT,HTTTTTTT,7,32,1
HTHTHTHT,TTTTTTTH,7,33,1
HTHHTTHT,HTTTTTTT,7,34,1
THHHHHHH,THTHHTHT,7,35,0
HTHTHTHT,HTHHHHHH,7,36,1
HTHHTTHT,THHHHHHH,7,37,1
HTHHTHHT,TTTHTHTH,7,38,1
THTTHTTH,THTHHTHT,7,39,0
HHHHHHT,HHHHHHH,7,40,1
THTHTHTH,THHHHHHH,7,41,1
TTTTTTTH,HTHTTHTH,7,42,0
TTHTHTHH,HTHHHTHH,7,43,1
HTHHTHHT,THTHHTHT,7,44,0
TTTTTTH,HHHHHHH,7,45,1
HHHHHHHT,HHTHTHHT,7,46,0
HTTHHTTH,TTTTTTTT,7,47,1
HHHHHHT,HTHTHTH,7,48,0
THTHHTHT,HTTHTTHT,7,49,0
THTHTHT,HHHHHHT,7,50,1
HTHHTHHT,TTTTHTHT,7,51,0
THTHHTHT,TTTTTTTH,7,52,1
TTTTTTH,TTHHTTH,7,53,0
HHHHHHHT,TTHTHTTH,7,54,0
HTTHT,TTTTH,7,55,1
HTTTTTTT,HHHHHHHH,7,56,1
TTT,HTT,7,57,0
TTTTTTH,TTTTTTT,7,58,1
HTHTHHHH,HTTHTTHT,7,59,0
HTTHHTTH,HTHTHTTT,7,60,0
TTT,THH,7,61,0
HHHHHHTH,HTHTHTHT,7,62,0
HTHTHTTT,HTTHTHHT,7,63,1
HHHHHHTH,HTHTTHTH,7,64,0
HTTHHTTH,THTHTHHH,8,1,1
HTHTTHTH,HTHHHHHT,8,2,1
HTTTTTTT,HTHTHTHT,8,3,0
HHHHTTTT,HTHHTHHT,8,4,0
HHTTHHT,TTTTTTH,8,5,1
HHHHHHHT,TTTTTTTT,8,6,1
TTTTTTH,HTTTHHT,8,7,0
HTHTHTHT,HHHHHHHT,8,8,0
HHHHHHHT,HHHHHHHH,8,9,1
HTHTTHTH,HTTHTTHT,8,10,0
THTTHHTH,HTHTHHTH,8,11,1
HTHHTHHT,HTHTTHTH,8,12,0
HTHTTHTH,THHTHHTH,8,13,1
HTTHHTTH,THTHTTHT,8,14,1
TTTTHHHH,HTHHTHHT,8,15,0
HTHTTHTH,HHHHHHHT,8,16,1
HTHTTHTH,THTTHTTH,8,17,1
HHHHHHHT,THTHHTHT,8,18,0
HTTHTTHT,TTTTHHHH,8,19,1
HHHHHHT,TTTTTTT,8,20,1
HTHHTHHT,TTHTHTHH,8,21,0
HTHTTHTH,HTTTTTTT,8,22,1
THTHTHTH,HHHHHHHT,8,23,0
THHHHHHH,HTHTHTHT,8,24,1
HTTHTHHT,THTHTTHT,8,25,1
HTHHTHHT,HHHHHHHT,8,26,1
HTTHTTHT,HHHHTTTT,8,27,1
HTTTTTH,HHHHHHH,8,28,1
THTHTHTH,HTTTTTTT,8,29,0
HTHTTHTH,THHHHHHH,8,30,1
THHTHHTH,TTTTHHHH,8,31,0
HTTTTTTT,THTHHTHT,8,32,0
TTTTTTTH,HTHTHTHT,8,33,0
HTTTTTTT,HTHHTTHT,8,34,0
THTHHTHT,THHHHHHH,8,35,1
HTHTHTHT,HTHHHHHH,8,36,0
THHHHHHH,HTHHTTHT,8,37,0
HTHHTHHT,TTTHTHTH,8,38,1
THTTHTTH,THTHHTHT,8,39,1
HHHHHHH,HHHHHHT,8,40,0
THTHTHTH,THHHHHHH,8,41,1
HTHTTHTH,TTTTTTTH,8,42,1
HTHHHTHH,TTHTHTHH,8,43,0
HTHHTHHT,THTHHTHT,8,44,0
HHHHHHH,TTTTTTH,8,45,0
HHHHHHHT,HHTHTHHT,8,46,0
TTTTTTTT,HTTHHTTH,8,47,0
HHHHHHT,HTHTHTH,8,48,0
THTHHTHT,HTTHTTHT,8,49,1
THTHTHT,HHHHHHT,8,50,1
TTTTHTHT,HTHHTHHT,8,51,0
TTTTTTTH,THTHHTHT,8,52,0
TTHHTTH,TTTTTTH,8,53,1
TTHTHTTH,HHHHHHHT,8,54,1
HTTHT,TTTTH,8,55,1
HHHHHHHH,HTTTTTTT,8,56,0
TTT,HTT,8,57,0
TTTTTTH,TTTTTTT,8,58,1
HTHTHHHH,HTTHTTHT,8,59,1
HTHTHTTT,HTTHHTTH,8,60,0
TTT,THH,8,61,0
HTHTHTHT,HHHHHHTH,8,62,1
HTTHTHHT,HTHTHTTT,8,63,1
HTHTTHTH,HHHHHHTH,8,64,1
HTTHHTTH,THTHTHHH,9,1,1
HTHHHHHT,HTHTTHTH,9,2,0
HTTTTTTT,HTHTHTHT,9,3,0
HTHHTHHT,HHHHTTTT,9,4,1
HHTTHHT,TTTTTTH,9,5,1
TTTTTTTT,HHHHHHHT,9,6,0
TTTTTTH,HTTTHHT,9,7,0
HTHTHTHT,HHHHHHHT,9,8,1
HHHHHHHH,HHHHHHHT,9,9,0
HTTHTTHT,HTHTTHTH,9,10,0
THTTHHTH,HTHTHHTH,9,11,0
HTHHTHHT,HTHTTHTH,9,12,0
THHTHHTH,HTHTTHTH,9,13,0
THTHTTHT,HTTHHTTH,9,14,1
TTTTHHHH,HTHHTHHT,9,15,0
HTHTTHTH,HHHHHHHT,9,16,1
THTTHTTH,HTHTTHTH,9,17,1
THTHHTHT,HHHHHHHT,9,18,1
TTTTHHHH,HTTHTTHT,9,19,0
TTTTTTT,HHHHHHT,9,20,0
HTHHTHHT,TTHTHTHH,9,21,1
HTHTTHTH,HTTTTTTT,9,22,1
THTHTHTH,HHHHHHHT,9,23,1
THHHHHHH,HTHTHTHT,9,24,0
THTHTTHT,HTTHTHHT,9,25,1
HHHHHHHT,HTHHTHHT,9,26,0
HHHHTTTT,HTTHTTHT,9,27,0
HHHHHHH,HTTTTTH,9,28,0
HTTTTTTT,THTHTHTH,9,29,0
HTHTTHTH,THHHHHHH,9,30,1
THHTHHTH,TTTTHHHH,9,31,1
HTTTTTTT,THTHHTHT,9,32,0
TTTTTTTH,HTHTHTHT,9,33,0
HTTTTTTT,HTHHTTHT,9,34,0
THTHHTHT,THHHHHHH,9,35,1
HTHTHTHT,HTHHHHHH,9,36,1
HTHHTTHT,THHHHHHH,9,37,1
TTTHTHTH,HTHHTHHT,9,38,1
THTHHTHT,THTTHTTH,9,39,1
HHHHHHT,HHHHHHH,9,40,1
THHHHHHH,THTHTHTH,9,41,0
HTHTTHTH,TTTTTTTH,9,42,1
HTHHHTHH,TTHTHTHH,9,43,0
HTHHTHHT,THTHHTHT,9,44,0
HHHHHHH,TTTTTTH,9,45,0
HHHHHHHT,HHTHTHHT,9,46,0
TTTTTTTT,HTTHHTTH,9,47,0
HTHTHTH,HHHHHHT,9,48,1
THTHHTHT,HTTHTTHT,9,49,1
THTHTHT,HHHHHHT,9,50,1
HTHHTHHT,TTTTHTHT,9,51,1
THTHHTHT,TTTTTTTH,9,52,1
TTTTTTH,TTHHTTH,9,53,0
TTHTHTTH,HHHHHHHT,9,54,1
HTTHT,TTTTH,9,55,1
HHHHHHHH,HTTTTTTT,9,56,0
HTT,TTT,9,57,1
TTTTTTH,TTTTTTT,9,58,1
HTTHTTHT,HTHTHHHH,9,59,1
HTHTHTTT,HTTHHTTH,9,60,1
THH,TTT,9,61,1
HHHHHHTH,HTHTHTHT,9,62,0
HTHTHTTT,HTTHTHHT,9,63,0
HHHHHHTH,HTHTTHTH,9,64,0
HTTHHTTH,THTHTHHH,10,1,1
HTHTTHTH,HTHHHHHT,10,2,1
HTHTHTHT,HTTTTTTT,10,3,1
HHHHTTTT,HTHHTHHT,10,4,0
HHTTHHT,TTTTTTH,10,5,1
HHHHHHHT,TTTTTTTT,10,6,1
HTTTHHT,TTTTTTH,10,7,1
HHHHHHHT,HTHTHTHT,10,8,0
HHHHHHHT,HHHHHHHH,10,9,1
HTHTTHTH,HTTHTTHT,10,10,1
HTHTHHTH,THTTHHTH,10,11,1
HTHHTHHT,HTHTTHTH,10,12,1
HTHTTHTH,THHTHHTH,10,13,1
HTTHHTTH,THTHTTHT,10,14,1
TTTTHHHH,HTHHTHHT,10,15,0
HHHHHHHT,HTHTTHTH,10,16,0
THTTHTTH,HTHTTHTH,10,17,1
HHHHHHHT,THTHHTHT,10,18,0
TTTTHHHH,HTTHTTHT,10,19,1
TTTTTTT,HHHHHHT,10,20,0
TTHTHTHH,HTHHTHHT,10,21,0
HTTTTTTT,HTHTTHTH,10,22,0
THTHTHTH,HHHHHHHT,10,23,1
THHHHHHH,HTHTHTHT,10,24,0
THTHTTHT,HTTHTHHT,10,25,0
HTHHTHHT,HHHHHHHT,10,26,1
HHHHTTTT,HTTHTTHT,10,27,1
HHHHHHH,HTTTTTH,10,28,0
HTTTTTTT,THTHTHTH,10,29,0
HTHTTHTH,THHHHHHH,10,30,1
TTTTHHHH,THHTHHTH,10,31,0
HTTTTTTT,THTHHTHT,10,32,0
TTTTTTTH,HTHTHTHT,10,33,0
HTTTTTTT,HTHHTTHT,10,34,0
THTHHTHT,THHHHHHH,10,35,1
HTHHHHHH,HTHTHTHT,10,36,0
THHHHHHH,HTHHTTHT,10,37,0
TTTHTHTH,HTHHTHHT,10,38,0
THTTHTTH,THTHHTHT,10,39,1
HHHHHHT,HHHHHHH,10,40,1
THHHHHHH,THTHTHTH,10,41,0
TTTTTTTH,HTHTTHTH,10,42,0
TTHTHTHH,HTHHHTHH,10,43,1
THTHHTHT,HTHHTHHT,10,44,0
HHHHHHH,TTTTTTH,10,45,0
HHHHHHHT,HHTHTHHT,10,46,0
TTTTTTTT,HTTHHTTH,10,47,0
HHHHHHT,HTHTHTH,10,48,0
HTTHTTHT,THTHHTHT,10,49,0
THTHTHT,HHHHHHT,10,50,1
HTHHTHHT,TTTTHTHT,10,51,0
TTTTTTTH,THTHHTHT,10,52,0
TTTTTTH,TTHHTTH,10,53,0
HHHHHHHT,TTHTHTTH,10,54,0
HTTHT,TTTTH,10,55,1
HTTTTTTT,HHHHHHHH,10,56,1
HTT,TTT,10,57,1
TTTTTTT,TTTTTTH,10,58,0
HTTHTTHT,HTHTHHHH,10,59,0
HTHTHTTT,HTTHHTTH,10,60,1
THH,TTT,10,61,1
HHHHHHTH,HTHTHTHT,10,62,0
HTHTHTTT,HTTHTHHT,10,63,1
HTHTTHTH,HHHHHHTH,10,64,1
THTHTHHH,HTTHHTTH,11,1,0
HTHHHHHT,HTHTTHTH,11,2,1
HTTTTTTT,HTHTHTHT,11,3,1
HHHHTTTT,HTHHTHHT,11,4,0
TTTTTTH,HHTTHHT,11,5,0
TTTTTTTT,HHHHHHHT,11,6,0
HTTTHHT,TTTTTTH,11,7,1
HHHHHHHT,HTHTHTHT,11,8,1
HHHHHHHT,HHHHHHHH,11,9,1
HTTHTTHT,HTHTTHTH,11,10,0
HTHTHHTH,THTTHHTH,11,11,1
HTHTTHTH,HTHHTHHT,11,12,1
THHTHHTH,HTHTTHTH,11,13,0
THTHTTHT,HTTHHTTH,11,14,1
HTHHTHHT,TTTTHHHH,11,15,1
HHHHHHHT,HTHTTHTH,11,16,0
HTHTTHTH,THTTHTTH,11,17,0
THTHHTHT,HHHHHHHT,11,18,1
HTTHTTHT,TTTTHHHH,11,19,1
HHHHHHT,TTTTTTT,11,20,1
TTHTHTHH,HTHHTHHT,11,21,0
HTHTTHTH,HTTTTTTT,11,22,1
HHHHHHHT,THTHTHTH,11,23,1
HTHTHTHT,THHHHHHH,11,24,1
HTTHTHHT,THTHTTHT,11,25,1
HTHHTHHT,HHHHHHHT,11,26,1
HHHHTTTT,HTTHTTHT,11,27,0
HTTTTTH,HHHHHHH,11,28,1
THTHTHTH,HTTTTTTT,11,29,0
HTHTTHTH,THHHHHHH,11,30,1
THHTHHTH,TTTTHHHH,11,31,0
THTHHTHT,HTTTTTTT,11,32,1
HTHTHTHT,TTTTTTTH,11,33,0
HTTTTTTT,HTHHTTHT,11,34,0
THTHHTHT,THHHHHHH,11,35,1
HTHTHTHT,HTHHHHHH,11,36,0
HTHHTTHT,THHHHHHH,11,37,1
TTTHTHTH,HTHHTHHT,11,38,0
THTTHTTH,THTHHTHT,11,39,1
HHHHHHT,HHHHHHH,11,40,1
THHHHHHH,THTHTHTH,11,41,1
HTHTTHTH,TTTTTTTH,11,42,1
HTHHHTHH,TTHTHTHH,11,43,0
HTHHTHHT,THTHHTHT,11,44,0
TTTTTTH,HHHHHHH,11,45,1
HHTHTHHT,HHHHHHHT,11,46,1
HTTHHTTH,TTTTTTTT,11,47,1
HHHHHHT,HTHTHTH,11,48,1
HTTHTTHT,THTHHTHT,11,49,0
THTHTHT,HHHHHHT,11,50,0
HTHHTHHT,TTTTHTHT,11,51,1
THTHHTHT,TTTTTTTH,11,52,1
TTTTTTH,TTHHTTH,11,53,0
HHHHHHHT,TTHTHTTH,11,54,0
HTTHT,TTTTH,11,55,1
HTTTTTTT,HHHHHHHH,11,56,1
TTT,HTT,11,57,0
TTTTTTT,TTTTTTH,11,58,0
HTTHTTHT,HTHTHHHH,11,59,1
HTHTHTTT,HTTHHTTH,11,60,1
THH,TTT,11,61,1
HTHTHTHT,HHHHHHTH,11,62,0
HTHTHTTT,HTTHTHHT,11,63,0
HTHTTHTH,HHHHHHTH,11,64,1
HTTHHTTH,THTHTHHH,12,1,1
HTHTTHTH,HTHHHHHT,12,2,1
HTHTHTHT,HTTTTTTT,12,3,1
HTHHTHHT,HHHHTTTT,12,4,1
HHTTHHT,TTTTTTH,12,5,1
HHHHHHHT,TTTTTTTT,12,6,1
HTTTHHT,TTTTTTH,12,7,1
HHHHHHHT,HTHTHTHT,12,8,0
HHHHHHHH,HHHHHHHT,12,9,0
HTHTTHTH,HTTHTTHT,12,10,0
HTHTHHTH,THTTHHTH,12,11,1
HTHHTHHT,HTHTTHTH,12,12,0
THHTHHTH,HTHTTHTH,12,13,0
HTTHHTTH,THTHTTHT,12,14,1
HTHHTHHT,TTTTHHHH,12,15,1
HTHTTHTH,HHHHHHHT,12,16,1
HTHTTHTH,THTTHTTH,12,17,0
HHHHHHHT,THTHHTHT,12,18,0
TTTTHHHH,HTTHTTHT,12,19,0
HHHHHHT,TTTTTTT,12,20,1
TTHTHTHH,HTHHTHHT,12,21,0
HTTTTTTT,HTHTTHTH,12,22,0
THTHTHTH,HHHHHHHT,12,23,1
THHHHHHH,HTHTHTHT,12,24,0
THTHTTHT,HTTHTHHT,12,25,1
HTHHTHHT,HHHHHHHT,12,26,1
HTTHTTHT,HHHHTTTT,12,27,1
HHHHHHH,HTTTTTH,12,28,0
HTTTTTTT,THTHTHTH,12,29,0
THHHHHHH,HTHTTHTH,12,30,0
THHTHHTH,TTTTHHHH,12,31,1
HTTTTTTT,THTHHTHT,12,32,0
HTHTHTHT,TTTTTTTH,12,33,1
HTHHTTHT,HTTTTTTT,12,34,1
THTHHTHT,THHHHHHH,12,35,1
HTHHHHHH,HTHTHTHT,12,36,0
HTHHTTHT,THHHHHHH,12,37,1
TTTHTHTH,HTHHTHHT,12,38,1
THTTHTTH,THTHHTHT,12,39,0
HHHHHHT,HHHHHHH,12,40,1
THTHTHTH,THHHHHHH,12,41,1
HTHTTHTH,TTTTTTTH,12,42,1
HTHHHTHH,TTHTHTHH,12,43,0
HTHHTHHT,THTHHTHT,12,44,1
TTTTTTH,HHHHHHH,12,45,1
HHTHTHHT,HHHHHHHT,12,46,1
TTTTTTTT,HTTHHTTH,12,47,0
HTHTHTH,HHHHHHT,12,48,1
THTHHTHT,HTTHTTHT,12,49,0
HHHHHHT,THTHTHT,12,50,0
HTHHTHHT,TTTTHTHT,12,51,1
TTTTTTTH,THTHHTHT,12,52,0
TTTTTTH,TTHHTTH,12,53,0
TTHTHTTH,HHHHHHHT,12,54,1
HTTHT,TTTTH,12,55,1
HHHHHHHH,HTTTTTTT,12,56,1
TTT,HTT,12,57,0
TTTTTTH,TTTTTTT,12,58,1
HTTHTTHT,HTHTHHHH,12,59,1
HTTHHTTH,HTHTHTTT,12,60,0
TTT,THH,12,61,0
HHHHHHTH,HTHTHTHT,12,62,0
HTHTHTTT,HTTHTHHT,12,63,1
HHHHHHTH,HTHTTHTH,12,64,0
HTTHHTTH,THTHTHHH,13,1,1
HTHTTHTH,HTHHHHHT,13,2,1
HTHTHTHT,HTTTTTTT,13,3,1
HTHHTHHT,HHHHTTTT,13,4,1
TTTTTTH,HHTTHHT,13,5,0
TTTTTTTT,HHHHHHHT,13,6,0
HTTTHHT,TTTTTTH,13,7,1
HHHHHHHT,HTHTHTHT,13,8,0
HHHHHHHT,HHHHHHHH,13,9,1
HTTHTTHT,HTHTTHTH,13,10,0
HTHTHHTH,THTTHHTH,13,11,1
HTHTTHTH,HTHHTHHT,13,12,1
THHTHHTH,HTHTTHTH,13,13,1
THTHTTHT,HTTHHTTH,13,14,1
HTHHTHHT,TTTTHHHH,13,15,1
HHHHHHHT,HTHTTHTH,13,16,0
HTHTTHTH,THTTHTTH,13,17,0
THTHHTHT,HHHHHHHT,13,18,1
HTTHTTHT,TTTTHHHH,13,19,1
TTTTTTT,HHHHHHT,13,20,0
HTHHTHHT,TTHTHTHH,13,21,1
HTTTTTTT,HTHTTHTH,13,22,0
HHHHHHHT,THTHTHTH,13,23,0
HTHTHTHT,THHHHHHH,13,24,1
THTHTTHT,HTTHTHHT,13,25,1
HHHHHHHT,HTHHTHHT,13,26,0
HHHHTTTT,HTTHTTHT,13,27,0
HTTTTTH,HHHHHHH,13,28,1
THTHTHTH,HTTTTTTT,13,29,1
HTHTTHTH,THHHHHHH,13,30,1
THHTHHTH,TTTTHHHH,13,31,1
HTTTTTTT,THTHHTHT,13,32,0
HTHTHTHT,TTTTTTTH,13,33,1
HTTTTTTT,HTHHTTHT,13,34,0
THTHHTHT,THHHHHHH,13,35,1
HTHHHHHH,HTHTHTHT,13,36,0
HTHHTTHT,THHHHHHH,13,37,1
TTTHTHTH,HTHHTHHT,13,38,0
THTHHTHT,THTTHTTH,13,39,1
HHHHHHT,HHHHHHH,13,40,1
THHHHHHH,THTHTHTH,13,41,0
HTHTTHTH,TTTTTTTH,13,42,1
HTHHHTHH,TTHTHTHH,13,43,0
THTHHTHT,HTHHTHHT,13,44,1
HHHHHHH,TTTTTTH,13,45,0
HHHHHHHT,HHTHTHHT,13,46,0
TTTTTTTT,HTTHHTTH,13,47,0
HHHHHHT,HTHTHTH,13,48,0
THTHHTHT,HTTHTTHT,13,49,1
THTHTHT,HHHHHHT,13,50,0
TTTTHTHT,HTHHTHHT,13,51,0
TTTTTTTH,THTHHTHT,13,52,0
TTTTTTH,TTHHTTH,13,53,0
HHHHHHHT,TTHTHTTH,13,54,0
TTTTH,HTTHT,13,55,0
HHHHHHHH,HTTTTTTT,13,56,0
HTT,TTT,13,57,1
TTTTTTH,TTTTTTT,13,58,1
HTTHTTHT,HTHTHHHH,13,59,1
HTHTHTTT,HTTHHTTH,13,60,1
TTT,THH,13,61,0
HHHHHHTH,HTHTHTHT,13,62,0
HTTHTHHT,HTHTHTTT,13,63,1
HHHHHHTH,HTHTTHTH,13,64,0
HTTHHTTH,THTHTHHH,14,1,0
HTHTTHTH,HTHHHHHT,14,2,0
HTTTTTTT,HTHTHTHT,14,3,0
HTHHTHHT,HHHHTTTT,14,4,1
HHTTHHT,TTTTTTH,14,5,0
HHHHHHHT,TTTTTTTT,14,6,1
HTTTHHT,TTTTTTH,14,7,1
HHHHHHHT,HTHTHTHT,14,8,1
HHHHHHHH,HHHHHHHT,14,9,0
HTHTTHTH,HTTHTTHT,14,10,0
HTHTHHTH,THTTHHTH,14,11,0
HTHTTHTH,HTHHTHHT,14,12,0
HTHTTHTH,THHTHHTH,14,13,0
THTHTTHT,HTTHHTTH,14,14,1
HTHHTHHT,TTTTHHHH,14,15,0
HTHTTHTH,HHHHHHHT,14,16,1
THTTHTTH,HTHTTHTH,14,17,1
HHHHHHHT,THTHHTHT,14,18,0
TTTTHHHH,HTTHTTHT,14,19,1
TTTTTTT,HHHHHHT,14,20,1
HTHHTHHT,TTHTHTHH,14,21,0
HTHTTHTH,HTTTTTTT,14,22,1
HHHHHHHT,THTHTHTH,14,23,0
HTHTHTHT,THHHHHHH,14,24,0
THTHTTHT,HTTHTHHT,14,25,1
HHHHHHHT,HTHHTHHT,14,26,0
HHHHTTTT,HTTHTTHT,14,27,0
HTTTTTH,HHHHHHH,14,28,1
HTTTTTTT,THTHTHTH,14,29,0
HTHTTHTH,THHHHHHH,14,30,0
THHTHHTH,TTTTHHHH,14,31,0
HTTTTTTT,THTHHTHT,14,32,0
TTTTTTTH,HTHTHTHT,14,33,1
HTHHTTHT,HTTTTTTT,14,34,0
THHHHHHH,THTHHTHT,14,35,0
HTHTHTHT,HTHHHHHH,14,36,0
HTHHTTHT,THHHHHHH,14,37,0
TTTHTHTH,HTHHTHHT,14,38,1
THTTHTTH,THTHHTHT,14,39,0
HHHHHHH,HHHHHHT,14,40,0
THTHTHTH,THHHHHHH,14,41,0
HTHTTHTH,TTTTTTTH,14,42,0
TTHTHTHH,HTHHHTHH,14,43,1
HTHHTHHT,THTHHTHT,14,44,0
TTTTTTH,HHHHHHH,14,45,1
HHTHTHHT,HHHHHHHT,14,46,0
HTTHHTTH,TTTTTTTT,14,47,0
HTHTHTH,HHHHHHT,14,48,0
THTHHTHT,HTTHTTHT,14,49,1
HHHHHHT,THTHTHT,14,50,0
TTTTHTHT,HTHHTHHT,14,51,1
TTTTTTTH,THTHHTHT,14,52,0
TTTTTTH,TTHHTTH,14,53,1
HHHHHHHT,TTHTHTTH,14,54,0
TTTTH,HTTHT,14,55,1
HHHHHHHH,HTTTTTTT,14,56,0
TTT,HTT,14,57,1
TTTTTTT,TTTTTTH,14,58,0
HTTHTTHT,HTHTHHHH,14,59,1
HTTHHTTH,HTHTHTTT,14,60,0
THH,TTT,14,61,1
HTHTHTHT,HHHHHHTH,14,62,1
HTHTHTTT,HTTHTHHT,14,63,1
HTHTTHTH,HHHHHHTH,14,64,0
HTTHHTTH,THTHTHHH,15,1,0
HTHTTHTH,HTHHHHHT,15,2,0
HTHTHTHT,HTTTTTTT,15,3,1
HHHHTTTT,HTHHTHHT,15,4,0
HHTTHHT,TTTTTTH,15,5,1
TTTTTTTT,HHHHHHHT,15,6,0
HTTTHHT,TTTTTTH,15,7,1
HHHHHHHT,HTHTHTHT,15,8,1
HHHHHHHT,HHHHHHHH,15,9,1
HTTHTTHT,HTHTTHTH,15,10,0
THTTHHTH,HTHTHHTH,15,11,1
HTHTTHTH,HTHHTHHT,15,12,1
HTHTTHTH,THHTHHTH,15,13,0
THTHTTHT,HTTHHTTH,15,14,0
HTHHTHHT,TTTTHHHH,15,15,0
HTHTTHTH,HHHHHHHT,15,16,1
HTHTTHTH,THTTHTTH,15,17,1
THTHHTHT,HHHHHHHT,15,18,1
TTTTHHHH,HTTHTTHT,15,19,0
HHHHHHT,TTTTTTT,15,20,1
TTHTHTHH,HTHHTHHT,15,21,0
HTHTTHTH,HTTTTTTT,15,22,1
THTHTHTH,HHHHHHHT,15,23,1
THHHHHHH,HTHTHTHT,15,24,0
HTTHTHHT,THTHTTHT,15,25,1
HHHHHHHT,HTHHTHHT,15,26,0
HTTHTTHT,HHHHTTTT,15,27,1
HTTTTTH,HHHHHHH,15,28,1
THTHTHTH,HTTTTTTT,15,29,0
THHHHHHH,HTHTTHTH,15,30,0
THHTHHTH,TTTTHHHH,15,31,1
THTHHTHT,HTTTTTTT,15,32,1
TTTTTTTH,HTHTHTHT,15,33,1
HTHHTTHT,HTTTTTTT,15,34,1
THTHHTHT,THHHHHHH,15,35,0
HTHHHHHH,HTHTHTHT,15,36,1
HTHHTTHT,THHHHHHH,15,37,1
HTHHTHHT,TTTHTHTH,15,38,0
THTHHTHT,THTTHTTH,15,39,0
HHHHHHT,HHHHHHH,15,40,1
THHHHHHH,THTHTHTH,15,41,1
TTTTTTTH,HTHTTHTH,15,42,0
TTHTHTHH,HTHHHTHH,15,43,0
THTHHTHT,HTHHTHHT,15,44,1
HHHHHHH,TTTTTTH,15,45,0
HHTHTHHT,HHHHHHHT,15,46,1
TTTTTTTT,HTTHHTTH,15,47,0
HTHTHTH,HHHHHHT,15,48,1
THTHHTHT,HTTHTTHT,15,49,0
HHHHHHT,THTHTHT,15,50,1
HTHHTHHT,TTTTHTHT,15,51,0
TTTTTTTH,THTHHTHT,15,52,0
TTTTTTH,TTHHTTH,15,53,0
HHHHHHHT,TTHTHTTH,15,54,0
TTTTH,HTTHT,15,55,0
HHHHHHHH,HTTTTTTT,15,56,0
TTT,HTT,15,57,1
TTTTTTH,TTTTTTT,15,58,1
HTTHTTHT,HTHTHHHH,15,59,0
HTHTHTTT,HTTHHTTH,15,60,0
TTT,THH,15,61,0
HHHHHHTH,HTHTHTHT,15,62,1
HTTHTHHT,HTHTHTTT,15,63,1
HTHTTHTH,HHHHHHTH,15,64,1
HTTHHTTH,THTHTHHH,16,1,1
HTHTTHTH,HTHHHHHT,16,2,1
HTHTHTHT,HTTTTTTT,16,3,1
HHHHTTTT,HTHHTHHT,16,4,0
HHTTHHT,TTTTTTH,16,5,1
TTTTTTTT,HHHHHHHT,16,6,0
TTTTTTH,HTTTHHT,16,7,0
HHHHHHHT,HTHTHTHT,16,8,0
HHHHHHHT,HHHHHHHH,16,9,1
HTHTTHTH,HTTHTTHT,16,10,1
THTTHHTH,HTHTHHTH,16,11,1
HTHTTHTH,HTHHTHHT,16,12,0
THHTHHTH,HTHTTHTH,16,13,0
HTTHHTTH,THTHTTHT,16,14,1
TTTTHHHH,HTHHTHHT,16,15,0
HTHTTHTH,HHHHHHHT,16,16,1
HTHTTHTH,THTTHTTH,16,17,1
THTHHTHT,HHHHHHHT,16,18,1
TTTTHHHH,HTTHTTHT,16,19,0
TTTTTTT,HHHHHHT,16,20,0
HTHHTHHT,TTHTHTHH,16,21,0
HTHTTHTH,HTTTTTTT,16,22,1
THTHTHTH,HHHHHHHT,16,23,1
HTHTHTHT,THHHHHHH,16,24,1
HTTHTHHT,THTHTTHT,16,25,1
HHHHHHHT,HTHHTHHT,16,26,0
HHHHTTTT,HTTHTTHT,16,27,0
HTTTTTH,HHHHHHH,16,28,1
THTHTHTH,HTTTTTTT,16,29,1
THHHHHHH,HTHTTHTH,16,30,0
TTTTHHHH,THHTHHTH,16,31,0
THTHHTHT,HTTTTTTT,16,32,1
TTTTTTTH,HTHTHTHT,16,33,0
HTTTTTTT,HTHHTTHT,16,34,0
THTHHTHT,THHHHHHH,16,35,1
HTHTHTHT,HTHHHHHH,16,36,1
THHHHHHH,HTHHTTHT,16,37,0
HTHHTHHT,TTTHTHTH,16,38,1
THTTHTTH,THTHHTHT,16,39,1
HHHHHHT,HHHHHHH,16,40,1
THTHTHTH,THHHHHHH,16,41,1
HTHTTHTH,TTTTTTTH,16,42,1
HTHHHTHH,TTHTHTHH,16,43,0
THTHHTHT,HTHHTHHT,16,44,1
TTTTTTH,HHHHHHH,16,45,1
HHHHHHHT,HHTHTHHT,16,46,0
HTTHHTTH,TTTTTTTT,16,47,1
HTHTHTH,HHHHHHT,16,48,1
THTHHTHT,HTTHTTHT,16,49,0
THTHTHT,HHHHHHT,16,50,1
TTTTHTHT,HTHHTHHT,16,51,0
THTHHTHT,TTTTTTTH,16,52,1
TTTTTTH,TTHHTTH,16,53,0
TTHTHTTH,HHHHHHHT,16,54,1
HTTHT,TTTTH,16,55,1
HTTTTTTT,HHHHHHHH,16,56,1
HTT,TTT,16,57,1
TTTTTTT,TTTTTTH,16,58,0
HTHTHHHH,HTTHTTHT,16,59,0
HTHTHTTT,HTTHHTTH,16,60,0
THH,TTT,16,61,1
HTHTHTHT,HHHHHHTH,16,62,1
HTHTHTTT,HTTHTHHT,16,63,1
HTHTTHTH,HHHHHHTH,16,64,1
THTHTHHH,HTTHHTTH,17,1,0
HTHHHHHT,HTHTTHTH,17,2,0
HTTTTTTT,HTHTHTHT,17,3,1
HTHHTHHT,HHHHTTTT,17,4,1
TTTTTTH,HHTTHHT,17,5,0
HHHHHHHT,TTTTTTTT,17,6,0
HTTTHHT,TTTTTTH,17,7,0
HTHTHTHT,HHHHHHHT,17,8,1
HHHHHHHH,HHHHHHHT,17,9,0
HTTHTTHT,HTHTTHTH,17,10,0
HTHTHHTH,THTTHHTH,17,11,1
HTHHTHHT,HTHTTHTH,17,12,0
HTHTTHTH,THHTHHTH,17,13,1
THTHTTHT,HTTHHTTH,17,14,1
TTTTHHHH,HTHHTHHT,17,15,1
HTHTTHTH,HHHHHHHT,17,16,1
THTTHTTH,HTHTTHTH,17,17,0
THTHHTHT,HHHHHHHT,17,18,0
TTTTHHHH,HTTHTTHT,17,19,1
TTTTTTT,HHHHHHT,17,20,1
HTHHTHHT,TTHTHTHH,17,21,0
HTTTTTTT,HTHTTHTH,17,22,1
HHHHHHHT,THTHTHTH,17,23,0
HTHTHTHT,THHHHHHH,17,24,1
THTHTTHT,HTTHTHHT,17,25,1
HTHHTHHT,HHHHHHHT,17,26,0
HHHHTTTT,HTTHTTHT,17,27,1
HHHHHHH,HTTTTTH,17,28,0
HTTTTTTT,THTHTHTH,17,29,0
HTHTTHTH,THHHHHHH,17,30,1
THHTHHTH,TTTTHHHH,17,31,1
THTHHTHT,HTTTTTTT,17,32,0
HTHTHTHT,TTTTTTTH,17,33,1
HTTTTTTT,HTHHTTHT,17,34,1
THHHHHHH,THTHHTHT,17,35,1
HTHTHTHT,HTHHHHHH,17,36,0
HTHHTTHT,THHHHHHH,17,37,1
HTHHTHHT,TTTHTHTH,17,38,1
THTTHTTH,THTHHTHT,17,39,0
HHHHHHT,HHHHHHH,17,40,1
THTHTHTH,THHHHHHH,17,41,1
TTTTTTTH,HTHTTHTH,17,42,1
TTHTHTHH,HTHHHTHH,17,43,1
HTHHTHHT,THTHHTHT,17,44,0
TTTTTTH,HHHHHHH,17,45,1
HHHHHHHT,HHTHTHHT,17,46,0
TTTTTTTT,HTTHHTTH,17,47,1
HHHHHHT,HTHTHTH,17,48,0
THTHHTHT,HTTHTTHT,17,49,1
THTHTHT,HHHHHHT,17,50,1
TTTTHTHT,HTHHTHHT,17,51,1
TTTTTTTH,THTHHTHT,17,52,1
TTTTTTH,TTHHTTH,17,53,1
HHHHHHHT,TTHTHTTH,17,54,0
HTTHT,TTTTH,17,55,0
HTTTTTTT,HHHHHHHH,17,56,1
HTT,TTT,17,57,0
TTTTTTT,TTTTTTH,17,58,0
HTHTHHHH,HTTHTTHT,17,59,0
HTTHHTTH,HTHTHTTT,17,60,0
TTT,THH,17,61,1
HHHHHHTH,HTHTHTHT,17,62,0
HTTHTHHT,HTHTHTTT,17,63,1
HHHHHHTH,HTHTTHTH,17,64,0
THTHTHHH,HTTHHTTH,18,1,0
HTHTTHTH,HTHHHHHT,18,2,0
HTTTTTTT,HTHTHTHT,18,3,1
HTHHTHHT,HHHHTTTT,18,4,0
TTTTTTH,HHTTHHT,18,5,1
TTTTTTTT,HHHHHHHT,18,6,0
HTTTHHT,TTTTTTH,18,7,0
HHHHHHHT,HTHTHTHT,18,8,0
HHHHHHHH,HHHHHHHT,18,9,0
HTTHTTHT,HTHTTHTH,18,10,0
HTHTHHTH,THTTHHTH,18,11,1
HTHTTHTH,HTHHTHHT,18,12,0
THHTHHTH,HTHTTHTH,18,13,0
HTTHHTTH,THTHTTHT,18,14,1
TTTTHHHH,HTHHTHHT,18,15,0
HHHHHHHT,HTHTTHTH,18,16,0
HTHTTHTH,THTTHTTH,18,17,1
THTHHTHT,HHHHHHHT,18,18,1
TTTTHHHH,HTTHTTHT,18,19,0
HHHHHHT,TTTTTTT,18,20,1
TTHTHTHH,HTHHTHHT,18,21,0
HTHTTHTH,HTTTTTTT,18,22,1
THTHTHTH,HHHHHHHT,18,23,1
THHHHHHH,HTHTHTHT,18,24,0
HTTHTHHT,THTHTTHT,18,25,1
HTHHTHHT,HHHHHHHT,18,26,1
HTTHTTHT,HHHHTTTT,18,27,1
HTTTTTH,HHHHHHH,18,28,1
THTHTHTH,HTTTTTTT,18,29,1
HTHTTHTH,THHHHHHH,18,30,1
TTTTHHHH,THHTHHTH,18,31,0
THTHHTHT,HTTTTTTT,18,32,1
HTHTHTHT,TTTTTTTH,18,33,1
HTTTTTTT,HTHHTTHT,18,34,0
THTHHTHT,THHHHHHH,18,35,1
HTHTHTHT,HTHHHHHH,18,36,1
THHHHHHH,HTHHTTHT,18,37,0
HTHHTHHT,TTTHTHTH,18,38,1
THTTHTTH,THTHHTHT,18,39,0
HHHHHHH,HHHHHHT,18,40,0
THTHTHTH,THHHHHHH,18,41,1
HTHTTHTH,TTTTTTTH,18,42,1
TTHTHTHH,HTHHHTHH,18,43,1
HTHHTHHT,THTHHTHT,18,44,0
TTTTTTH,HHHHHHH,18,45,1
HHHHHHHT,HHTHTHHT,18,46,0
TTTTTTTT,HTTHHTTH,18,47,0
HHHHHHT,HTHTHTH,18,48,0
THTHHTHT,HTTHTTHT,18,49,1
HHHHHHT,THTHTHT,18,50,0
TTTTHTHT,HTHHTHHT,18,51,0
TTTTTTTH,THTHHTHT,18,52,0
TTHHTTH,TTTTTTH,18,53,1
TTHTHTTH,HHHHHHHT,18,54,1
HTTHT,TTTTH,18,55,1
HTTTTTTT,HHHHHHHH,18,56,1
HTT,TTT,18,57,1
TTTTTTT,TTTTTTH,18,58,0
HTHTHHHH,HTTHTTHT,18,59,0
HTHTHTTT,HTTHHTTH,18,60,0
THH,TTT,18,61,1
HHHHHHTH,HTHTHTHT,18,62,0
HTTHTHHT,HTHTHTTT,18,63,1
HTHTTHTH,HHHHHHTH,18,64,1
HTTHHTTH,THTHTHHH,19,1,1
HTHTTHTH,HTHHHHHT,19,2,1
HTTTTTTT,HTHTHTHT,19,3,0
HHHHTTTT,HTHHTHHT,19,4,0
TTTTTTH,HHTTHHT,19,5,0
HHHHHHHT,TTTTTTTT,19,6,1
TTTTTTH,HTTTHHT,19,7,0
HHHHHHHT,HTHTHTHT,19,8,1
HHHHHHHT,HHHHHHHH,19,9,1
HTHTTHTH,HTTHTTHT,19,10,1
HTHTHHTH,THTTHHTH,19,11,0
HTHHTHHT,HTHTTHTH,19,12,0
HTHTTHTH,THHTHHTH,19,13,1
HTTHHTTH,THTHTTHT,19,14,0
HTHHTHHT,TTTTHHHH,19,15,1
HTHTTHTH,HHHHHHHT,19,16,1
HTHTTHTH,THTTHTTH,19,17,0
HHHHHHHT,THTHHTHT,19,18,0
HTTHTTHT,TTTTHHHH,19,19,1
HHHHHHT,TTTTTTT,19,20,1
TTHTHTHH,HTHHTHHT,19,21,1
HTHTTHTH,HTTTTTTT,19,22,1
THTHTHTH,HHHHHHHT,19,23,1
HTHTHTHT,THHHHHHH,19,24,1
THTHTTHT,HTTHTHHT,19,25,0
HHHHHHHT,HTHHTHHT,19,26,0
HHHHTTTT,HTTHTTHT,19,27,0
HTTTTTH,HHHHHHH,19,28,1
THTHTHTH,HTTTTTTT,19,29,1
THHHHHHH,HTHTTHTH,19,30,0
THHTHHTH,TTTTHHHH,19,31,1
HTTTTTTT,THTHHTHT,19,32,0
HTHTHTHT,TTTTTTTH,19,33,1
HTTTTTTT,HTHHTTHT,19,34,0
THTHHTHT,THHHHHHH,19,35,1
HTHTHTHT,HTHHHHHH,19,36,1
THHHHHHH,HTHHTTHT,19,37,0
HTHHTHHT,TTTHTHTH,19,38,0
THTTHTTH,THTHHTHT,19,39,1
HHHHHHT,HHHHHHH,19,40,1
THHHHHHH,THTHTHTH,19,41,0
TTTTTTTH,HTHTTHTH,19,42,0
TTHTHTHH,HTHHHTHH,19,43,1
THTHHTHT,HTHHTHHT,19,44,1
TTTTTTH,HHHHHHH,19,45,1
HHHHHHHT,HHTHTHHT,19,46,0
HTTHHTTH,TTTTTTTT,19,47,1
HTHTHTH,HHHHHHT,19,48,1
HTTHTTHT,THTHHTHT,19,49,1
HHHHHHT,THTHTHT,19,50,0
TTTTHTHT,HTHHTHHT,19,51,0
THTHHTHT,TTTTTTTH,19,52,1
TTHHTTH,TTTTTTH,19,53,1
HHHHHHHT,TTHTHTTH,19,54,0
TTTTH,HTTHT,19,55,0
HTTTTTTT,HHHHHHHH,19,56,1
TTT,HTT,19,57,0
TTTTTTH,TTTTTTT,19,58,1
HTTHTTHT,HTHTHHHH,19,59,1
HTTHHTTH,HTHTHTTT,19,60,1
TTT,THH,19,61,0
HHHHHHTH,HTHTHTHT,19,62,0
HTTHTHHT,HTHTHTTT,19,63,0
HHHHHHTH,HTHTTHTH,19,64,0
HTTHHTTH,THTHTHHH,20,1,1
HTHTTHTH,HTHHHHHT,20,2,0
HTTTTTTT,HTHTHTHT,20,3,1
HHHHTTTT,HTHHTHHT,20,4,0
TTTTTTH,HHTTHHT,20,5,1
HHHHHHHT,TTTTTTTT,20,6,1
HTTTHHT,TTTTTTH,20,7,1
HHHHHHHT,HTHTHTHT,20,8,1
HHHHHHHH,HHHHHHHT,20,9,0
HTHTTHTH,HTTHTTHT,20,10,0
HTHTHHTH,THTTHHTH,20,11,1
HTHHTHHT,HTHTTHTH,20,12,0
THHTHHTH,HTHTTHTH,20,13,0
THTHTTHT,HTTHHTTH,20,14,1
HTHHTHHT,TTTTHHHH,20,15,1
HHHHHHHT,HTHTTHTH,20,16,1
THTTHTTH,HTHTTHTH,20,17,1
THTHHTHT,HHHHHHHT,20,18,0
HTTHTTHT,TTTTHHHH,20,19,1
TTTTTTT,HHHHHHT,20,20,1
HTHHTHHT,TTHTHTHH,20,21,0
HTHTTHTH,HTTTTTTT,20,22,1
HHHHHHHT,THTHTHTH,20,23,1
THHHHHHH,HTHTHTHT,20,24,1
THTHTTHT,HTTHTHHT,20,25,1
HTHHTHHT,HHHHHHHT,20,26,0
HHHHTTTT,HTTHTTHT,20,27,1
HTTTTTH,HHHHHHH,20,28,1
THTHTHTH,HTTTTTTT,20,29,0
THHHHHHH,HTHTTHTH,20,30,1
THHTHHTH,TTTTHHHH,20,31,0
HTTTTTTT,THTHHTHT,20,32,1
HTHTHTHT,TTTTTTTH,20,33,0
HTHHTTHT,HTTTTTTT,20,34,1
THHHHHHH,THTHHTHT,20,35,0
HTHHHHHH,HTHTHTHT,20,36,1
THHHHHHH,HTHHTTHT,20,37,1
TTTHTHTH,HTHHTHHT,20,38,1
THTTHTTH,THTHHTHT,20,39,1
HHHHHHT,HHHHHHH,20,40,0
THTHTHTH,THHHHHHH,20,41,0
TTTTTTTH,HTHTTHTH,20,42,1
TTHTHTHH,HTHHHTHH,20,43,1
THTHHTHT,HTHHTHHT,20,44,0
TTTTTTH,HHHHHHH,20,45,1
HHHHHHHT,HHTHTHHT,20,46,1
TTTTTTTT,HTTHHTTH,20,47,1
HTHTHTH,HHHHHHT,20,48,0
THTHHTHT,HTTHTTHT,20,49,1
HHHHHHT,THTHTHT,20,50,1
HTHHTHHT,TTTTHTHT,20,51,1
THTHHTHT,TTTTTTTH,20,52,0
TTHHTTH,TTTTTTH,20,53,0
HHHHHHHT,TTHTHTTH,20,54,1
HTTHT,TTTTH,20,55,0
HHHHHHHH,HTTTTTTT,20,56,1
HTT,TTT,20,57,0
TTTTTTH,TTTTTTT,20,58,0
HTHTHHHH,HTTHTTHT,20,59,1
HTHTHTTT,HTTHHTTH,20,60,1
TTT,THH,20,61,1
HHHHHHTH,HTHTHTHT,20,62,1
HTTHTHHT,HTHTHTTT,20,63,1
HHHHHHTH,HTHTTHTH,20,64,1
HTTHHTTH,THTHTHHH,21,1,0
HTHHHHHT,HTHTTHTH,21,2,1
HTHTHTHT,HTTTTTTT,21,3,0
HTHHTHHT,HHHHTTTT,21,4,1
HHTTHHT,TTTTTTH,21,5,0
TTTTTTTT,HHHHHHHT,21,6,0
HTTTHHT,TTTTTTH,21,7,1
HTHTHTHT,HHHHHHHT,21,8,1
HHHHHHHT,HHHHHHHH,21,9,1
HTTHTTHT,HTHTTHTH,21,10,1
THTTHHTH,HTHTHHTH,21,11,0
HTHHTHHT,HTHTTHTH,21,12,0
THHTHHTH,HTHTTHTH,21,13,0
THTHTTHT,HTTHHTTH,21,14,1
HTHHTHHT,TTTTHHHH,21,15,0
HHHHHHHT,HTHTTHTH,21,16,0
HTHTTHTH,THTTHTTH,21,17,1
HHHHHHHT,THTHHTHT,21,18,0
TTTTHHHH,HTTHTTHT,21,19,0
HHHHHHT,TTTTTTT,21,20,1
HTHHTHHT,TTHTHTHH,21,21,0
HTHTTHTH,HTTTTTTT,21,22,1
THTHTHTH,HHHHHHHT,21,23,1
THHHHHHH,HTHTHTHT,21,24,1
HTTHTHHT,THTHTTHT,21,25,1
HHHHHHHT,HTHHTHHT,21,26,0
HHHHTTTT,HTTHTTHT,21,27,0
HHHHHHH,HTTTTTH,21,28,0
HTTTTTTT,THTHTHTH,21,29,0
HTHTTHTH,THHHHHHH,21,30,1
TTTTHHHH,THHTHHTH,21,31,0
HTTTTTTT,THTHHTHT,21,32,0
HTHTHTHT,TTTTTTTH,21,33,0
HTTTTTTT,HTHHTTHT,21,34,0
THHHHHHH,THTHHTHT,21,35,0
HTHHHHHH,HTHTHTHT,21,36,1
HTHHTTHT,THHHHHHH,21,37,1
TTTHTHTH,HTHHTHHT,21,38,1
THTHHTHT,THTTHTTH,21,39,0
HHHHHHT,HHHHHHH,21,40,1
THTHTHTH,THHHHHHH,21,41,1
TTTTTTTH,HTHTTHTH,21,42,0
HTHHHTHH,TTHTHTHH,21,43,1
THTHHTHT,HTHHTHHT,21,44,0
HHHHHHH,TTTTTTH,21,45,0
HHHHHHHT,HHTHTHHT,21,46,0
HTTHHTTH,TTTTTTTT,21,47,1
HTHTHTH,HHHHHHT,21,48,1
HTTHTTHT,THTHHTHT,21,49,0
HHHHHHT,THTHTHT,21,50,1
TTTTHTHT,HTHHTHHT,21,51,1
TTTTTTTH,THTHHTHT,21,52,0
TTHHTTH,TTTTTTH,21,53,1
TTHTHTTH,HHHHHHHT,21,54,1
TTTTH,HTTHT,21,55,0
HHHHHHHH,HTTTTTTT,21,56,0
TTT,HTT,21,57,0
TTTTTTT,TTTTTTH,21,58,0
HTTHTTHT,HTHTHHHH,21,59,0
HTTHHTTH,HTHTHTTT,21,60,0
TTT,THH,21,61,0
HTHTHTHT,HHHHHHTH,21,62,0
HTTHTHHT,HTHTHTTT,21,63,0
HHHHHHTH,HTHTTHTH,21,64,1
HTTHHTTH,THTHTHHH,22,1,1
HTHTTHTH,HTHHHHHT,22,2,1
HTTTTTTT,HTHTHTHT,22,3,0
HTHHTHHT,HHHHTTTT,22,4,1
TTTTTTH,HHTTHHT,22,5,0
TTTTTTTT,HHHHHHHT,22,6,0
TTTTTTH,HTTTHHT,22,7,0
HHHHHHHT,HTHTHTHT,22,8,0
HHHHHHHH,HHHHHHHT,22,9,0
HTTHTTHT,HTHTTHTH,22,10,0
HTHTHHTH,THTTHHTH,22,11,0
HTHTTHTH,HTHHTHHT,22,12,1
THHTHHTH,HTHTTHTH,22,13,0
HTTHHTTH,THTHTTHT,22,14,0
TTTTHHHH,HTHHTHHT,22,15,0
HHHHHHHT,HTHTTHTH,22,16,0
HTHTTHTH,THTTHTTH,22,17,1
HHHHHHHT,THTHHTHT,22,18,0
TTTTHHHH,HTTHTTHT,22,19,0
TTTTTTT,HHHHHHT,22,20,0
TTHTHTHH,HTHHTHHT,22,21,1
HTHTTHTH,HTTTTTTT,22,22,1
THTHTHTH,HHHHHHHT,22,23,1
THHHHHHH,HTHTHTHT,22,24,0
HTTHTHHT,THTHTTHT,22,25,1
HHHHHHHT,HTHHTHHT,22,26,0
HTTHTTHT,HHHHTTTT,22,27,1
HTTTTTH,HHHHHHH,22,28,1
HTTTTTTT,THTHTHTH,22,29,0
THHHHHHH,HTHTTHTH,22,30,0
THHTHHTH,TTTTHHHH,22,31,1
THTHHTHT,HTTTTTTT,22,32,1
TTTTTTTH,HTHTHTHT,22,33,0
HTHHTTHT,HTTTTTTT,22,34,1
THHHHHHH,THTHHTHT,22,35,0
HTHHHHHH,HTHTHTHT,22,36,0
HTHHTTHT,THHHHHHH,22,37,1
HTHHTHHT,TTTHTHTH,22,38,0
THTHHTHT,THTTHTTH,22,39,1
HHHHHHT,HHHHHHH,22,40,1
THTHTHTH,THHHHHHH,22,41,1
HTHTTHTH,TTTTTTTH,22,42,1
TTHTHTHH,HTHHHTHH,22,43,1
THTHHTHT,HTHHTHHT,22,44,1
HHHHHHH,TTTTTTH,22,45,0
HHTHTHHT,HHHHHHHT,22,46,1
TTTTTTTT,HTTHHTTH,22,47,0
HTHTHTH,HHHHHHT,22,48,1
HTTHTTHT,THTHHTHT,22,49,0
HHHHHHT,THTHTHT,22,50,0
HTHHTHHT,TTTTHTHT,22,51,1
TTTTTTTH,THTHHTHT,22,52,0
TTTTTTH,TTHHTTH,22,53,0
TTHTHTTH,HHHHHHHT,22,54,1
HTTHT,TTTTH,22,55,1
HHHHHHHH,HTTTTTTT,22,56,0
TTT,HTT,22,57,0
TTTTTTH,TTTTTTT,22,58,1
HTHTHHHH,HTTHTTHT,22,59,0
HTTHHTTH,HTHTHTTT,22,60,0
THH,TTT,22,61,1
HTHTHTHT,HHHHHHTH,22,62,1
HTHTHTTT,HTTHTHHT,22,63,0
HHHHHHTH,HTHTTHTH,22,64,0
THTHTHHH,HTTHHTTH,23,1,1
HTHTTHTH,HTHHHHHT,23,2,0
HTTTTTTT,HTHTHTHT,23,3,0
HTHHTHHT,HHHHTTTT,23,4,1
HHTTHHT,TTTTTTH,23,5,1
TTTTTTTT,HHHHHHHT,23,6,0
TTTTTTH,HTTTHHT,23,7,0
HHHHHHHT,HTHTHTHT,23,8,0
HHHHHHHT,HHHHHHHH,23,9,1
HTTHTTHT,HTHTTHTH,23,10,1
HTHTHHTH,THTTHHTH,23,11,1
HTHTTHTH,HTHHTHHT,23,12,1
THHTHHTH,HTHTTHTH,23,13,1
HTTHHTTH,THTHTTHT,23,14,0
TTTTHHHH,HTHHTHHT,23,15,0
HTHTTHTH,HHHHHHHT,23,16,1
HTHTTHTH,THTTHTTH,23,17,1
HHHHHHHT,THTHHTHT,23,18,0
TTTTHHHH,HTTHTTHT,23,19,0
TTTTTTT,HHHHHHT,23,20,0
HTHHTHHT,TTHTHTHH,23,21,1
HTTTTTTT,HTHTTHTH,23,22,0
HHHHHHHT,THTHTHTH,23,23,0
THHHHHHH,HTHTHTHT,23,24,0
THTHTTHT,HTTHTHHT,23,25,1
HHHHHHHT,HTHHTHHT,23,26,0
HTTHTTHT,HHHHTTTT,23,27,1
HTTTTTH,HHHHHHH,23,28,1
THTHTHTH,HTTTTTTT,23,29,0
HTHTTHTH,THHHHHHH,23,30,1
THHTHHTH,TTTTHHHH,23,31,1
THTHHTHT,HTTTTTTT,23,32,1
HTHTHTHT,TTTTTTTH,23,33,1
HTHHTTHT,HTTTTTTT,23,34,1
THHHHHHH,THTHHTHT,23,35,0
HTHTHTHT,HTHHHHHH,23,36,0
THHHHHHH,HTHHTTHT,23,37,0
TTTHTHTH,HTHHTHHT,23,38,1
THTTHTTH,THTHHTHT,23,39,1
HHHHHHH,HHHHHHT,23,40,0
THHHHHHH,THTHTHTH,23,41,0
HTHTTHTH,TTTTTTTH,23,42,1
HTHHHTHH,TTHTHTHH,23,43,0
THTHHTHT,HTHHTHHT,23,44,0
HHHHHHH,TTTTTTH,23,45,0
HHTHTHHT,HHHHHHHT,23,46,1
TTTTTTTT,HTTHHTTH,23,47,0
HTHTHTH,HHHHHHT,23,48,1
HTTHTTHT,THTHHTHT,23,49,0
HHHHHHT,THTHTHT,23,50,0
HTHHTHHT,TTTTHTHT,23,51,1
TTTTTTTH,THTHHTHT,23,52,0
TTTTTTH,TTHHTTH,23,53,1
TTHTHTTH,HHHHHHHT,23,54,0
HTTHT,TTTTH,23,55,1
HTTTTTTT,HHHHHHHH,23,56,1
TTT,HTT,23,57,0
TTTTTTT,TTTTTTH,23,58,0
HTTHTTHT,HTHTHHHH,23,59,1
HTHTHTTT,HTTHHTTH,23,60,1
THH,TTT,23,61,1
HTHTHTHT,HHHHHHTH,23,62,1
HTHTHTTT,HTTHTHHT,23,63,1
HTHTTHTH,HHHHHHTH,23,64,1
THTHTHHH,HTTHHTTH,24,1,0
HTHHHHHT,HTHTTHTH,24,2,0
HTTTTTTT,HTHTHTHT,24,3,0
HTHHTHHT,HHHHTTTT,24,4,1
TTTTTTH,HHTTHHT,24,5,0
HHHHHHHT,TTTTTTTT,24,6,1
HTTTHHT,TTTTTTH,24,7,1
HHHHHHHT,HTHTHTHT,24,8,0
HHHHHHHT,HHHHHHHH,24,9,1
HTHTTHTH,HTTHTTHT,24,10,1
HTHTHHTH,THTTHHTH,24,11,1
HTHHTHHT,HTHTTHTH,24,12,0
THHTHHTH,HTHTTHTH,24,13,0
HTTHHTTH,THTHTTHT,24,14,0
HTHHTHHT,TTTTHHHH,24,15,1
HHHHHHHT,HTHTTHTH,24,16,0
HTHTTHTH,THTTHTTH,24,17,0
THTHHTHT,HHHHHHHT,24,18,1
TTTTHHHH,HTTHTTHT,24,19,0
HHHHHHT,TTTTTTT,24,20,1
HTHHTHHT,TTHTHTHH,24,21,0
HTTTTTTT,HTHTTHTH,24,22,0
HHHHHHHT,THTHTHTH,24,23,0
HTHTHTHT,THHHHHHH,24,24,1
HTTHTHHT,THTHTTHT,24,25,1
HHHHHHHT,HTHHTHHT,24,26,0
HHHHTTTT,HTTHTTHT,24,27,0
HTTTTTH,HHHHHHH,24,28,1
THTHTHTH,HTTTTTTT,24,29,1
HTHTTHTH,THHHHHHH,24,30,1
THHTHHTH,TTTTHHHH,24,31,1
THTHHTHT,HTTTTTTT,24,32,1
TTTTTTTH,HTHTHTHT,24,33,0
HTHHTTHT,HTTTTTTT,24,34,1
THTHHTHT,THHHHHHH,24,35,1
HTHTHTHT,HTHHHHHH,24,36,1
THHHHHHH,HTHHTTHT,24,37,0
TTTHTHTH,HTHHTHHT,24,38,0
THTTHTTH,THTHHTHT,24,39,1
HHHHHHT,HHHHHHH,24,40,1
THHHHHHH,THTHTHTH,24,41,0
TTTTTTTH,HTHTTHTH,24,42,0
HTHHHTHH,TTHTHTHH,24,43,0
THTHHTHT,HTHHTHHT,24,44,1
HHHHHHH,TTTTTTH,24,45,0
HHHHHHHT,HHTHTHHT,24,46,0
TTTTTTTT,HTTHHTTH,24,47,0
HHHHHHT,HTHTHTH,24,48,0
HTTHTTHT,THTHHTHT,24,49,0
THTHTHT,HHHHHHT,24,50,1
HTHHTHHT,TTTTHTHT,24,51,1
THTHHTHT,TTTTTTTH,24,52,1
TTHHTTH,TTTTTTH,24,53,1
TTHTHTTH,HHHHHHHT,24,54,1
TTTTH,HTTHT,24,55,0
HHHHHHHH,HTTTTTTT,24,56,0
HTT,TTT,24,57,1
TTTTTTH,TTTTTTT,24,58,1
HTTHTTHT,HTHTHHHH,24,59,1
HTTHHTTH,HTHTHTTT,24,60,1
THH,TTT,24,61,1
HTHTHTHT,HHHHHHTH,24,62,1
HTTHTHHT,HTHTHTTT,24,63,1
HHHHHHTH,HTHTTHTH,24,64,0
THTHTHHH,HTTHHTTH,25,1,0
HTHTTHTH,HTHHHHHT,25,2,1
HTTTTTTT,HTHTHTHT,25,3,0
HTHHTHHT,HHHHTTTT,25,4,1
HHTTHHT,TTTTTTH,25,5,1
TTTTTTTT,HHHHHHHT,25,6,0
TTTTTTH,HTTTHHT,25,7,0
HHHHHHHT,HTHTHTHT,25,8,0
HHHHHHHT,HHHHHHHH,25,9,1
HTTHTTHT,HTHTTHTH,25,10,0
HTHTHHTH,THTTHHTH,25,11,1
HTHHTHHT,HTHTTHTH,25,12,0
HTHTTHTH,THHTHHTH,25,13,1
HTTHHTTH,THTHTTHT,25,14,0
TTTTHHHH,HTHHTHHT,25,15,0
HTHTTHTH,HHHHHHHT,25,16,1
HTHTTHTH,THTTHTTH,25,17,1
THTHHTHT,HHHHHHHT,25,18,1
TTTTHHHH,HTTHTTHT,25,19,0
HHHHHHT,TTTTTTT,25,20,1
HTHHTHHT,TTHTHTHH,25,21,0
HTTTTTTT,HTHTTHTH,25,22,0
THTHTHTH,HHHHHHHT,25,23,1
THHHHHHH,HTHTHTHT,25,24,0
THTHTTHT,HTTHTHHT,25,25,1
HTHHTHHT,HHHHHHHT,25,26,1
HHHHTTTT,HTTHTTHT,25,27,0
HHHHHHH,HTTTTTH,25,28,0
HTTTTTTT,THTHTHTH,25,29,0
THHHHHHH,HTHTTHTH,25,30,0
THHTHHTH,TTTTHHHH,25,31,1
THTHHTHT,HTTTTTTT,25,32,1
HTHTHTHT,TTTTTTTH,25,33,1
HTHHTTHT,HTTTTTTT,25,34,1
THHHHHHH,THTHHTHT,25,35,0
HTHHHHHH,HTHTHTHT,25,36,0
HTHHTTHT,THHHHHHH,25,37,1
TTTHTHTH,HTHHTHHT,25,38,0
THTTHTTH,THTHHTHT,25,39,0
HHHHHHT,HHHHHHH,25,40,1
THHHHHHH,THTHTHTH,25,41,0
TTTTTTTH,HTHTTHTH,25,42,0
HTHHHTHH,TTHTHTHH,25,43,0
HTHHTHHT,THTHHTHT,25,44,0
TTTTTTH,HHHHHHH,25,45,1
HHTHTHHT,HHHHHHHT,25,46,1
HTTHHTTH,TTTTTTTT,25,47,1
HTHTHTH,HHHHHHT,25,48,1
HTTHTTHT,THTHHTHT,25,49,0
HHHHHHT,THTHTHT,25,50,0
TTTTHTHT,HTHHTHHT,25,51,0
TTTTTTTH,THTHHTHT,25,52,0
TTTTTTH,TTHHTTH,25,53,0
TTHTHTTH,HHHHHHHT,25,54,1
TTTTH,HTTHT,25,55,0
HHHHHHHH,HTTTTTTT,25,56,0
HTT,TTT,25,57,1
TTTTTTT,TTTTTTH,25,58,0
HTTHTTHT,HTHTHHHH,25,59,1
HTTHHTTH,HTHTHTTT,25,60,1
THH,TTT,25,61,1
HHHHHHTH,HTHTHTHT,25,62,0
HTTHTHHT,HTHTHTTT,25,63,1
HTHTTHTH,HHHHHHTH,25,64,1
THTHTHHH,HTTHHTTH,26,1,0
HTHTTHTH,HTHHHHHT,26,2,1
HTTTTTTT,HTHTHTHT,26,3,0
HHHHTTTT,HTHHTHHT,26,4,0
TTTTTTH,HHTTHHT,26,5,0
HHHHHHHT,TTTTTTTT,26,6,1
TTTTTTH,HTTTHHT,26,7,0
HHHHHHHT,HTHTHTHT,26,8,0
HHHHHHHT,HHHHHHHH,26,9,1
HTTHTTHT,HTHTTHTH,26,10,0
THTTHHTH,HTHTHHTH,26,11,1
HTHTTHTH,HTHHTHHT,26,12,0
THHTHHTH,HTHTTHTH,26,13,0
HTTHHTTH,THTHTTHT,26,14,0
TTTTHHHH,HTHHTHHT,26,15,0
HTHTTHTH,HHHHHHHT,26,16,1
HTHTTHTH,THTTHTTH,26,17,1
THTHHTHT,HHHHHHHT,26,18,1
TTTTHHHH,HTTHTTHT,26,19,0
TTTTTTT,HHHHHHT,26,20,0
TTHTHTHH,HTHHTHHT,26,21,1
HTTTTTTT,HTHTTHTH,26,22,0
HHHHHHHT,THTHTHTH,26,23,0
THHHHHHH,HTHTHTHT,26,24,0
THTHTTHT,HTTHTHHT,26,25,0
HHHHHHHT,HTHHTHHT,26,26,0
HHHHTTTT,HTTHTTHT,26,27,0
HHHHHHH,HTTTTTH,26,28,0
HTTTTTTT,THTHTHTH,26,29,0
HTHTTHTH,THHHHHHH,26,30,1
TTTTHHHH,THHTHHTH,26,31,0
THTHHTHT,HTTTTTTT,26,32,1
TTTTTTTH,HTHTHTHT,26,33,0
HTTTTTTT,HTHHTTHT,26,34,0
THHHHHHH,THTHHTHT,26,35,0
HTHTHTHT,HTHHHHHH,26,36,1
HTHHTTHT,THHHHHHH,26,37,1
HTHHTHHT,TTTHTHTH,26,38,0
THTHHTHT,THTTHTTH,26,39,0
HHHHHHH,HHHHHHT,26,40,0
THTHTHTH,THHHHHHH,26,41,1
HTHTTHTH,TTTTTTTH,26,42,1
HTHHHTHH,TTHTHTHH,26,43,0
THTHHTHT,HTHHTHHT,26,44,0
TTTTTTH,HHHHHHH,26,45,0
HHHHHHHT,HHTHTHHT,26,46,0
TTTTTTTT,HTTHHTTH,26,47,0
HTHTHTH,HHHHHHT,26,48,1
THTHHTHT,HTTHTTHT,26,49,0
THTHTHT,HHHHHHT,26,50,1
TTTTHTHT,HTHHTHHT,26,51,0
TTTTTTTH,THTHHTHT,26,52,0
TTTTTTH,TTHHTTH,26,53,0
HHHHHHHT,TTHTHTTH,26,54,0
TTTTH,HTTHT,26,55,0
HHHHHHHH,HTTTTTTT,26,56,0
HTT,TTT,26,57,1
TTTTTTT,TTTTTTH,26,58,0
HTHTHHHH,HTTHTTHT,26,59,0
HTTHHTTH,HTHTHTTT,26,60,1
THH,TTT,26,61,1
HHHHHHTH,HTHTHTHT,26,62,0
HTTHTHHT,HTHTHTTT,26,63,0
HTHTTHTH,HHHHHHTH,26,64,1
HTTHHTTH,THTHTHHH,27,1,0
HTHTTHTH,HTHHHHHT,27,2,1
HTHTHTHT,HTTTTTTT,27,3,1
HHHHTTTT,HTHHTHHT,27,4,0
TTTTTTH,HHTTHHT,27,5,0
HHHHHHHT,TTTTTTTT,27,6,1
HTTTHHT,TTTTTTH,27,7,1
HTHTHTHT,HHHHHHHT,27,8,1
HHHHHHHH,HHHHHHHT,27,9,0
HTHTTHTH,HTTHTTHT,27,10,1
HTHTHHTH,THTTHHTH,27,11,1
HTHHTHHT,HTHTTHTH,27,12,0
HTHTTHTH,THHTHHTH,27,13,1
THTHTTHT,HTTHHTTH,27,14,1
HTHHTHHT,TTTTHHHH,27,15,1
HHHHHHHT,HTHTTHTH,27,16,0
THTTHTTH,HTHTTHTH,27,17,0
THTHHTHT,HHHHHHHT,27,18,1
HTTHTTHT,TTTTHHHH,27,19,1
HHHHHHT,TTTTTTT,27,20,1
TTHTHTHH,HTHHTHHT,27,21,1
HTHTTHTH,HTTTTTTT,27,22,1
HHHHHHHT,THTHTHTH,27,23,0
HTHTHTHT,THHHHHHH,27,24,1
THTHTTHT,HTTHTHHT,27,25,0
HTHHTHHT,HHHHHHHT,27,26,1
HTTHTTHT,HHHHTTTT,27,27,1
HTTTTTH,HHHHHHH,27,28,0
THTHTHTH,HTTTTTTT,27,29,1
THHHHHHH,HTHTTHTH,27,30,0
TTTTHHHH,THHTHHTH,27,31,0
THTHHTHT,HTTTTTTT,27,32,1
HTHTHTHT,TTTTTTTH,27,33,1
HTTTTTTT,HTHHTTHT,27,34,0
THHHHHHH,THTHHTHT,27,35,0
HTHTHTHT,HTHHHHHH,27,36,1
THHHHHHH,HTHHTTHT,27,37,0
TTTHTHTH,HTHHTHHT,27,38,1
THTTHTTH,THTHHTHT,27,39,1
HHHHHHT,HHHHHHH,27,40,0
THTHTHTH,THHHHHHH,27,41,1
TTTTTTTH,HTHTTHTH,27,42,1
TTHTHTHH,HTHHHTHH,27,43,0
HTHHTHHT,THTHHTHT,27,44,0
HHHHHHH,TTTTTTH,27,45,0
HHTHTHHT,HHHHHHHT,27,46,1
TTTTTTTT,HTTHHTTH,27,47,0
HHHHHHT,HTHTHTH,27,48,0
THTHHTHT,HTTHTTHT,27,49,1
THTHTHT,HHHHHHT,27,50,1
TTTTHTHT,HTHHTHHT,27,51,0
TTTTTTTH,THTHHTHT,27,52,0
TTTTTTH,TTHHTTH,27,53,0
HHHHHHHT,TTHTHTTH,27,54,0
HTTHT,TTTTH,27,55,1
HHHHHHHH,HTTTTTTT,27,56,0
TTT,HTT,27,57,0
TTTTTTT,TTTTTTH,27,58,0
HTTHTTHT,HTHTHHHH,27,59,1
HTHTHTTT,HTTHHTTH,27,60,0
THH,TTT,27,61,1
HTHTHTHT,HHHHHHTH,27,62,1
HTTHTHHT,HTHTHTTT,27,63,1
HTHTTHTH,HHHHHHTH,27,64,1
HTTHHTTH,THTHTHHH,28,1,1
HTHHHHHT,HTHTTHTH,28,2,0
HTTTTTTT,HTHTHTHT,28,3,0
HTHHTHHT,HHHHTTTT,28,4,1
TTTTTTH,HHTTHHT,28,5,0
TTTTTTTT,HHHHHHHT,28,6,0
HTTTHHT,TTTTTTH,28,7,1
HHHHHHHT,HTHTHTHT,28,8,0
HHHHHHHT,HHHHHHHH,28,9,1
HTTHTTHT,HTHTTHTH,28,10,1
THTTHHTH,HTHTHHTH,28,11,1
HTHHTHHT,HTHTTHTH,28,12,0
THHTHHTH,HTHTTHTH,28,13,0
THTHTTHT,HTTHHTTH,28,14,0
HTHHTHHT,TTTTHHHH,28,15,1
HTHTTHTH,HHHHHHHT,28,16,1
HTHTTHTH,THTTHTTH,28,17,0
HHHHHHHT,THTHHTHT,28,18,0
TTTTHHHH,HTTHTTHT,28,19,0
HHHHHHT,TTTTTTT,28,20,1
TTHTHTHH,HTHHTHHT,28,21,0
HTTTTTTT,HTHTTHTH,28,22,0
HHHHHHHT,THTHTHTH,28,23,0
HTHTHTHT,THHHHHHH,28,24,1
HTTHTHHT,THTHTTHT,28,25,0
HHHHHHHT,HTHHTHHT,28,26,0
HHHHTTTT,HTTHTTHT,28,27,0
HHHHHHH,HTTTTTH,28,28,0
HTTTTTTT,THTHTHTH,28,29,0
HTHTTHTH,THHHHHHH,28,30,1
TTTTHHHH,THHTHHTH,28,31,0
HTTTTTTT,THTHHTHT,28,32,0
TTTTTTTH,HTHTHTHT,28,33,0
HTHHTTHT,HTTTTTTT,28,34,1
THHHHHHH,THTHHTHT,28,35,0
HTHHHHHH,HTHTHTHT,28,36,0
THHHHHHH,HTHHTTHT,28,37,0
HTHHTHHT,TTTHTHTH,28,38,0
THTHHTHT,THTTHTTH,28,39,0
HHHHHHH,HHHHHHT,28,40,0
THHHHHHH,THTHTHTH,28,41,0
HTHTTHTH,TTTTTTTH,28,42,1
TTHTHTHH,HTHHHTHH,28,43,0
HTHHTHHT,THTHHTHT,28,44,0
TTTTTTH,HHHHHHH,28,45,1
HHTHTHHT,HHHHHHHT,28,46,1
HTTHHTTH,TTTTTTTT,28,47,1
HTHTHTH,HHHHHHT,28,48,1
THTHHTHT,HTTHTTHT,28,49,1
THTHTHT,HHHHHHT,28,50,1
TTTTHTHT,HTHHTHHT,28,51,0
TTTTTTTH,THTHHTHT,28,52,0
TTHHTTH,TTTTTTH,28,53,1
HHHHHHHT,TTHTHTTH,28,54,0
TTTTH,HTTHT,28,55,0
HTTTTTTT,HHHHHHHH,28,56,1
TTT,HTT,28,57,0
TTTTTTT,TTTTTTH,28,58,0
HTHTHHHH,HTTHTTHT,28,59,0
HTTHHTTH,HTHTHTTT,28,60,0
TTT,THH,28,61,0
HTHTHTHT,HHHHHHTH,28,62,1
HTHTHTTT,HTTHTHHT,28,63,1
HHHHHHTH,HTHTTHTH,28,64,0
HTTHHTTH,THTHTHHH,29,1,0
HTHHHHHT,HTHTTHTH,29,2,0
HTHTHTHT,HTTTTTTT,29,3,1
HTHHTHHT,HHHHTTTT,29,4,1
HHTTHHT,TTTTTTH,29,5,1
TTTTTTTT,HHHHHHHT,29,6,0
HTTTHHT,TTTTTTH,29,7,1
HHHHHHHT,HTHTHTHT,29,8,0
HHHHHHHH,HHHHHHHT,29,9,0
HTTHTTHT,HTHTTHTH,29,10,0
THTTHHTH,HTHTHHTH,29,11,1
HTHHTHHT,HTHTTHTH,29,12,1
THHTHHTH,HTHTTHTH,29,13,1
THTHTTHT,HTTHHTTH,29,14,1
TTTTHHHH,HTHHTHHT,29,15,0
HTHTTHTH,HHHHHHHT,29,16,1
HTHTTHTH,THTTHTTH,29,17,0
THTHHTHT,HHHHHHHT,29,18,1
HTTHTTHT,TTTTHHHH,29,19,1
TTTTTTT,HHHHHHT,29,20,0
HTHHTHHT,TTHTHTHH,29,21,1
HTHTTHTH,HTTTTTTT,29,22,1
HHHHHHHT,THTHTHTH,29,23,0
THHHHHHH,HTHTHTHT,29,24,0
HTTHTHHT,THTHTTHT,29,25,0
HHHHHHHT,HTHHTHHT,29,26,0
HHHHTTTT,HTTHTTHT,29,27,0
HTTTTTH,HHHHHHH,29,28,1
HTTTTTTT,THTHTHTH,29,29,0
HTHTTHTH,THHHHHHH,29,30,1
THHTHHTH,TTTTHHHH,29,31,1
THTHHTHT,HTTTTTTT,29,32,1
TTTTTTTH,HTHTHTHT,29,33,0
HTHHTTHT,HTTTTTTT,29,34,1
THTHHTHT,THHHHHHH,29,35,1
HTHTHTHT,HTHHHHHH,29,36,1
HTHHTTHT,THHHHHHH,29,37,1
HTHHTHHT,TTTHTHTH,29,38,1
THTHHTHT,THTTHTTH,29,39,1
HHHHHHT,HHHHHHH,29,40,1
THTHTHTH,THHHHHHH,29,41,1
HTHTTHTH,TTTTTTTH,29,42,1
TTHTHTHH,HTHHHTHH,29,43,0
THTHHTHT,HTHHTHHT,29,44,0
HHHHHHH,TTTTTTH,29,45,0
HHTHTHHT,HHHHHHHT,29,46,1
TTTTTTTT,HTTHHTTH,29,47,0
HHHHHHT,HTHTHTH,29,48,0
THTHHTHT,HTTHTTHT,29,49,1
THTHTHT,HHHHHHT,29,50,1
HTHHTHHT,TTTTHTHT,29,51,1
TTTTTTTH,THTHHTHT,29,52,0
TTHHTTH,TTTTTTH,29,53,1
HHHHHHHT,TTHTHTTH,29,54,0
HTTHT,TTTTH,29,55,1
HHHHHHHH,HTTTTTTT,29,56,0
TTT,HTT,29,57,0
TTTTTTT,TTTTTTH,29,58,0
HTTHTTHT,HTHTHHHH,29,59,1
HTHTHTTT,HTTHHTTH,29,60,0
TTT,THH,29,61,0
HTHTHTHT,HHHHHHTH,29,62,1
HTTHTHHT,HTHTHTTT,29,63,1
HTHTTHTH,HHHHHHTH,29,64,1
THTHTHHH,HTTHHTTH,30,1,1
HTHHHHHT,HTHTTHTH,30,2,0
HTTTTTTT,HTHTHTHT,30,3,0
HHHHTTTT,HTHHTHHT,30,4,0
TTTTTTH,HHTTHHT,30,5,0
TTTTTTTT,HHHHHHHT,30,6,0
TTTTTTH,HTTTHHT,30,7,0
HHHHHHHT,HTHTHTHT,30,8,0
HHHHHHHH,HHHHHHHT,30,9,0
HTHTTHTH,HTTHTTHT,30,10,0
HTHTHHTH,THTTHHTH,30,11,0
HTHHTHHT,HTHTTHTH,30,12,1
HTHTTHTH,THHTHHTH,30,13,0
THTHTTHT,HTTHHTTH,30,14,0
TTTTHHHH,HTHHTHHT,30,15,0
HTHTTHTH,HHHHHHHT,30,16,1
HTHTTHTH,THTTHTTH,30,17,0
HHHHHHHT,THTHHTHT,30,18,0
TTTTHHHH,HTTHTTHT,30,19,0
TTTTTTT,HHHHHHT,30,20,0
HTHHTHHT,TTHTHTHH,30,21,0
HTTTTTTT,HTHTTHTH,30,22,0
HHHHHHHT,THTHTHTH,30,23,0
HTHTHTHT,THHHHHHH,30,24,0
HTTHTHHT,THTHTTHT,30,25,1
HTHHTHHT,HHHHHHHT,30,26,1
HTTHTTHT,HHHHTTTT,30,27,1
HTTTTTH,HHHHHHH,30,28,1
HTTTTTTT,THTHTHTH,30,29,0
THHHHHHH,HTHTTHTH,30,30,0
THHTHHTH,TTTTHHHH,30,31,1
THTHHTHT,HTTTTTTT,30,32,1
HTHTHTHT,TTTTTTTH,30,33,1
HTTTTTTT,HTHHTTHT,30,34,0
THTHHTHT,THHHHHHH,30,35,1
HTHTHTHT,HTHHHHHH,30,36,1
HTHHTTHT,THHHHHHH,30,37,1
TTTHTHTH,HTHHTHHT,30,38,0
THTTHTTH,THTHHTHT,30,39,1
HHHHHHH,HHHHHHT,30,40,0
THHHHHHH,THTHTHTH,30,41,0
HTHTTHTH,TTTTTTTH,30,42,1
TTHTHTHH,HTHHHTHH,30,43,1
HTHHTHHT,THTHHTHT,30,44,0
TTTTTTH,HHHHHHH,30,45,1
HHHHHHHT,HHTHTHHT,30,46,0
HTTHHTTH,TTTTTTTT,30,47,1
HHHHHHT,HTHTHTH,30,48,0
HTTHTTHT,THTHHTHT,30,49,1
THTHTHT,HHHHHHT,30,50,1
HTHHTHHT,TTTTHTHT,30,51,0
TTTTTTTH,THTHHTHT,30,52,0
TTTTTTH,TTHHTTH,30,53,0
HHHHHHHT,TTHTHTTH,30,54,0
HTTHT,TTTTH,30,55,1
HHHHHHHH,HTTTTTTT,30,56,0
TTT,HTT,30,57,0
TTTTTTT,TTTTTTH,30,58,0
HTHTHHHH,HTTHTTHT,30,59,0
HTTHHTTH,HTHTHTTT,30,60,0
TTT,THH,30,61,0
HHHHHHTH,HTHTHTHT,30,62,0
HTTHTHHT,HTHTHTTT,30,63,1
HHHHHHTH,HTHTTHTH,30,64,0
HTTHHTTH,THTHTHHH,31,1,1
HTHTTHTH,HTHHHHHT,31,2,1
HTHTHTHT,HTTTTTTT,31,3,1
HHHHTTTT,HTHHTHHT,31,4,0
HHTTHHT,TTTTTTH,31,5,1
TTTTTTTT,HHHHHHHT,31,6,0
HTTTHHT,TTTTTTH,31,7,1
HTHTHTHT,HHHHHHHT,31,8,1
HHHHHHHT,HHHHHHHH,31,9,1
HTHTTHTH,HTTHTTHT,31,10,0
HTHTHHTH,THTTHHTH,31,11,1
HTHHTHHT,HTHTTHTH,31,12,0
THHTHHTH,HTHTTHTH,31,13,1
HTTHHTTH,THTHTTHT,31,14,1
HTHHTHHT,TTTTHHHH,31,15,0
HHHHHHHT,HTHTTHTH,31,16,0
HTHTTHTH,THTTHTTH,31,17,1
THTHHTHT,HHHHHHHT,31,18,1
HTTHTTHT,TTTTHHHH,31,19,0
TTTTTTT,HHHHHHT,31,20,1
TTHTHTHH,HTHHTHHT,31,21,1
HTHTTHTH,HTTTTTTT,31,22,1
THTHTHTH,HHHHHHHT,31,23,1
HTHTHTHT,THHHHHHH,31,24,1
THTHTTHT,HTTHTHHT,31,25,0
HHHHHHHT,HTHHTHHT,31,26,0
HTTHTTHT,HHHHTTTT,31,27,1
HTTTTTH,HHHHHHH,31,28,1
THTHTHTH,HTTTTTTT,31,29,1
THHHHHHH,HTHTTHTH,31,30,1
THHTHHTH,TTTTHHHH,31,31,1
THTHHTHT,HTTTTTTT,31,32,1
HTHTHTHT,TTTTTTTH,31,33,1
HTTTTTTT,HTHHTTHT,31,34,0
THTHHTHT,THHHHHHH,31,35,1
HTHHHHHH,HTHTHTHT,31,36,0
THHHHHHH,HTHHTTHT,31,37,0
TTTHTHTH,HTHHTHHT,31,38,0
THTHHTHT,THTTHTTH,31,39,1
HHHHHHT,HHHHHHH,31,40,0
THTHTHTH,THHHHHHH,31,41,1
TTTTTTTH,HTHTTHTH,31,42,0
TTHTHTHH,HTHHHTHH,31,43,1
THTHHTHT,HTHHTHHT,31,44,0
TTTTTTH,HHHHHHH,31,45,1
HHHHHHHT,HHTHTHHT,31,46,0
HTTHHTTH,TTTTTTTT,31,47,1
HTHTHTH,HHHHHHT,31,48,0
THTHHTHT,HTTHTTHT,31,49,0
HHHHHHT,THTHTHT,31,50,1
HTHHTHHT,TTTTHTHT,31,51,0
THTHHTHT,TTTTTTTH,31,52,1
TTHHTTH,TTTTTTH,31,53,1
HHHHHHHT,TTHTHTTH,31,54,0
TTTTH,HTTHT,31,55,0
HTTTTTTT,HHHHHHHH,31,56,1
HTT,TTT,31,57,1
TTTTTTH,TTTTTTT,31,58,1
HTHTHHHH,HTTHTTHT,31,59,0
HTHTHTTT,HTTHHTTH,31,60,0
THH,TTT,31,61,1
HTHTHTHT,HHHHHHTH,31,62,1
HTHTHTTT,HTTHTHHT,31,63,0
HHHHHHTH,HTHTTHTH,31,64,1
THTHTHHH,HTTHHTTH,32,1,0
HTHHHHHT,HTHTTHTH,32,2,1
HTHTHTHT,HTTTTTTT,32,3,1
HTHHTHHT,HHHHTTTT,32,4,1
TTTTTTH,HHTTHHT,32,5,0
HHHHHHHT,TTTTTTTT,32,6,1
HTTTHHT,TTTTTTH,32,7,1
HTHTHTHT,HHHHHHHT,32,8,1
HHHHHHHH,HHHHHHHT,32,9,0
HTHTTHTH,HTTHTTHT,32,10,0
THTTHHTH,HTHTHHTH,32,11,0
HTHTTHTH,HTHHTHHT,32,12,1
HTHTTHTH,THHTHHTH,32,13,1
THTHTTHT,HTTHHTTH,32,14,0
TTTTHHHH,HTHHTHHT,32,15,0
HTHTTHTH,HHHHHHHT,32,16,1
HTHTTHTH,THTTHTTH,32,17,0
HHHHHHHT,THTHHTHT,32,18,0
HTTHTTHT,TTTTHHHH,32,19,1
TTTTTTT,HHHHHHT,32,20,0
TTHTHTHH,HTHHTHHT,32,21,0
HTHTTHTH,HTTTTTTT,32,22,1
THTHTHTH,HHHHHHHT,32,23,1
THHHHHHH,HTHTHTHT,32,24,0
THTHTTHT,HTTHTHHT,32,25,0
HHHHHHHT,HTHHTHHT,32,26,0
HHHHTTTT,HTTHTTHT,32,27,0
HHHHHHH,HTTTTTH,32,28,0
HTTTTTTT,THTHTHTH,32,29,0
HTHTTHTH,THHHHHHH,32,30,1
THHTHHTH,TTTTHHHH,32,31,1
THTHHTHT,HTTTTTTT,32,32,1
TTTTTTTH,HTHTHTHT,32,33,0
HTTTTTTT,HTHHTTHT,32,34,0
THHHHHHH,THTHHTHT,32,35,0
HTHHHHHH,HTHTHTHT,32,36,0
THHHHHHH,HTHHTTHT,32,37,0
TTTHTHTH,HTHHTHHT,32,38,1
THTTHTTH,THTHHTHT,32,39,1
HHHHHHT,HHHHHHH,32,40,1
THHHHHHH,THTHTHTH,32,41,0
TTTTTTTH,HTHTTHTH,32,42,0
HTHHHTHH,TTHTHTHH,32,43,0
HTHHTHHT,THTHHTHT,32,44,1
HHHHHHH,TTTTTTH,32,45,0
HHHHHHHT,HHTHTHHT,32,46,1
HTTHHTTH,TTTTTTTT,32,47,1
HTHTHTH,HHHHHHT,32,48,1
THTHHTHT,HTTHTTHT,32,49,1
HHHHHHT,THTHTHT,32,50,0
HTHHTHHT,TTTTHTHT,32,51,1
TTTTTTTH,THTHHTHT,32,52,0
TTTTTTH,TTHHTTH,32,53,0
HHHHHHHT,TTHTHTTH,32,54,0
HTTHT,TTTTH,32,55,1
HHHHHHHH,HTTTTTTT,32,56,0
TTT,HTT,32,57,0
TTTTTTT,TTTTTTH,32,58,0
HTTHTTHT,HTHTHHHH,32,59,0
HTTHHTTH,HTHTHTTT,32,60,0
THH,TTT,32,61,1
HHHHHHTH,HTHTHTHT,32,62,0
HTTHTHHT,HTHTHTTT,32,63,1
HHHHHHTH,HTHTTHTH,32,64,0
THTHTHHH,HTTHHTTH,33,1,0
HTHTTHTH,HTHHHHHT,33,2,1
HTTTTTTT,HTHTHTHT,33,3,0
HTHHTHHT,HHHHTTTT,33,4,1
HHTTHHT,TTTTTTH,33,5,1
TTTTTTTT,HHHHHHHT,33,6,0
TTTTTTH,HTTTHHT,33,7,0
HTHTHTHT,HHHHHHHT,33,8,1
HHHHHHHH,HHHHHHHT,33,9,0
HTHTTHTH,HTTHTTHT,33,10,0
THTTHHTH,HTHTHHTH,33,11,0
HTHHTHHT,HTHTTHTH,33,12,0
HTHTTHTH,THHTHHTH,33,13,1
HTTHHTTH,THTHTTHT,33,14,0
TTTTHHHH,HTHHTHHT,33,15,0
HHHHHHHT,HTHTTHTH,33,16,0
HTHTTHTH,THTTHTTH,33,17,1
THTHHTHT,HHHHHHHT,33,18,1
HTTHTTHT,TTTTHHHH,33,19,1
HHHHHHT,TTTTTTT,33,20,1
TTHTHTHH,HTHHTHHT,33,21,0
HTTTTTTT,HTHTTHTH,33,22,0
THTHTHTH,HHHHHHHT,33,23,1
THHHHHHH,HTHTHTHT,33,24,0
HTTHTHHT,THTHTTHT,33,25,0
HHHHHHHT,HTHHTHHT,33,26,0
HHHHTTTT,HTTHTTHT,33,27,0
HTTTTTH,HHHHHHH,33,28,1
THTHTHTH,HTTTTTTT,33,29,1
THHHHHHH,HTHTTHTH,33,30,0
THHTHHTH,TTTTHHHH,33,31,0
THTHHTHT,HTTTTTTT,33,32,1
TTTTTTTH,HTHTHTHT,33,33,0
HTTTTTTT,HTHHTTHT,33,34,0
THTHHTHT,THHHHHHH,33,35,1
HTHTHTHT,HTHHHHHH,33,36,1
HTHHTTHT,THHHHHHH,33,37,1
TTTHTHTH,HTHHTHHT,33,38,1
THTHHTHT,THTTHTTH,33,39,0
HHHHHHT,HHHHHHH,33,40,1
THTHTHTH,THHHHHHH,33,41,1
HTHTTHTH,TTTTTTTH,33,42,0
HTHHHTHH,TTHTHTHH,33,43,0
HTHHTHHT,THTHHTHT,33,44,0
HHHHHHH,TTTTTTH,33,45,0
HHHHHHHT,HHTHTHHT,33,46,0
TTTTTTTT,HTTHHTTH,33,47,0
HTHTHTH,HHHHHHT,33,48,1
HTTHTTHT,THTHHTHT,33,49,0
HHHHHHT,THTHTHT,33,50,0
TTTTHTHT,HTHHTHHT,33,51,0
THTHHTHT,TTTTTTTH,33,52,1
TTTTTTH,TTHHTTH,33,53,0
HHHHHHHT,TTHTHTTH,33,54,0
HTTHT,TTTTH,33,55,1
HTTTTTTT,HHHHHHHH,33,56,1
TTT,HTT,33,57,1
TTTTTTH,TTTTTTT,33,58,1
HTHTHHHH,HTTHTTHT,33,59,1
HTTHHTTH,HTHTHTTT,33,60,0
THH,TTT,33,61,1
HTHTHTHT,HHHHHHTH,33,62,0
HTHTHTTT,HTTHTHHT,33,63,1
HHHHHHTH,HTHTTHTH,33,64,0
HTTHHTTH,THTHTHHH,34,1,0
HTHTTHTH,HTHHHHHT,34,2,0
HTHTHTHT,HTTTTTTT,34,3,0
HHHHTTTT,HTHHTHHT,34,4,1
TTTTTTH,HHTTHHT,34,5,1
TTTTTTTT,HHHHHHHT,34,6,0
HTTTHHT,TTTTTTH,34,7,1
HTHTHTHT,HHHHHHHT,34,8,0
HHHHHHHH,HHHHHHHT,34,9,0
HTTHTTHT,HTHTTHTH,34,10,1
HTHTHHTH,THTTHHTH,34,11,1
HTHTTHTH,HTHHTHHT,34,12,0
HTHTTHTH,THHTHHTH,34,13,0
HTTHHTTH,THTHTTHT,34,14,1
TTTTHHHH,HTHHTHHT,34,15,0
HTHTTHTH,HHHHHHHT,34,16,1
THTTHTTH,HTHTTHTH,34,17,1
THTHHTHT,HHHHHHHT,34,18,1
HTTHTTHT,TTTTHHHH,34,19,1
HHHHHHT,TTTTTTT,34,20,1
TTHTHTHH,HTHHTHHT,34,21,1
HTTTTTTT,HTHTTHTH,34,22,0
THTHTHTH,HHHHHHHT,34,23,1
HTHTHTHT,THHHHHHH,34,24,1
HTTHTHHT,THTHTTHT,34,25,0
HHHHHHHT,HTHHTHHT,34,26,0
HTTHTTHT,HHHHTTTT,34,27,1
HTTTTTH,HHHHHHH,34,28,1
THTHTHTH,HTTTTTTT,34,29,0
THHHHHHH,HTHTTHTH,34,30,0
TTTTHHHH,THHTHHTH,34,31,0
HTTTTTTT,THTHHTHT,34,32,0
TTTTTTTH,HTHTHTHT,34,33,1
HTTTTTTT,HTHHTTHT,34,34,0
THTHHTHT,THHHHHHH,34,35,1
HTHHHHHH,HTHTHTHT,34,36,1
HTHHTTHT,THHHHHHH,34,37,1
HTHHTHHT,TTTHTHTH,34,38,1
THTHHTHT,THTTHTTH,34,39,1
HHHHHHT,HHHHHHH,34,40,1
THTHTHTH,THHHHHHH,34,41,0
HTHTTHTH,TTTTTTTH,34,42,1
TTHTHTHH,HTHHHTHH,34,43,1
HTHHTHHT,THTHHTHT,34,44,0
TTTTTTH,HHHHHHH,34,45,1
HHHHHHHT,HHTHTHHT,34,46,0
HTTHHTTH,TTTTTTTT,34,47,1
HHHHHHT,HTHTHTH,34,48,1
THTHHTHT,HTTHTTHT,34,49,1
HHHHHHT,THTHTHT,34,50,1
TTTTHTHT,HTHHTHHT,34,51,1
THTHHTHT,TTTTTTTH,34,52,1
TTHHTTH,TTTTTTH,34,53,1
HHHHHHHT,TTHTHTTH,34,54,1
HTTHT,TTTTH,34,55,1
HTTTTTTT,HHHHHHHH,34,56,1
TTT,HTT,34,57,0
TTTTTTT,TTTTTTH,34,58,0
HTHTHHHH,HTTHTTHT,34,59,1
HTTHHTTH,HTHTHTTT,34,60,0
TTT,THH,34,61,0
HHHHHHTH,HTHTHTHT,34,62,1
HTTHTHHT,HTHTHTTT,34,63,1
HTHTTHTH,HHHHHHTH,34,64,1
THTHTHHH,HTTHHTTH,35,1,0
HTHHHHHT,HTHTTHTH,35,2,1
HTHTHTHT,HTTTTTTT,35,3,0
HTHHTHHT,HHHHTTTT,35,4,1
TTTTTTH,HHTTHHT,35,5,0
HHHHHHHT,TTTTTTTT,35,6,1
HTTTHHT,TTTTTTH,35,7,1
HTHTHTHT,HHHHHHHT,35,8,0
HHHHHHHT,HHHHHHHH,35,9,1
HTHTTHTH,HTTHTTHT,35,10,1
HTHTHHTH,THTTHHTH,35,11,0
HTHHTHHT,HTHTTHTH,35,12,1
HTHTTHTH,THHTHHTH,35,13,1
HTTHHTTH,THTHTTHT,35,14,0
TTTTHHHH,HTHHTHHT,35,15,0
HTHTTHTH,HHHHHHHT,35,16,0
HTHTTHTH,THTTHTTH,35,17,0
HHHHHHHT,THTHHTHT,35,18,1
TTTTHHHH,HTTHTTHT,35,19,1
HHHHHHT,TTTTTTT,35,20,1
TTHTHTHH,HTHHTHHT,35,21,1
HTHTTHTH,HTTTTTTT,35,22,0
HHHHHHHT,THTHTHTH,35,23,1
HTHTHTHT,THHHHHHH,35,24,0
THTHTTHT,HTTHTHHT,35,25,1
HHHHHHHT,HTHHTHHT,35,26,1
HHHHTTTT,HTTHTTHT,35,27,0
HHHHHHH,HTTTTTH,35,28,0
THTHTHTH,HTTTTTTT,35,29,0
HTHTTHTH,THHHHHHH,35,30,0
THHTHHTH,TTTTHHHH,35,31,0
HTTTTTTT,THTHHTHT,35,32,1
HTHTHTHT,TTTTTTTH,35,33,0
HTHHTTHT,HTTTTTTT,35,34,1
THTHHTHT,THHHHHHH,35,35,1
HTHTHTHT,HTHHHHHH,35,36,0
THHHHHHH,HTHHTTHT,35,37,0
TTTHTHTH,HTHHTHHT,35,38,1
THTHHTHT,THTTHTTH,35,39,0
HHHHHHT,HHHHHHH,35,40,1
THTHTHTH,THHHHHHH,35,41,0
HTHTTHTH,TTTTTTTH,35,42,0
TTHTHTHH,HTHHHTHH,35,43,0
THTHHTHT,HTHHTHHT,35,44,0
TTTTTTH,HHHHHHH,35,45,1
HHTHTHHT,HHHHHHHT,35,46,1
TTTTTTTT,HTTHHTTH,35,47,1
HHHHHHT,HTHTHTH,35,48,1
HTTHTTHT,THTHHTHT,35,49,1
THTHTHT,HHHHHHT,35,50,0
TTTTHTHT,HTHHTHHT,35,51,1
THTHHTHT,TTTTTTTH,35,52,0
TTTTTTH,TTHHTTH,35,53,1
HHHHHHHT,TTHTHTTH,35,54,0
HTTHT,TTTTH,35,55,1
HTTTTTTT,HHHHHHHH,35,56,1
HTT,TTT,35,57,1
TTTTTTH,TTTTTTT,35,58,1
HTTHTTHT,HTHTHHHH,35,59,1
HTTHHTTH,HTHTHTTT,35,60,1
THH,TTT,35,61,1
HHHHHHTH,HTHTHTHT,35,62,1
HTTHTHHT,HTHTHTTT,35,63,1
HTHTTHTH,HHHHHHTH,35,64,0
THTHTHHH,HTTHHTTH,36,1,0
HTHTTHTH,HTHHHHHT,36,2,1
HTHTHTHT,HTTTTTTT,36,3,0
HHHHTTTT,HTHHTHHT,36,4,0
HHTTHHT,TTTTTTH,36,5,0
HHHHHHHT,TTTTTTTT,36,6,1
HTTTHHT,TTTTTTH,36,7,1
HHHHHHHT,HTHTHTHT,36,8,1
HHHHHHHH,HHHHHHHT,36,9,0
HTTHTTHT,HTHTTHTH,36,10,0
HTHTHHTH,THTTHHTH,36,11,0
HTHHTHHT,HTHTTHTH,36,12,0
THHTHHTH,HTHTTHTH,36,13,0
THTHTTHT,HTTHHTTH,36,14,0
TTTTHHHH,HTHHTHHT,36,15,0
HHHHHHHT,HTHTTHTH,36,16,0
THTTHTTH,HTHTTHTH,36,17,0
HHHHHHHT,THTHHTHT,36,18,0
HTTHTTHT,TTTTHHHH,36,19,0
HHHHHHT,TTTTTTT,36,20,1
HTHHTHHT,TTHTHTHH,36,21,0
HTTTTTTT,HTHTTHTH,36,22,0
THTHTHTH,HHHHHHHT,36,23,0
HTHTHTHT,THHHHHHH,36,24,0
HTTHTHHT,THTHTTHT,36,25,1
HHHHHHHT,HTHHTHHT,36,26,1
HTTHTTHT,HHHHTTTT,36,27,0
HHHHHHH,HTTTTTH,36,28,0
HTTTTTTT,THTHTHTH,36,29,1
HTHTTHTH,THHHHHHH,36,30,1
TTTTHHHH,THHTHHTH,36,31,1
THTHHTHT,HTTTTTTT,36,32,0
HTHTHTHT,TTTTTTTH,36,33,0
HTTTTTTT,HTHHTTHT,36,34,0
THHHHHHH,THTHHTHT,36,35,1
HTHTHTHT,HTHHHHHH,36,36,0
THHHHHHH,HTHHTTHT,36,37,1
TTTHTHTH,HTHHTHHT,36,38,1
THTTHTTH,THTHHTHT,36,39,1
HHHHHHH,HHHHHHT,36,40,0
THTHTHTH,THHHHHHH,36,41,0
HTHTTHTH,TTTTTTTH,36,42,0
HTHHHTHH,TTHTHTHH,36,43,0
THTHHTHT,HTHHTHHT,36,44,1
TTTTTTH,HHHHHHH,36,45,1
HHHHHHHT,HHTHTHHT,36,46,1
HTTHHTTH,TTTTTTTT,36,47,1
HHHHHHT,HTHTHTH,36,48,1
HTTHTTHT,THTHHTHT,36,49,1
THTHTHT,HHHHHHT,36,50,0
TTTTHTHT,HTHHTHHT,36,51,1
TTTTTTTH,THTHHTHT,36,52,1
TTHHTTH,TTTTTTH,36,53,0
TTHTHTTH,HHHHHHHT,36,54,0
TTTTH,HTTHT,36,55,1
HTTTTTTT,HHHHHHHH,36,56,1
TTT,HTT,36,57,0
TTTTTTH,TTTTTTT,36,58,1
HTHTHHHH,HTTHTTHT,36,59,1
HTHTHTTT,HTTHHTTH,36,60,1
THH,TTT,36,61,1
HHHHHHTH,HTHTHTHT,36,62,1
HTTHTHHT,HTHTHTTT,36,63,1
HTHTTHTH,HHHHHHTH,36,64,0
HTTHHTTH,THTHTHHH,37,1,1
HTHTTHTH,HTHHHHHT,37,2,1
HTHTHTHT,HTTTTTTT,37,3,1
HTHHTHHT,HHHHTTTT,37,4,1
HHTTHHT,TTTTTTH,37,5,1
HHHHHHHT,TTTTTTTT,37,6,1
HTTTHHT,TTTTTTH,37,7,1
HTHTHTHT,HHHHHHHT,37,8,1
HHHHHHHH,HHHHHHHT,37,9,0
HTTHTTHT,HTHTTHTH,37,10,0
THTTHHTH,HTHTHHTH,37,11,0
HTHHTHHT,HTHTTHTH,37,12,0
HTHTTHTH,THHTHHTH,37,13,1
HTTHHTTH,THTHTTHT,37,14,1
HTHHTHHT,TTTTHHHH,37,15,1
HHHHHHHT,HTHTTHTH,37,16,0
THTTHTTH,HTHTTHTH,37,17,0
HHHHHHHT,THTHHTHT,37,18,0
TTTTHHHH,HTTHTTHT,37,19,0
TTTTTTT,HHHHHHT,37,20,0
TTHTHTHH,HTHHTHHT,37,21,1
HTTTTTTT,HTHTTHTH,37,22,0
HHHHHHHT,THTHTHTH,37,23,0
HTHTHTHT,THHHHHHH,37,24,1
THTHTTHT,HTTHTHHT,37,25,0
HHHHHHHT,HTHHTHHT,37,26,0
HHHHTTTT,HTTHTTHT,37,27,0
HTTTTTH,HHHHHHH,37,28,1
HTTTTTTT,THTHTHTH,37,29,0
HTHTTHTH,THHHHHHH,37,30,1
THHTHHTH,TTTTHHHH,37,31,1
HTTTTTTT,THTHHTHT,37,32,0
HTHTHTHT,TTTTTTTH,37,33,1
HTHHTTHT,HTTTTTTT,37,34,1
THTHHTHT,THHHHHHH,37,35,1
HTHTHTHT,HTHHHHHH,37,36,1
THHHHHHH,HTHHTTHT,37,37,0
HTHHTHHT,TTTHTHTH,37,38,1
THTTHTTH,THTHHTHT,37,39,1
HHHHHHH,HHHHHHT,37,40,0
THHHHHHH,THTHTHTH,37,41,0
HTHTTHTH,TTTTTTTH,37,42,1
HTHHHTHH,TTHTHTHH,37,43,0
HTHHTHHT,THTHHTHT,37,44,1
TTTTTTH,HHHHHHH,37,45,1
HHHHHHHT,HHTHTHHT,37,46,0
TTTTTTTT,HTTHHTTH,37,47,0
HTHTHTH,HHHHHHT,37,48,1
HTTHTTHT,THTHHTHT,37,49,1
HHHHHHT,THTHTHT,37,50,0
TTTTHTHT,HTHHTHHT,37,51,0
THTHHTHT,TTTTTTTH,37,52,1
TTHHTTH,TTTTTTH,37,53,1
TTHTHTTH,HHHHHHHT,37,54,1
TTTTH,HTTHT,37,55,0
HHHHHHHH,HTTTTTTT,37,56,0
TTT,HTT,37,57,0
TTTTTTT,TTTTTTH,37,58,0
HTHTHHHH,HTTHTTHT,37,59,0
HTHTHTTT,HTTHHTTH,37,60,0
TTT,THH,37,61,0
HHHHHHTH,HTHTHTHT,37,62,0
HTTHTHHT,HTHTHTTT,37,63,1
HHHHHHTH,HTHTTHTH,37,64,0
THTHTHHH,HTTHHTTH,38,1,1
HTHHHHHT,HTHTTHTH,38,2,1
HTHTHTHT,HTTTTTTT,38,3,1
HTHHTHHT,HHHHTTTT,38,4,1
TTTTTTH,HHTTHHT,38,5,0
HHHHHHHT,TTTTTTTT,38,6,1
TTTTTTH,HTTTHHT,38,7,0
HHHHHHHT,HTHTHTHT,38,8,0
HHHHHHHH,HHHHHHHT,38,9,0
HTHTTHTH,HTTHTTHT,38,10,0
THTTHHTH,HTHTHHTH,38,11,1
HTHHTHHT,HTHTTHTH,38,12,0
THHTHHTH,HTHTTHTH,38,13,1
THTHTTHT,HTTHHTTH,38,14,0
HTHHTHHT,TTTTHHHH,38,15,1
HTHTTHTH,HHHHHHHT,38,16,1
THTTHTTH,HTHTTHTH,38,17,1
HHHHHHHT,THTHHTHT,38,18,0
HTTHTTHT,TTTTHHHH,38,19,1
HHHHHHT,TTTTTTT,38,20,1
HTHHTHHT,TTHTHTHH,38,21,0
HTHTTHTH,HTTTTTTT,38,22,1
HHHHHHHT,THTHTHTH,38,23,0
THHHHHHH,HTHTHTHT,38,24,0
THTHTTHT,HTTHTHHT,38,25,1
HTHHTHHT,HHHHHHHT,38,26,1
HTTHTTHT,HHHHTTTT,38,27,1
HHHHHHH,HTTTTTH,38,28,0
THTHTHTH,HTTTTTTT,38,29,1
HTHTTHTH,THHHHHHH,38,30,1
TTTTHHHH,THHTHHTH,38,31,0
HTTTTTTT,THTHHTHT,38,32,0
HTHTHTHT,TTTTTTTH,38,33,1
HTTTTTTT,HTHHTTHT,38,34,0
THTHHTHT,THHHHHHH,38,35,1
HTHHHHHH,HTHTHTHT,38,36,0
HTHHTTHT,THHHHHHH,38,37,1
HTHHTHHT,TTTHTHTH,38,38,1
THTHHTHT,THTTHTTH,38,39,1
HHHHHHT,HHHHHHH,38,40,1
THTHTHTH,THHHHHHH,38,41,1
HTHTTHTH,TTTTTTTH,38,42,1
HTHHHTHH,TTHTHTHH,38,43,0
HTHHTHHT,THTHHTHT,38,44,1
HHHHHHH,TTTTTTH,38,45,0
HHHHHHHT,HHTHTHHT,38,46,0
TTTTTTTT,HTTHHTTH,38,47,0
HTHTHTH,HHHHHHT,38,48,1
HTTHTTHT,THTHHTHT,38,49,1
THTHTHT,HHHHHHT,38,50,1
HTHHTHHT,TTTTHTHT,38,51,1
THTHHTHT,TTTTTTTH,38,52,1
TTHHTTH,TTTTTTH,38,53,1
TTHTHTTH,HHHHHHHT,38,54,1
HTTHT,TTTTH,38,55,1
HHHHHHHH,HTTTTTTT,38,56,0
TTT,HTT,38,57,0
TTTTTTT,TTTTTTH,38,58,0
HTHTHHHH,HTTHTTHT,38,59,0
HTHTHTTT,HTTHHTTH,38,60,1
TTT,THH,38,61,0
HTHTHTHT,HHHHHHTH,38,62,1
HTHTHTTT,HTTHTHHT,38,63,1
HHHHHHTH,HTHTTHTH,38,64,0
THTHTHHH,HTTHHTTH,39,1,1
HTHTTHTH,HTHHHHHT,39,2,1
HTHTHTHT,HTTTTTTT,39,3,0
HTHHTHHT,HHHHTTTT,39,4,0
TTTTTTH,HHTTHHT,39,5,0
HHHHHHHT,TTTTTTTT,39,6,0
TTTTTTH,HTTTHHT,39,7,1
HTHTHTHT,HHHHHHHT,39,8,1
HHHHHHHH,HHHHHHHT,39,9,1
HTHTTHTH,HTTHTTHT,39,10,1
THTTHHTH,HTHTHHTH,39,11,1
HTHTTHTH,HTHHTHHT,39,12,0
THHTHHTH,HTHTTHTH,39,13,0
THTHTTHT,HTTHHTTH,39,14,1
HTHHTHHT,TTTTHHHH,39,15,0
HHHHHHHT,HTHTTHTH,39,16,0
THTTHTTH,HTHTTHTH,39,17,0
THTHHTHT,HHHHHHHT,39,18,1
HTTHTTHT,TTTTHHHH,39,19,0
HHHHHHT,TTTTTTT,39,20,0
TTHTHTHH,HTHHTHHT,39,21,1
HTTTTTTT,HTHTTHTH,39,22,1
THTHTHTH,HHHHHHHT,39,23,1
THHHHHHH,HTHTHTHT,39,24,0
THTHTTHT,HTTHTHHT,39,25,1
HHHHHHHT,HTHHTHHT,39,26,1
HHHHTTTT,HTTHTTHT,39,27,1
HTTTTTH,HHHHHHH,39,28,0
HTTTTTTT,THTHTHTH,39,29,0
HTHTTHTH,THHHHHHH,39,30,1
THHTHHTH,TTTTHHHH,39,31,0
HTTTTTTT,THTHHTHT,39,32,0
TTTTTTTH,HTHTHTHT,39,33,0
HTTTTTTT,HTHHTTHT,39,34,0
THHHHHHH,THTHHTHT,39,35,0
HTHHHHHH,HTHTHTHT,39,36,0
HTHHTTHT,THHHHHHH,39,37,1
TTTHTHTH,HTHHTHHT,39,38,0
THTTHTTH,THTHHTHT,39,39,0
HHHHHHH,HHHHHHT,39,40,1
THHHHHHH,THTHTHTH,39,41,0
HTHTTHTH,TTTTTTTH,39,42,1
TTHTHTHH,HTHHHTHH,39,43,1
HTHHTHHT,THTHHTHT,39,44,0
TTTTTTH,HHHHHHH,39,45,0
HHHHHHHT,HHTHTHHT,39,46,1
TTTTTTTT,HTTHHTTH,39,47,1
HHHHHHT,HTHTHTH,39,48,0
THTHHTHT,HTTHTTHT,39,49,0
HHHHHHT,THTHTHT,39,50,0
TTTTHTHT,HTHHTHHT,39,51,0
THTHHTHT,TTTTTTTH,39,52,1
TTTTTTH,TTHHTTH,39,53,0
TTHTHTTH,HHHHHHHT,39,54,0
HTTHT,TTTTH,39,55,0
HTTTTTTT,HHHHHHHH,39,56,0
TTT,HTT,39,57,1
TTTTTTH,TTTTTTT,39,58,0
HTHTHHHH,HTTHTTHT,39,59,0
HTTHHTTH,HTHTHTTT,39,60,1
THH,TTT,39,61,0
HHHHHHTH,HTHTHTHT,39,62,0
HTTHTHHT,HTHTHTTT,39,63,1
HTHTTHTH,HHHHHHTH,39,64,1
HTHTHTHT,HTHTTTTH,40,1,0
TT,HT,40,2,1
HHHTTHHH,TTTTTTTT,40,3,1
HHHTTTHH,HTHTHTHT,40,4,1
THTHTHTH,HTHTHHHT,40,5,0
TTHTTHTT,TTHTTTTT,40,6,0
HT,HH,40,7,0
TTTTTTTT,HHHHHHHT,40,8,0
HHHHHHHH,HHHHTHHH,40,9,0
TTHHTHHT,HTHHTHHT,40,10,0
HTHHTHHT,HHHHTHHT,40,11,0
TTTTTTTT,THHHHHHH,40,12,0
THTHTHTH,HHHTHTHT,40,13,0
TTHTHTHT,HTHTHTHT,40,14,1
HHHHHHHH,HTTTTTTT,40,15,0
THHTHHTT,THHTHHTH,40,16,0
HTHHHHHT,HTHHTHHT,40,17,1
HHHHHHHH,TTTTTTTH,40,18,0
HH,TH,40,19,1
TTTHTHTH,HHHTHHHT,40,20,1
HTHTHHHT,HTHTHTHT,40,21,1
HHHHHTHT,TTTTTHHH,40,22,1
THHHHHTH,THHTHHTH,40,23,1
HTHTHTHT,HHHTHTHT,40,24,0
THTHTHTH,HTHTHTTT,40,25,0
HTHTTTTT,TTTHHHHH,40,26,1
THHTTHTT,HHTHHTHH,40,27,1
HTTTTTHT,HTTHTTHT,40,28,1
TH,TT,40,29,0
HTHTHTHT,HTHTTTHT,40,30,0
HHTHHTHH,HHTHHTTT,40,31,0
HHHHHTTT,TTTTTHTH,40,32,0
THTTHTTH,THTTTTTH,40,33,0
THTHHHHH,HHHTTTTT,40,34,0
THHHTHTH,THTHTHTH,40,35,1
HTTTHTTT,THTHTHHH,40,36,1
TTTHHTHH,HHTHHTHH,40,37,1
HTHTHTHT,TTTHHTTT,40,38,0
HTTHTTTT,HTTHTHTT,40,39,1
TTTHTTTT,HHHHHHHH,40,40,1
HHHHHHH,HTTTTTT,40,41,0
HHTTTHHH,THTHTHTH,40,42,1
HHH,HHT,40,43,0
HHHHTHHT,HHTHTHHT,40,44,1
HHH,THH,40,45,1
HHHHHHH,TTTTTTH,40,46,0
TTHHTHTT,HHTHHTHH,40,47,1
TTT,HTT,40,48,0
THHTHHHH,THHTHHTH,40,49,1
TTTTTTT,HHHHHHT,40,50,0
HTTHTTTT,HTTHTTHT,40,51,1
HTHTHHHT,TTTHTTTH,40,52,1
TTH,TTT,40,53,1
TTTHHHHH,HTHTHTHT,40,54,1
HTHHTHHT,HTHTTHHT,40,55,0
THHTHHTH,THHTTHTH,40,56,0
TTTTHTTH,THTTHTTH,40,57,0
THTHTHTH,THTHTHHH,40,58,0
THHHHHH,TTTTTTT,40,59,1
THTHTHTH,TTTHHTTT,40,60,0
HTHTHTHT,HTHTHTTT,40,61,0
HTTHTTHT,HTTHHTHT,40,62,0
HHTHHTHH,HTHTTHTH,40,63,0
HHTHHTHT,TTHTTHTT,40,64,0
HTHTHTHT,HTHTTTTH,41,1,1
TT,HT,41,2,0
TTTTTTTT,HHHTTHHH,41,3,0
HTHTHTHT,HHHTTTHH,41,4,1
THTHTHTH,HTHTHHHT,41,5,0
TTHTTTTT,TTHTTHTT,41,6,0
HH,HT,41,7,0
TTTTTTTT,HHHHHHHT,41,8,0
HHHHHHHH,HHHHTHHH,41,9,0
TTHHTHHT,HTHHTHHT,41,10,0
HHHHTHHT,HTHHTHHT,41,11,0
THHHHHHH,TTTTTTTT,41,12,1
THTHTHTH,HHHTHTHT,41,13,0
TTHTHTHT,HTHTHTHT,41,14,1
HTTTTTTT,HHHHHHHH,41,15,0
THHTHHTT,THHTHHTH,41,16,1
HTHHTHHT,HTHHHHHT,41,17,1
HHHHHHHH,TTTTTTTH,41,18,0
TH,HH,41,19,1
HHHTHHHT,TTTHTHTH,41,20,0
HTHTHHHT,HTHTHTHT,41,21,1
HHHHHTHT,TTTTTHHH,41,22,1
THHTHHTH,THHHHHTH,41,23,1
HHHTHTHT,HTHTHTHT,41,24,1
HTHTHTTT,THTHTHTH,41,25,1
TTTHHHHH,HTHTTTTT,41,26,0
THHTTHTT,HHTHHTHH,41,27,0
HTTHTTHT,HTTTTTHT,41,28,1
TH,TT,41,29,1
HTHTHTHT,HTHTTTHT,41,30,0
HHTHHTTT,HHTHHTHH,41,31,0
TTTTTHTH,HHHHHTTT,41,32,1
THTTHTTH,THTTTTTH,41,33,1
THTHHHHH,HHHTTTTT,41,34,1
THTHTHTH,THHHTHTH,41,35,0
HTTTHTTT,THTHTHHH,41,36,1
HHTHHTHH,TTTHHTHH,41,37,1
TTTHHTTT,HTHTHTHT,41,38,1
HTTHTHTT,HTTHTTTT,41,39,1
HHHHHHHH,TTTHTTTT,41,40,0
HTTTTTT,HHHHHHH,41,41,1
THTHTHTH,HHTTTHHH,41,42,0
HHH,HHT,41,43,0
HHHHTHHT,HHTHTHHT,41,44,0
THH,HHH,41,45,1
TTTTTTH,HHHHHHH,41,46,1
TTHHTHTT,HHTHHTHH,41,47,1
HTT,TTT,41,48,1
THHTHHTH,THHTHHHH,41,49,1
TTTTTTT,HHHHHHT,41,50,0
HTTHTTTT,HTTHTTHT,41,51,0
HTHTHHHT,TTTHTTTH,41,52,1
TTT,TTH,41,53,0
TTTHHHHH,HTHTHTHT,41,54,0
HTHTTHHT,HTHHTHHT,41,55,0
THHTHHTH,THHTTHTH,41,56,1
THTTHTTH,TTTTHTTH,41,57,0
THTHTHTH,THTHTHHH,41,58,1
THHHHHH,TTTTTTT,41,59,1
TTTHHTTT,THTHTHTH,41,60,1
HTHTHTHT,HTHTHTTT,41,61,0
HTTHTTHT,HTTHHTHT,41,62,1
HHTHHTHH,HTHTTHTH,41,63,1
TTHTTHTT,HHTHHTHT,41,64,0
HTHTTTTH,HTHTHTHT,42,1,1
TT,HT,42,2,0
TTTTTTTT,HHHTTHHH,42,3,0
HTHTHTHT,HHHTTTHH,42,4,0
THTHTHTH,HTHTHHHT,42,5,0
TTHTTHTT,TTHTTTTT,42,6,0
HT,HH,42,7,1
TTTTTTTT,HHHHHHHT,42,8,0
HHHHHHHH,HHHHTHHH,42,9,0
TTHHTHHT,HTHHTHHT,42,10,0
HTHHTHHT,HHHHTHHT,42,11,1
TTTTTTTT,THHHHHHH,42,12,0
HHHTHTHT,THTHTHTH,42,13,1
HTHTHTHT,TTHTHTHT,42,14,0
HTTTTTTT,HHHHHHHH,42,15,1
THHTHHTH,THHTHHTT,42,16,1
HTHHHHHT,HTHHTHHT,42,17,0
TTTTTTTH,HHHHHHHH,42,18,1
TH,HH,42,19,1
HHHTHHHT,TTTHTHTH,42,20,0
HTHTHTHT,HTHTHHHT,42,21,0
HHHHHTHT,TTTTTHHH,42,22,1
THHHHHTH,THHTHHTH,42,23,1
HHHTHTHT,HTHTHTHT,42,24,1
HTHTHTTT,THTHTHTH,42,25,0
TTTHHHHH,HTHTTTTT,42,26,0
HHTHHTHH,THHTTHTT,42,27,0
HTTTTTHT,HTTHTTHT,42,28,0
TH,TT,42,29,1
HTHTHTHT,HTHTTTHT,42,30,0
HHTHHTTT,HHTHHTHH,42,31,0
TTTTTHTH,HHHHHTTT,42,32,1
THTTTTTH,THTTHTTH,42,33,0
HHHTTTTT,THTHHHHH,42,34,0
THHHTHTH,THTHTHTH,42,35,0
THTHTHHH,HTTTHTTT,42,36,0
TTTHHTHH,HHTHHTHH,42,37,0
TTTHHTTT,HTHTHTHT,42,38,0
HTTHTTTT,HTTHTHTT,42,39,0
HHHHHHHH,TTTHTTTT,42,40,0
HHHHHHH,HTTTTTT,42,41,0
THTHTHTH,HHTTTHHH,42,42,0
HHT,HHH,42,43,1
HHHHTHHT,HHTHTHHT,42,44,0
THH,HHH,42,45,1
TTTTTTH,HHHHHHH,42,46,1
TTHHTHTT,HHTHHTHH,42,47,1
HTT,TTT,42,48,1
THHTHHHH,THHTHHTH,42,49,0
HHHHHHT,TTTTTTT,42,50,1
HTTHTTHT,HTTHTTTT,42,51,1
HTHTHHHT,TTTHTTTH,42,52,0
TTT,TTH,42,53,0
HTHTHTHT,TTTHHHHH,42,54,1
HTHHTHHT,HTHTTHHT,42,55,1
THHTHHTH,THHTTHTH,42,56,0
TTTTHTTH,THTTHTTH,42,57,0
THTHTHHH,THTHTHTH,42,58,0
TTTTTTT,THHHHHH,42,59,0
TTTHHTTT,THTHTHTH,42,60,0
HTHTHTTT,HTHTHTHT,42,61,1
HTTHTTHT,HTTHHTHT,42,62,0
HHTHHTHH,HTHTTHTH,42,63,0
TTHTTHTT,HHTHHTHT,42,64,0
HTHTHTHT,HTHTTTTH,43,1,0
TT,HT,43,2,0
HHHTTHHH,TTTTTTTT,43,3,1
HHHTTTHH,HTHTHTHT,43,4,0
THTHTHTH,HTHTHHHT,43,5,0
TTHTTHTT,TTHTTTTT,43,6,1
HT,HH,43,7,1
TTTTTTTT,HHHHHHHT,43,8,0
HHHHTHHH,HHHHHHHH,43,9,1
HTHHTHHT,TTHHTHHT,43,10,1
HTHHTHHT,HHHHTHHT,43,11,1
TTTTTTTT,THHHHHHH,43,12,0
THTHTHTH,HHHTHTHT,43,13,0
TTHTHTHT,HTHTHTHT,43,14,1
HHHHHHHH,HTTTTTTT,43,15,0
THHTHHTT,THHTHHTH,43,16,0
HTHHHHHT,HTHHTHHT,43,17,1
HHHHHHHH,TTTTTTTH,43,18,0
TH,HH,43,19,1
TTTHTHTH,HHHTHHHT,43,20,1
HTHTHTHT,HTHTHHHT,43,21,0
HHHHHTHT,TTTTTHHH,43,22,1
THHHHHTH,THHTHHTH,43,23,0
HTHTHTHT,HHHTHTHT,43,24,0
HTHTHTTT,THTHTHTH,43,25,1
TTTHHHHH,HTHTTTTT,43,26,0
HHTHHTHH,THHTTHTT,43,27,0
HTTTTTHT,HTTHTTHT,43,28,0
TH,TT,43,29,1
HTHTTTHT,HTHTHTHT,43,30,1
HHTHHTHH,HHTHHTTT,43,31,0
TTTTTHTH,HHHHHTTT,43,32,1
THTTHTTH,THTTTTTH,43,33,0
THTHHHHH,HHHTTTTT,43,34,1
THTHTHTH,THHHTHTH,43,35,0
HTTTHTTT,THTHTHHH,43,36,0
HHTHHTHH,TTTHHTHH,43,37,0
HTHTHTHT,TTTHHTTT,43,38,0
HTTHTTTT,HTTHTHTT,43,39,1
HHHHHHHH,TTTHTTTT,43,40,0
HHHHHHH,HTTTTTT,43,41,0
THTHTHTH,HHTTTHHH,43,42,0
HHH,HHT,43,43,0
HHTHTHHT,HHHHTHHT,43,44,1
THH,HHH,43,45,1
HHHHHHH,TTTTTTH,43,46,0
TTHHTHTT,HHTHHTHH,43,47,1
TTT,HTT,43,48,0
THHTHHTH,THHTHHHH,43,49,0
TTTTTTT,HHHHHHT,43,50,0
HTTHTTTT,HTTHTTHT,43,51,0
TTTHTTTH,HTHTHHHT,43,52,0
TTH,TTT,43,53,1
TTTHHHHH,HTHTHTHT,43,54,1
HTHTTHHT,HTHHTHHT,43,55,1
THHTTHTH,THHTHHTH,43,56,1
TTTTHTTH,THTTHTTH,43,57,1
THTHTHHH,THTHTHTH,43,58,1
TTTTTTT,THHHHHH,43,59,0
TTTHHTTT,THTHTHTH,43,60,1
HTHTHTTT,HTHTHTHT,43,61,1
HTTHTTHT,HTTHHTHT,43,62,0
HTHTTHTH,HHTHHTHH,43,63,1
TTHTTHTT,HHTHHTHT,43,64,0
HTHTTTTH,HTHTHTHT,44,1,1
TT,HT,44,2,1
HHHTTHHH,TTTTTTTT,44,3,1
HTHTHTHT,HHHTTTHH,44,4,0
THTHTHTH,HTHTHHHT,44,5,0
TTHTTHTT,TTHTTTTT,44,6,1
HH,HT,44,7,0
TTTTTTTT,HHHHHHHT,44,8,0
HHHHHHHH,HHHHTHHH,44,9,0
HTHHTHHT,TTHHTHHT,44,10,0
HHHHTHHT,HTHHTHHT,44,11,0
TTTTTTTT,THHHHHHH,44,12,0
THTHTHTH,HHHTHTHT,44,13,0
HTHTHTHT,TTHTHTHT,44,14,0
HHHHHHHH,HTTTTTTT,44,15,0
THHTHHTH,THHTHHTT,44,16,0
HTHHHHHT,HTHHTHHT,44,17,1
TTTTTTTH,HHHHHHHH,44,18,1
HH,TH,44,19,0
HHHTHHHT,TTTHTHTH,44,20,0
HTHTHHHT,HTHTHTHT,44,21,1
HHHHHTHT,TTTTTHHH,44,22,1
THHHHHTH,THHTHHTH,44,23,0
HTHTHTHT,HHHTHTHT,44,24,0
HTHTHTTT,THTHTHTH,44,25,1
HTHTTTTT,TTTHHHHH,44,26,1
THHTTHTT,HHTHHTHH,44,27,1
HTTTTTHT,HTTHTTHT,44,28,1
TH,TT,44,29,1
HTHTHTHT,HTHTTTHT,44,30,0
HHTHHTTT,HHTHHTHH,44,31,1
HHHHHTTT,TTTTTHTH,44,32,0
THTTTTTH,THTTHTTH,44,33,0
HHHTTTTT,THTHHHHH,44,34,0
THHHTHTH,THTHTHTH,44,35,1
HTTTHTTT,THTHTHHH,44,36,0
TTTHHTHH,HHTHHTHH,44,37,0
TTTHHTTT,HTHTHTHT,44,38,1
HTTHTTTT,HTTHTHTT,44,39,0
HHHHHHHH,TTTHTTTT,44,40,0
HTTTTTT,HHHHHHH,44,41,1
THTHTHTH,HHTTTHHH,44,42,0
HHH,HHT,44,43,0
HHHHTHHT,HHTHTHHT,44,44,0
THH,HHH,44,45,1
HHHHHHH,TTTTTTH,44,46,0
TTHHTHTT,HHTHHTHH,44,47,1
HTT,TTT,44,48,1
THHTHHTH,THHTHHHH,44,49,1
TTTTTTT,HHHHHHT,44,50,0
HTTHTTHT,HTTHTTTT,44,51,0
HTHTHHHT,TTTHTTTH,44,52,1
TTH,TTT,44,53,1
HTHTHTHT,TTTHHHHH,44,54,0
HTHHTHHT,HTHTTHHT,44,55,0
THHTHHTH,THHTTHTH,44,56,0
TTTTHTTH,THTTHTTH,44,57,0
THTHTHHH,THTHTHTH,44,58,1
TTTTTTT,THHHHHH,44,59,0
TTTHHTTT,THTHTHTH,44,60,1
HTHTHTTT,HTHTHTHT,44,61,1
HTTHTTHT,HTTHHTHT,44,62,1
HHTHHTHH,HTHTTHTH,44,63,0
HHTHHTHT,TTHTTHTT,44,64,1
HTHTTTTH,HTHTHTHT,45,1,1
TT,HT,45,2,1
HHHTTHHH,TTTTTTTT,45,3,1
HHHTTTHH,HTHTHTHT,45,4,1
THTHTHTH,HTHTHHHT,45,5,0
TTHTTHTT,TTHTTTTT,45,6,0
HT,HH,45,7,0
TTTTTTTT,HHHHHHHT,45,8,0
HHHHTHHH,HHHHHHHH,45,9,1
TTHHTHHT,HTHHTHHT,45,10,1
HHHHTHHT,HTHHTHHT,45,11,1
TTTTTTTT,THHHHHHH,45,12,0
HHHTHTHT,THTHTHTH,45,13,1
TTHTHTHT,HTHTHTHT,45,14,1
HTTTTTTT,HHHHHHHH,45,15,1
THHTHHTH,THHTHHTT,45,16,1
HTHHTHHT,HTHHHHHT,45,17,1
TTTTTTTH,HHHHHHHH,45,18,1
TH,HH,45,19,1
TTTHTHTH,HHHTHHHT,45,20,0
HTHTHHHT,HTHTHTHT,45,21,1
HHHHHTHT,TTTTTHHH,45,22,1
THHHHHTH,THHTHHTH,45,23,1
HHHTHTHT,HTHTHTHT,45,24,0
THTHTHTH,HTHTHTTT,45,25,0
TTTHHHHH,HTHTTTTT,45,26,1
HHTHHTHH,THHTTHTT,45,27,0
HTTHTTHT,HTTTTTHT,45,28,1
TH,TT,45,29,1
HTHTTTHT,HTHTHTHT,45,30,1
HHTHHTTT,HHTHHTHH,45,31,1
HHHHHTTT,TTTTTHTH,45,32,0
THTTHTTH,THTTTTTH,45,33,1
THTHHHHH,HHHTTTTT,45,34,0
THTHTHTH,THHHTHTH,45,35,0
HTTTHTTT,THTHTHHH,45,36,0
HHTHHTHH,TTTHHTHH,45,37,0
TTTHHTTT,HTHTHTHT,45,38,1
HTTHTHTT,HTTHTTTT,45,39,0
TTTHTTTT,HHHHHHHH,45,40,1
HTTTTTT,HHHHHHH,45,41,1
HHTTTHHH,THTHTHTH,45,42,1
HHT,HHH,45,43,0
HHTHTHHT,HHHHTHHT,45,44,1
THH,HHH,45,45,1
HHHHHHH,TTTTTTH,45,46,0
TTHHTHTT,HHTHHTHH,45,47,0
HTT,TTT,45,48,1
THHTHHTH,THHTHHHH,45,49,0
TTTTTTT,HHHHHHT,45,50,0
HTTHTTHT,HTTHTTTT,45,51,0
HTHTHHHT,TTTHTTTH,45,52,0
TTH,TTT,45,53,1
HTHTHTHT,TTTHHHHH,45,54,0
HTHTTHHT,HTHHTHHT,45,55,0
THHTTHTH,THHTHHTH,45,56,1
THTTHTTH,TTTTHTTH,45,57,0
THTHTHHH,THTHTHTH,45,58,0
THHHHHH,TTTTTTT,45,59,1
THTHTHTH,TTTHHTTT,45,60,0
HTHTHTHT,HTHTHTTT,45,61,0
HTTHHTHT,HTTHTTHT,45,62,1
HTHTTHTH,HHTHHTHH,45,63,0
TTHTTHTT,HHTHHTHT,45,64,0
HTHTTTTH,HTHTHTHT,46,1,1
HT,TT,46,2,1
HHHTTHHH,TTTTTTTT,46,3,1
HHHTTTHH,HTHTHTHT,46,4,1
HTHTHHHT,THTHTHTH,46,5,1
TTHTTHTT,TTHTTTTT,46,6,1
HH,HT,46,7,1
HHHHHHHT,TTTTTTTT,46,8,1
HHHHHHHH,HHHHTHHH,46,9,0
HTHHTHHT,TTHHTHHT,46,10,1
HTHHTHHT,HHHHTHHT,46,11,0
TTTTTTTT,THHHHHHH,46,12,0
HHHTHTHT,THTHTHTH,46,13,1
TTHTHTHT,HTHTHTHT,46,14,1
HTTTTTTT,HHHHHHHH,46,15,1
THHTHHTH,THHTHHTT,46,16,0
HTHHHHHT,HTHHTHHT,46,17,0
TTTTTTTH,HHHHHHHH,46,18,1
TH,HH,46,19,1
TTTHTHTH,HHHTHHHT,46,20,1
HTHTHHHT,HTHTHTHT,46,21,1
TTTTTHHH,HHHHHTHT,46,22,0
THHTHHTH,THHHHHTH,46,23,0
HTHTHTHT,HHHTHTHT,46,24,0
THTHTHTH,HTHTHTTT,46,25,0
HTHTTTTT,TTTHHHHH,46,26,1
THHTTHTT,HHTHHTHH,46,27,1
HTTTTTHT,HTTHTTHT,46,28,1
TT,TH,46,29,1
HTHTTTHT,HTHTHTHT,46,30,1
HHTHHTHH,HHTHHTTT,46,31,0
HHHHHTTT,TTTTTHTH,46,32,0
THTTTTTH,THTTHTTH,46,33,1
HHHTTTTT,THTHHHHH,46,34,0
THTHTHTH,THHHTHTH,46,35,0
HTTTHTTT,THTHTHHH,46,36,0
TTTHHTHH,HHTHHTHH,46,37,1
HTHTHTHT,TTTHHTTT,46,38,0
HTTHTHTT,HTTHTTTT,46,39,0
HHHHHHHH,TTTHTTTT,46,40,0
HHHHHHH,HTTTTTT,46,41,0
THTHTHTH,HHTTTHHH,46,42,0
HHH,HHT,46,43,0
HHHHTHHT,HHTHTHHT,46,44,1
HHH,THH,46,45,0
TTTTTTH,HHHHHHH,46,46,1
HHTHHTHH,TTHHTHTT,46,47,0
TTT,HTT,46,48,0
THHTHHHH,THHTHHTH,46,49,1
HHHHHHT,TTTTTTT,46,50,1
HTTHTTHT,HTTHTTTT,46,51,0
TTTHTTTH,HTHTHHHT,46,52,0
TTT,TTH,46,53,0
HTHTHTHT,TTTHHHHH,46,54,0
HTHTTHHT,HTHHTHHT,46,55,1
THHTHHTH,THHTTHTH,46,56,1
TTTTHTTH,THTTHTTH,46,57,1
THTHTHTH,THTHTHHH,46,58,0
TTTTTTT,THHHHHH,46,59,0
TTTHHTTT,THTHTHTH,46,60,0
HTHTHTTT,HTHTHTHT,46,61,1
HTTHTTHT,HTTHHTHT,46,62,0
HTHTTHTH,HHTHHTHH,46,63,1
HHTHHTHT,TTHTTHTT,46,64,1
HTHTTTTH,HTHTHTHT,47,1,1
HT,TT,47,2,1
TTTTTTTT,HHHTTHHH,47,3,0
HHHTTTHH,HTHTHTHT,47,4,1
THTHTHTH,HTHTHHHT,47,5,0
TTHTTTTT,TTHTTHTT,47,6,1
HH,HT,47,7,1
HHHHHHHT,TTTTTTTT,47,8,1
HHHHTHHH,HHHHHHHH,47,9,1
HTHHTHHT,TTHHTHHT,47,10,0
HHHHTHHT,HTHHTHHT,47,11,0
THHHHHHH,TTTTTTTT,47,12,1
THTHTHTH,HHHTHTHT,47,13,1
HTHTHTHT,TTHTHTHT,47,14,0
HHHHHHHH,HTTTTTTT,47,15,0
THHTHHTH,THHTHHTT,47,16,0
HTHHTHHT,HTHHHHHT,47,17,0
HHHHHHHH,TTTTTTTH,47,18,0
TH,HH,47,19,1
HHHTHHHT,TTTHTHTH,47,20,1
HTHTHTHT,HTHTHHHT,47,21,0
HHHHHTHT,TTTTTHHH,47,22,1
THHHHHTH,THHTHHTH,47,23,1
HTHTHTHT,HHHTHTHT,47,24,0
THTHTHTH,HTHTHTTT,47,25,0
HTHTTTTT,TTTHHHHH,47,26,1
THHTTHTT,HHTHHTHH,47,27,1
HTTHTTHT,HTTTTTHT,47,28,0
TT,TH,47,29,1
HTHTHTHT,HTHTTTHT,47,30,0
HHTHHTHH,HHTHHTTT,47,31,0
TTTTTHTH,HHHHHTTT,47,32,1
THTTTTTH,THTTHTTH,47,33,0
HHHTTTTT,THTHHHHH,47,34,0
THTHTHTH,THHHTHTH,47,35,0
THTHTHHH,HTTTHTTT,47,36,1
HHTHHTHH,TTTHHTHH,47,37,0
TTTHHTTT,HTHTHTHT,47,38,1
HTTHTHTT,HTTHTTTT,47,39,0
TTTHTTTT,HHHHHHHH,47,40,1
HHHHHHH,HTTTTTT,47,41,0
THTHTHTH,HHTTTHHH,47,42,0
HHH,HHT,47,43,0
HHTHTHHT,HHHHTHHT,47,44,0
HHH,THH,47,45,0
TTTTTTH,HHHHHHH,47,46,1
HHTHHTHH,TTHHTHTT,47,47,1
HTT,TTT,47,48,1
THHTHHTH,THHTHHHH,47,49,0
TTTTTTT,HHHHHHT,47,50,0
HTTHTTHT,HTTHTTTT,47,51,1
TTTHTTTH,HTHTHHHT,47,52,1
TTT,TTH,47,53,0
HTHTHTHT,TTTHHHHH,47,54,0
HTHHTHHT,HTHTTHHT,47,55,1
THHTHHTH,THHTTHTH,47,56,0
THTTHTTH,TTTTHTTH,47,57,0
THTHTHTH,THTHTHHH,47,58,0
THHHHHH,TTTTTTT,47,59,1
TTTHHTTT,THTHTHTH,47,60,1
HTHTHTHT,HTHTHTTT,47,61,0
HTTHTTHT,HTTHHTHT,47,62,1
HHTHHTHH,HTHTTHTH,47,63,0
HHTHHTHT,TTHTTHTT,47,64,0
HTHTHTHT,HTHTTTTH,48,1,1
TT,HT,48,2,0
HHHTTHHH,TTTTTTTT,48,3,1
HHHTTTHH,HTHTHTHT,48,4,0
THTHTHTH,HTHTHHHT,48,5,1
TTHTTTTT,TTHTTHTT,48,6,0
HH,HT,48,7,0
HHHHHHHT,TTTTTTTT,48,8,1
HHHHHHHH,HHHHTHHH,48,9,0
HTHHTHHT,TTHHTHHT,48,10,1
HHHHTHHT,HTHHTHHT,48,11,0
THHHHHHH,TTTTTTTT,48,12,1
HHHTHTHT,THTHTHTH,48,13,0
HTHTHTHT,TTHTHTHT,48,14,0
HTTTTTTT,HHHHHHHH,48,15,1
THHTHHTT,THHTHHTH,48,16,1
HTHHHHHT,HTHHTHHT,48,17,1
TTTTTTTH,HHHHHHHH,48,18,1
HH,TH,48,19,0
HHHTHHHT,TTTHTHTH,48,20,0
HTHTHTHT,HTHTHHHT,48,21,1
HHHHHTHT,TTTTTHHH,48,22,1
THHHHHTH,THHTHHTH,48,23,0
HHHTHTHT,HTHTHTHT,48,24,0
HTHTHTTT,THTHTHTH,48,25,1
HTHTTTTT,TTTHHHHH,48,26,1
HHTHHTHH,THHTTHTT,48,27,1
HTTHTTHT,HTTTTTHT,48,28,1
TT,TH,48,29,0
HTHTTTHT,HTHTHTHT,48,30,0
HHTHHTHH,HHTHHTTT,48,31,0
TTTTTHTH,HHHHHTTT,48,32,1
THTTTTTH,THTTHTTH,48,33,1
HHHTTTTT,THTHHHHH,48,34,0
THHHTHTH,THTHTHTH,48,35,1
HTTTHTTT,THTHTHHH,48,36,0
HHTHHTHH,TTTHHTHH,48,37,1
TTTHHTTT,HTHTHTHT,48,38,0
HTTHTHTT,HTTHTTTT,48,39,0
TTTHTTTT,HHHHHHHH,48,40,1
HTTTTTT,HHHHHHH,48,41,1
HHTTTHHH,THTHTHTH,48,42,0
HHH,HHT,48,43,0
HHHHTHHT,HHTHTHHT,48,44,0
THH,HHH,48,45,1
TTTTTTH,HHHHHHH,48,46,1
HHTHHTHH,TTHHTHTT,48,47,0
HTT,TTT,48,48,1
THHTHHTH,THHTHHHH,48,49,1
HHHHHHT,TTTTTTT,48,50,1
HTTHTTTT,HTTHTTHT,48,51,0
TTTHTTTH,HTHTHHHT,48,52,1
TTT,TTH,48,53,0
HTHTHTHT,TTTHHHHH,48,54,1
HTHTTHHT,HTHHTHHT,48,55,0
THHTTHTH,THHTHHTH,48,56,1
TTTTHTTH,THTTHTTH,48,57,0
THTHTHTH,THTHTHHH,48,58,1
THHHHHH,TTTTTTT,48,59,1
TTTHHTTT,THTHTHTH,48,60,0
HTHTHTTT,HTHTHTHT,48,61,0
HTTHTTHT,HTTHHTHT,48,62,0
HTHTTHTH,HHTHHTHH,48,63,0
HHTHHTHT,TTHTTHTT,48,64,1
HTHTHTHT,HTHTTTTH,49,1,0
TT,HT,49,2,0
HHHTTHHH,TTTTTTTT,49,3,1
HHHTTTHH,HTHTHTHT,49,4,1
THTHTHTH,HTHTHHHT,49,5,0
TTHTTTTT,TTHTTHTT,49,6,1
HH,HT,49,7,1
TTTTTTTT,HHHHHHHT,49,8,0
HHHHHHHH,HHHHTHHH,49,9,0
TTHHTHHT,HTHHTHHT,49,10,1
HHHHTHHT,HTHHTHHT,49,11,1
TTTTTTTT,THHHHHHH,49,12,0
THTHTHTH,HHHTHTHT,49,13,0
HTHTHTHT,TTHTHTHT,49,14,0
HHHHHHHH,HTTTTTTT,49,15,0
THHTHHTH,THHTHHTT,49,16,0
HTHHTHHT,HTHHHHHT,49,17,0
HHHHHHHH,TTTTTTTH,49,18,0
TH,HH,49,19,1
TTTHTHTH,HHHTHHHT,49,20,1
HTHTHTHT,HTHTHHHT,49,21,0
TTTTTHHH,HHHHHTHT,49,22,0
THHTHHTH,THHHHHTH,49,23,0
HHHTHTHT,HTHTHTHT,49,24,1
THTHTHTH,HTHTHTTT,49,25,0
HTHTTTTT,TTTHHHHH,49,26,1
HHTHHTHH,THHTTHTT,49,27,0
HTTHTTHT,HTTTTTHT,49,28,0
TT,TH,49,29,0
HTHTTTHT,HTHTHTHT,49,30,1
HHTHHTTT,HHTHHTHH,49,31,1
HHHHHTTT,TTTTTHTH,49,32,0
THTTTTTH,THTTHTTH,49,33,0
THTHHHHH,HHHTTTTT,49,34,1
THHHTHTH,THTHTHTH,49,35,1
HTTTHTTT,THTHTHHH,49,36,0
HHTHHTHH,TTTHHTHH,49,37,1
HTHTHTHT,TTTHHTTT,49,38,0
HTTHTHTT,HTTHTTTT,49,39,0
HHHHHHHH,TTTHTTTT,49,40,0
HTTTTTT,HHHHHHH,49,41,1
HHTTTHHH,THTHTHTH,49,42,1
HHH,HHT,49,43,0
HHHHTHHT,HHTHTHHT,49,44,0
HHH,THH,49,45,0
HHHHHHH,TTTTTTH,49,46,0
HHTHHTHH,TTHHTHTT,49,47,0
HTT,TTT,49,48,1
THHTHHHH,THHTHHTH,49,49,1
HHHHHHT,TTTTTTT,49,50,1
HTTHTTTT,HTTHTTHT,49,51,1
HTHTHHHT,TTTHTTTH,49,52,0
TTH,TTT,49,53,1
TTTHHHHH,HTHTHTHT,49,54,1
HTHHTHHT,HTHTTHHT,49,55,0
THHTTHTH,THHTHHTH,49,56,1
TTTTHTTH,THTTHTTH,49,57,0
THTHTHHH,THTHTHTH,49,58,1
THHHHHH,TTTTTTT,49,59,1
TTTHHTTT,THTHTHTH,49,60,1
HTHTHTTT,HTHTHTHT,49,61,1
HTTHTTHT,HTTHHTHT,49,62,1
HTHTTHTH,HHTHHTHH,49,63,1
HHTHHTHT,TTHTTHTT,49,64,1
HTHTTTTH,HTHTHTHT,50,1,0
HT,TT,50,2,0
TTTTTTTT,HHHTTHHH,50,3,1
HTHTHTHT,HHHTTTHH,50,4,1
THTHTHTH,HTHTHHHT,50,5,1
TTHTTTTT,TTHTTHTT,50,6,0
HH,HT,50,7,0
TTTTTTTT,HHHHHHHT,50,8,1
HHHHTHHH,HHHHHHHH,50,9,0
TTHHTHHT,HTHHTHHT,50,10,1
HTHHTHHT,HHHHTHHT,50,11,1
THHHHHHH,TTTTTTTT,50,12,0
THTHTHTH,HHHTHTHT,50,13,1
HTHTHTHT,TTHTHTHT,50,14,1
HHHHHHHH,HTTTTTTT,50,15,1
THHTHHTT,THHTHHTH,50,16,0
HTHHHHHT,HTHHTHHT,50,17,1
HHHHHHHH,TTTTTTTH,50,18,1
HH,TH,50,19,1
TTTHTHTH,HHHTHHHT,50,20,0
HTHTHTHT,HTHTHHHT,50,21,1
HHHHHTHT,TTTTTHHH,50,22,1
THHTHHTH,THHHHHTH,50,23,1
HHHTHTHT,HTHTHTHT,50,24,0
HTHTHTTT,THTHTHTH,50,25,0
HTHTTTTT,TTTHHHHH,50,26,1
THHTTHTT,HHTHHTHH,50,27,1
HTTTTTHT,HTTHTTHT,50,28,0
TH,TT,50,29,1
HTHTTTHT,HTHTHTHT,50,30,0
HHTHHTTT,HHTHHTHH,50,31,0
HHHHHTTT,TTTTTHTH,50,32,0
THTTTTTH,THTTHTTH,50,33,1
THTHHHHH,HHHTTTTT,50,34,0
THHHTHTH,THTHTHTH,50,35,0
HTTTHTTT,THTHTHHH,50,36,0
TTTHHTHH,HHTHHTHH,50,37,0
HTHTHTHT,TTTHHTTT,50,38,1
HTTHTTTT,HTTHTHTT,50,39,0
TTTHTTTT,HHHHHHHH,50,40,0
HTTTTTT,HHHHHHH,50,41,0
HHTTTHHH,THTHTHTH,50,42,0
HHH,HHT,50,43,1
HHHHTHHT,HHTHTHHT,50,44,0
THH,HHH,50,45,0
HHHHHHH,TTTTTTH,50,46,1
TTHHTHTT,HHTHHTHH,50,47,0
HTT,TTT,50,48,0
THHTHHTH,THHTHHHH,50,49,1
TTTTTTT,HHHHHHT,50,50,1
HTTHTTHT,HTTHTTTT,50,51,1
HTHTHHHT,TTTHTTTH,50,52,1
TTT,TTH,50,53,1
TTTHHHHH,HTHTHTHT,50,54,0
HTHTTHHT,HTHHTHHT,50,55,0
THHTHHTH,THHTTHTH,50,56,0
THTTHTTH,TTTTHTTH,50,57,1
THTHTHHH,THTHTHTH,50,58,0
TTTTTTT,THHHHHH,50,59,1
THTHTHTH,TTTHHTTT,50,60,1
HTHTHTHT,HTHTHTTT,50,61,1
HTTHTTHT,HTTHHTHT,50,62,1
HTHTTHTH,HHTHHTHH,50,63,0
HHTHHTHT,TTHTTHTT,50,64,1
HTHTHTHT,HTHTTTTH,51,1,0
TT,HT,51,2,1
TTTTTTTT,HHHTTHHH,51,3,1
HHHTTTHH,HTHTHTHT,51,4,1
HTHTHHHT,THTHTHTH,51,5,1
TTHTTTTT,TTHTTHTT,51,6,1
HT,HH,51,7,0
HHHHHHHT,TTTTTTTT,51,8,1
HHHHTHHH,HHHHHHHH,51,9,1
HTHHTHHT,TTHHTHHT,51,10,0
HHHHTHHT,HTHHTHHT,51,11,1
TTTTTTTT,THHHHHHH,51,12,0
THTHTHTH,HHHTHTHT,51,13,0
TTHTHTHT,HTHTHTHT,51,14,1
HTTTTTTT,HHHHHHHH,51,15,1
THHTHHTT,THHTHHTH,51,16,1
HTHHHHHT,HTHHTHHT,51,17,1
TTTTTTTH,HHHHHHHH,51,18,1
TH,HH,51,19,0
HHHTHHHT,TTTHTHTH,51,20,0
HTHTHTHT,HTHTHHHT,51,21,0
TTTTTHHH,HHHHHTHT,51,22,1
THHHHHTH,THHTHHTH,51,23,1
HTHTHTHT,HHHTHTHT,51,24,0
THTHTHTH,HTHTHTTT,51,25,0
HTHTTTTT,TTTHHHHH,51,26,1
HHTHHTHH,THHTTHTT,51,27,0
HTTTTTHT,HTTHTTHT,51,28,1
TT,TH,51,29,0
HTHTTTHT,HTHTHTHT,51,30,1
HHTHHTTT,HHTHHTHH,51,31,1
TTTTTHTH,HHHHHTTT,51,32,1
THTTTTTH,THTTHTTH,51,33,1
HHHTTTTT,THTHHHHH,51,34,0
THHHTHTH,THTHTHTH,51,35,1
HTTTHTTT,THTHTHHH,51,36,1
TTTHHTHH,HHTHHTHH,51,37,1
HTHTHTHT,TTTHHTTT,51,38,0
HTTHTTTT,HTTHTHTT,51,39,1
TTTHTTTT,HHHHHHHH,51,40,0
HHHHHHH,HTTTTTT,51,41,0
THTHTHTH,HHTTTHHH,51,42,0
HHH,HHT,51,43,0
HHHHTHHT,HHTHTHHT,51,44,1
THH,HHH,51,45,1
HHHHHHH,TTTTTTH,51,46,0
TTHHTHTT,HHTHHTHH,51,47,1
HTT,TTT,51,48,1
THHTHHHH,THHTHHTH,51,49,1
TTTTTTT,HHHHHHT,51,50,0
HTTHTTTT,HTTHTTHT,51,51,1
HTHTHHHT,TTTHTTTH,51,52,0
TTH,TTT,51,53,1
TTTHHHHH,HTHTHTHT,51,54,1
HTHHTHHT,HTHTTHHT,51,55,0
THHTTHTH,THHTHHTH,51,56,1
TTTTHTTH,THTTHTTH,51,57,1
THTHTHTH,THTHTHHH,51,58,0
TTTTTTT,THHHHHH,51,59,0
THTHTHTH,TTTHHTTT,51,60,0
HTHTHTTT,HTHTHTHT,51,61,1
HTTHTTHT,HTTHHTHT,51,62,0
HHTHHTHH,HTHTTHTH,51,63,0
TTHTTHTT,HHTHHTHT,51,64,1
HTHTTTTH,HTHTHTHT,52,1,1
TT,HT,52,2,0
TTTTTTTT,HHHTTHHH,52,3,0
HTHTHTHT,HHHTTTHH,52,4,0
THTHTHTH,HTHTHHHT,52,5,0
TTHTTHTT,TTHTTTTT,52,6,1
HT,HH,52,7,1
HHHHHHHT,TTTTTTTT,52,8,1
HHHHHHHH,HHHHTHHH,52,9,0
HTHHTHHT,TTHHTHHT,52,10,1
HTHHTHHT,HHHHTHHT,52,11,1
THHHHHHH,TTTTTTTT,52,12,1
THTHTHTH,HHHTHTHT,52,13,1
TTHTHTHT,HTHTHTHT,52,14,1
HTTTTTTT,HHHHHHHH,52,15,1
THHTHHTT,THHTHHTH,52,16,1
HTHHTHHT,HTHHHHHT,52,17,1
HHHHHHHH,TTTTTTTH,52,18,0
TH,HH,52,19,1
TTTHTHTH,HHHTHHHT,52,20,1
HTHTHTHT,HTHTHHHT,52,21,0
TTTTTHHH,HHHHHTHT,52,22,0
THHTHHTH,THHHHHTH,52,23,1
HTHTHTHT,HHHTHTHT,52,24,1
THTHTHTH,HTHTHTTT,52,25,1
HTHTTTTT,TTTHHHHH,52,26,1
THHTTHTT,HHTHHTHH,52,27,0
HTTTTTHT,HTTHTTHT,52,28,1
TT,TH,52,29,0
HTHTHTHT,HTHTTTHT,52,30,1
HHTHHTTT,HHTHHTHH,52,31,0
TTTTTHTH,HHHHHTTT,52,32,0
THTTHTTH,THTTTTTH,52,33,1
THTHHHHH,HHHTTTTT,52,34,1
THTHTHTH,THHHTHTH,52,35,1
THTHTHHH,HTTTHTTT,52,36,0
TTTHHTHH,HHTHHTHH,52,37,1
HTHTHTHT,TTTHHTTT,52,38,0
HTTHTTTT,HTTHTHTT,52,39,0
TTTHTTTT,HHHHHHHH,52,40,1
HHHHHHH,HTTTTTT,52,41,0
HHTTTHHH,THTHTHTH,52,42,1
HHH,HHT,52,43,0
HHHHTHHT,HHTHTHHT,52,44,0
THH,HHH,52,45,1
HHHHHHH,TTTTTTH,52,46,0
TTHHTHTT,HHTHHTHH,52,47,0
TTT,HTT,52,48,0
THHTHHTH,THHTHHHH,52,49,0
TTTTTTT,HHHHHHT,52,50,0
HTTHTTHT,HTTHTTTT,52,51,1
TTTHTTTH,HTHTHHHT,52,52,0
TTH,TTT,52,53,1
HTHTHTHT,TTTHHHHH,52,54,1
HTHTTHHT,HTHHTHHT,52,55,1
THHTTHTH,THHTHHTH,52,56,1
TTTTHTTH,THTTHTTH,52,57,0
THTHTHHH,THTHTHTH,52,58,1
TTTTTTT,THHHHHH,52,59,0
TTTHHTTT,THTHTHTH,52,60,0
HTHTHTTT,HTHTHTHT,52,61,1
HTTHTTHT,HTTHHTHT,52,62,1
HHTHHTHH,HTHTTHTH,52,63,1
HHTHHTHT,TTHTTHTT,52,64,1
HTHTTTTH,HTHTHTHT,53,1,1
TT,HT,53,2,1
HHHTTHHH,TTTTTTTT,53,3,1
HTHTHTHT,HHHTTTHH,53,4,0
HTHTHHHT,THTHTHTH,53,5,1
TTHTTHTT,TTHTTTTT,53,6,1
HT,HH,53,7,0
HHHHHHHT,TTTTTTTT,53,8,1
HHHHTHHH,HHHHHHHH,53,9,0
HTHHTHHT,TTHHTHHT,53,10,0
HHHHTHHT,HTHHTHHT,53,11,0
TTTTTTTT,THHHHHHH,53,12,1
THTHTHTH,HHHTHTHT,53,13,0
HTHTHTHT,TTHTHTHT,53,14,1
HTTTTTTT,HHHHHHHH,53,15,0
THHTHHTH,THHTHHTT,53,16,1
HTHHTHHT,HTHHHHHT,53,17,0
TTTTTTTH,HHHHHHHH,53,18,0
TH,HH,53,19,0
TTTHTHTH,HHHTHHHT,53,20,0
HTHTHHHT,HTHTHTHT,53,21,0
TTTTTHHH,HHHHHTHT,53,22,0
THHHHHTH,THHTHHTH,53,23,0
HTHTHTHT,HHHTHTHT,53,24,0
HTHTHTTT,THTHTHTH,53,25,1
HTHTTTTT,TTTHHHHH,53,26,1
THHTTHTT,HHTHHTHH,53,27,1
HTTTTTHT,HTTHTTHT,53,28,1
TT,TH,53,29,1
HTHTTTHT,HTHTHTHT,53,30,0
HHTHHTHH,HHTHHTTT,53,31,0
TTTTTHTH,HHHHHTTT,53,32,0
THTTTTTH,THTTHTTH,53,33,0
THTHHHHH,HHHTTTTT,53,34,1
THTHTHTH,THHHTHTH,53,35,1
HTTTHTTT,THTHTHHH,53,36,0
HHTHHTHH,TTTHHTHH,53,37,0
TTTHHTTT,HTHTHTHT,53,38,1
HTTHTHTT,HTTHTTTT,53,39,0
HHHHHHHH,TTTHTTTT,53,40,1
HHHHHHH,HTTTTTT,53,41,0
THTHTHTH,HHTTTHHH,53,42,1
HHH,HHT,53,43,0
HHTHTHHT,HHHHTHHT,53,44,1
HHH,THH,53,45,0
TTTTTTH,HHHHHHH,53,46,1
TTHHTHTT,HHTHHTHH,53,47,0
TTT,HTT,53,48,1
THHTHHTH,THHTHHHH,53,49,0
HHHHHHT,TTTTTTT,53,50,0
HTTHTTHT,HTTHTTTT,53,51,1
HTHTHHHT,TTTHTTTH,53,52,1
TTH,TTT,53,53,1
TTTHHHHH,HTHTHTHT,53,54,0
HTHTTHHT,HTHHTHHT,53,55,0
THHTTHTH,THHTHHTH,53,56,1
THTTHTTH,TTTTHTTH,53,57,1
THTHTHHH,THTHTHTH,53,58,1
TTTTTTT,THHHHHH,53,59,0
TTTHHTTT,THTHTHTH,53,60,0
HTHTHTHT,HTHTHTTT,53,61,0
HTTHTTHT,HTTHHTHT,53,62,0
HTHTTHTH,HHTHHTHH,53,63,0
TTHTTHTT,HHTHHTHT,53,64,1
HTHTHTHT,HTHTTTTH,54,1,0
TT,HT,54,2,0
TTTTTTTT,HHHTTHHH,54,3,0
HHHTTTHH,HTHTHTHT,54,4,1
HTHTHHHT,THTHTHTH,54,5,1
TTHTTTTT,TTHTTHTT,54,6,0
HH,HT,54,7,0
HHHHHHHT,TTTTTTTT,54,8,1
HHHHHHHH,HHHHTHHH,54,9,0
TTHHTHHT,HTHHTHHT,54,10,0
HHHHTHHT,HTHHTHHT,54,11,0
TTTTTTTT,THHHHHHH,54,12,0
THTHTHTH,HHHTHTHT,54,13,0
HTHTHTHT,TTHTHTHT,54,14,0
HTTTTTTT,HHHHHHHH,54,15,1
THHTHHTT,THHTHHTH,54,16,1
HTHHTHHT,HTHHHHHT,54,17,1
HHHHHHHH,TTTTTTTH,54,18,0
HH,TH,54,19,0
HHHTHHHT,TTTHTHTH,54,20,0
HTHTHHHT,HTHTHTHT,54,21,1
TTTTTHHH,HHHHHTHT,54,22,0
THHHHHTH,THHTHHTH,54,23,0
HHHTHTHT,HTHTHTHT,54,24,1
THTHTHTH,HTHTHTTT,54,25,0
TTTHHHHH,HTHTTTTT,54,26,0
THHTTHTT,HHTHHTHH,54,27,0
HTTHTTHT,HTTTTTHT,54,28,0
TT,TH,54,29,0
HTHTHTHT,HTHTTTHT,54,30,0
HHTHHTTT,HHTHHTHH,54,31,0
TTTTTHTH,HHHHHTTT,54,32,1
THTTHTTH,THTTTTTH,54,33,0
HHHTTTTT,THTHHHHH,54,34,0
THTHTHTH,THHHTHTH,54,35,0
THTHTHHH,HTTTHTTT,54,36,0
HHTHHTHH,TTTHHTHH,54,37,0
TTTHHTTT,HTHTHTHT,54,38,1
HTTHTHTT,HTTHTTTT,54,39,1
TTTHTTTT,HHHHHHHH,54,40,1
HTTTTTT,HHHHHHH,54,41,1
THTHTHTH,HHTTTHHH,54,42,0
HHT,HHH,54,43,1
HHHHTHHT,HHTHTHHT,54,44,1
THH,HHH,54,45,1
HHHHHHH,TTTTTTH,54,46,0
HHTHHTHH,TTHHTHTT,54,47,0
TTT,HTT,54,48,0
THHTHHHH,THHTHHTH,54,49,0
TTTTTTT,HHHHHHT,54,50,0
HTTHTTHT,HTTHTTTT,54,51,1
HTHTHHHT,TTTHTTTH,54,52,1
TTT,TTH,54,53,0
HTHTHTHT,TTTHHHHH,54,54,0
HTHTTHHT,HTHHTHHT,54,55,0
THHTHHTH,THHTTHTH,54,56,0
THTTHTTH,TTTTHTTH,54,57,0
THTHTHHH,THTHTHTH,54,58,0
TTTTTTT,THHHHHH,54,59,0
TTTHHTTT,THTHTHTH,54,60,1
HTHTHTHT,HTHTHTTT,54,61,0
HTTHHTHT,HTTHTTHT,54,62,1
HHTHHTHH,HTHTTHTH,54,63,0
HHTHHTHT,TTHTTHTT,54,64,0
HTHTTTTH,HTHTHTHT,55,1,1
TT,HT,55,2,0
TTTTTTTT,HHHTTHHH,55,3,0
HTHTHTHT,HHHTTTHH,55,4,1
THTHTHTH,HTHTHHHT,55,5,0
TTHTTHTT,TTHTTTTT,55,6,1
HT,HH,55,7,1
HHHHHHHT,TTTTTTTT,55,8,0
HHHHHHHH,HHHHTHHH,55,9,0
TTHHTHHT,HTHHTHHT,55,10,0
HTHHTHHT,HHHHTHHT,55,11,1
THHHHHHH,TTTTTTTT,55,12,1
HHHTHTHT,THTHTHTH,55,13,1
HTHTHTHT,TTHTHTHT,55,14,0
HHHHHHHH,HTTTTTTT,55,15,0
THHTHHTH,THHTHHTT,55,16,0
HTHHHHHT,HTHHTHHT,55,17,0
HHHHHHHH,TTTTTTTH,55,18,0
HH,TH,55,19,0
HHHTHHHT,TTTHTHTH,55,20,0
HTHTHHHT,HTHTHTHT,55,21,1
TTTTTHHH,HHHHHTHT,55,22,1
THHTHHTH,THHHHHTH,55,23,1
HTHTHTHT,HHHTHTHT,55,24,0
THTHTHTH,HTHTHTTT,55,25,0
HTHTTTTT,TTTHHHHH,55,26,1
HHTHHTHH,THHTTHTT,55,27,0
HTTHTTHT,HTTTTTHT,55,28,1
TT,TH,55,29,1
HTHTHTHT,HTHTTTHT,55,30,0
HHTHHTHH,HHTHHTTT,55,31,0
HHHHHTTT,TTTTTHTH,55,32,0
THTTHTTH,THTTTTTH,55,33,0
HHHTTTTT,THTHHHHH,55,34,1
THTHTHTH,THHHTHTH,55,35,1
HTTTHTTT,THTHTHHH,55,36,1
TTTHHTHH,HHTHHTHH,55,37,1
TTTHHTTT,HTHTHTHT,55,38,0
HTTHTTTT,HTTHTHTT,55,39,0
TTTHTTTT,HHHHHHHH,55,40,1
HHHHHHH,HTTTTTT,55,41,0
HHTTTHHH,THTHTHTH,55,42,0
HHT,HHH,55,43,1
HHTHTHHT,HHHHTHHT,55,44,1
HHH,THH,55,45,0
HHHHHHH,TTTTTTH,55,46,0
TTHHTHTT,HHTHHTHH,55,47,1
TTT,HTT,55,48,1
THHTHHTH,THHTHHHH,55,49,1
HHHHHHT,TTTTTTT,55,50,0
HTTHTTTT,HTTHTTHT,55,51,1
TTTHTTTH,HTHTHHHT,55,52,0
TTH,TTT,55,53,1
TTTHHHHH,HTHTHTHT,55,54,0
HTHHTHHT,HTHTTHHT,55,55,0
THHTHHTH,THHTTHTH,55,56,0
TTTTHTTH,THTTHTTH,55,57,0
THTHTHTH,THTHTHHH,55,58,0
THHHHHH,TTTTTTT,55,59,0
THTHTHTH,TTTHHTTT,55,60,1
HTHTHTTT,HTHTHTHT,55,61,0
HTTHHTHT,HTTHTTHT,55,62,0
HHTHHTHH,HTHTTHTH,55,63,0
TTHTTHTT,HHTHHTHT,55,64,0
HTHTHTHT,HTHTTTTH,56,1,1
TT,HT,56,2,0
TTTTTTTT,HHHTTHHH,56,3,0
HTHTHTHT,HHHTTTHH,56,4,0
THTHTHTH,HTHTHHHT,56,5,0
TTHTTHTT,TTHTTTTT,56,6,1
HH,HT,56,7,0
HHHHHHHT,TTTTTTTT,56,8,1
HHHHHHHH,HHHHTHHH,56,9,0
HTHHTHHT,TTHHTHHT,56,10,0
HHHHTHHT,HTHHTHHT,56,11,0
TTTTTTTT,THHHHHHH,56,12,0
THTHTHTH,HHHTHTHT,56,13,0
TTHTHTHT,HTHTHTHT,56,14,1
HTTTTTTT,HHHHHHHH,56,15,1
THHTHHTH,THHTHHTT,56,16,0
HTHHTHHT,HTHHHHHT,56,17,0
TTTTTTTH,HHHHHHHH,56,18,1
HH,TH,56,19,0
TTTHTHTH,HHHTHHHT,56,20,1
HTHTHHHT,HTHTHTHT,56,21,1
HHHHHTHT,TTTTTHHH,56,22,1
THHTHHTH,THHHHHTH,56,23,1
HHHTHTHT,HTHTHTHT,56,24,1
THTHTHTH,HTHTHTTT,56,25,0
HTHTTTTT,TTTHHHHH,56,26,1
THHTTHTT,HHTHHTHH,56,27,1
HTTTTTHT,HTTHTTHT,56,28,1
TH,TT,56,29,1
HTHTTTHT,HTHTHTHT,56,30,1
HHTHHTHH,HHTHHTTT,56,31,0
TTTTTHTH,HHHHHTTT,56,32,1
THTTTTTH,THTTHTTH,56,33,0
HHHTTTTT,THTHHHHH,56,34,1
THHHTHTH,THTHTHTH,56,35,1
HTTTHTTT,THTHTHHH,56,36,1
HHTHHTHH,TTTHHTHH,56,37,0
TTTHHTTT,HTHTHTHT,56,38,1
HTTHTTTT,HTTHTHTT,56,39,1
TTTHTTTT,HHHHHHHH,56,40,1
HHHHHHH,HTTTTTT,56,41,0
THTHTHTH,HHTTTHHH,56,42,0
HHT,HHH,56,43,1
HHTHTHHT,HHHHTHHT,56,44,0
THH,HHH,56,45,1
HHHHHHH,TTTTTTH,56,46,0
HHTHHTHH,TTHHTHTT,56,47,0
TTT,HTT,56,48,0
THHTHHHH,THHTHHTH,56,49,0
TTTTTTT,HHHHHHT,56,50,0
HTTHTTHT,HTTHTTTT,56,51,1
HTHTHHHT,TTTHTTTH,56,52,1
TTH,TTT,56,53,1
TTTHHHHH,HTHTHTHT,56,54,1
HTHTTHHT,HTHHTHHT,56,55,1
THHTTHTH,THHTHHTH,56,56,1
THTTHTTH,TTTTHTTH,56,57,0
THTHTHTH,THTHTHHH,56,58,0
THHHHHH,TTTTTTT,56,59,1
THTHTHTH,TTTHHTTT,56,60,0
HTHTHTHT,HTHTHTTT,56,61,0
HTTHTTHT,HTTHHTHT,56,62,1
HTHTTHTH,HHTHHTHH,56,63,0
HHTHHTHT,TTHTTHTT,56,64,1
HTHTHTHT,HTHTTTTH,57,1,0
TT,HT,57,2,0
HHHTTHHH,TTTTTTTT,57,3,1
HHHTTTHH,HTHTHTHT,57,4,1
HTHTHHHT,THTHTHTH,57,5,1
TTHTTHTT,TTHTTTTT,57,6,0
HH,HT,57,7,0
TTTTTTTT,HHHHHHHT,57,8,0
HHHHTHHH,HHHHHHHH,57,9,1
HTHHTHHT,TTHHTHHT,57,10,0
HHHHTHHT,HTHHTHHT,57,11,1
THHHHHHH,TTTTTTTT,57,12,1
THTHTHTH,HHHTHTHT,57,13,0
HTHTHTHT,TTHTHTHT,57,14,0
HTTTTTTT,HHHHHHHH,57,15,1
THHTHHTT,THHTHHTH,57,16,1
HTHHHHHT,HTHHTHHT,57,17,1
TTTTTTTH,HHHHHHHH,57,18,1
TH,HH,57,19,1
TTTHTHTH,HHHTHHHT,57,20,1
HTHTHTHT,HTHTHHHT,57,21,0
HHHHHTHT,TTTTTHHH,57,22,1
THHTHHTH,THHHHHTH,57,23,0
HTHTHTHT,HHHTHTHT,57,24,0
THTHTHTH,HTHTHTTT,57,25,0
TTTHHHHH,HTHTTTTT,57,26,0
HHTHHTHH,THHTTHTT,57,27,0
HTTHTTHT,HTTTTTHT,57,28,0
TH,TT,57,29,1
HTHTTTHT,HTHTHTHT,57,30,1
HHTHHTHH,HHTHHTTT,57,31,0
HHHHHTTT,TTTTTHTH,57,32,0
THTTHTTH,THTTTTTH,57,33,0
THTHHHHH,HHHTTTTT,57,34,1
THHHTHTH,THTHTHTH,57,35,1
HTTTHTTT,THTHTHHH,57,36,0
HHTHHTHH,TTTHHTHH,57,37,0
TTTHHTTT,HTHTHTHT,57,38,1
HTTHTTTT,HTTHTHTT,57,39,1
HHHHHHHH,TTTHTTTT,57,40,0
HTTTTTT,HHHHHHH,57,41,0
THTHTHTH,HHTTTHHH,57,42,0
HHH,HHT,57,43,0
HHTHTHHT,HHHHTHHT,57,44,0
THH,HHH,57,45,1
HHHHHHH,TTTTTTH,57,46,0
HHTHHTHH,TTHHTHTT,57,47,0
HTT,TTT,57,48,1
THHTHHHH,THHTHHTH,57,49,1
TTTTTTT,HHHHHHT,57,50,0
HTTHTTTT,HTTHTTHT,57,51,1
TTTHTTTH,HTHTHHHT,57,52,1
TTH,TTT,57,53,1
HTHTHTHT,TTTHHHHH,57,54,0
HTHHTHHT,HTHTTHHT,57,55,1
THHTHHTH,THHTTHTH,57,56,0
TTTTHTTH,THTTHTTH,57,57,1
THTHTHTH,THTHTHHH,57,58,0
TTTTTTT,THHHHHH,57,59,0
THTHTHTH,TTTHHTTT,57,60,0
HTHTHTTT,HTHTHTHT,57,61,1
HTTHTTHT,HTTHHTHT,57,62,0
HHTHHTHH,HTHTTHTH,57,63,1
HHTHHTHT,TTHTTHTT,57,64,1
HTHTHTHT,HTHTTTTH,58,1,0
HT,TT,58,2,0
TTTTTTTT,HHHTTHHH,58,3,0
HHHTTTHH,HTHTHTHT,58,4,1
HTHTHHHT,THTHTHTH,58,5,1
TTHTTTTT,TTHTTHTT,58,6,1
HT,HH,58,7,1
HHHHHHHT,TTTTTTTT,58,8,1
HHHHHHHH,HHHHTHHH,58,9,0
TTHHTHHT,HTHHTHHT,58,10,0
HHHHTHHT,HTHHTHHT,58,11,1
TTTTTTTT,THHHHHHH,58,12,0
HHHTHTHT,THTHTHTH,58,13,1
HTHTHTHT,TTHTHTHT,58,14,0
HHHHHHHH,HTTTTTTT,58,15,0
THHTHHTH,THHTHHTT,58,16,0
HTHHHHHT,HTHHTHHT,58,17,1
HHHHHHHH,TTTTTTTH,58,18,0
HH,TH,58,19,1
HHHTHHHT,TTTHTHTH,58,20,0
HTHTHHHT,HTHTHTHT,58,21,1
TTTTTHHH,HHHHHTHT,58,22,0
THHTHHTH,THHHHHTH,58,23,0
HTHTHTHT,HHHTHTHT,58,24,0
THTHTHTH,HTHTHTTT,58,25,0
TTTHHHHH,HTHTTTTT,58,26,0
THHTTHTT,HHTHHTHH,58,27,1
HTTHTTHT,HTTTTTHT,58,28,1
TT,TH,58,29,1
HTHTTTHT,HTHTHTHT,58,30,1
HHTHHTHH,HHTHHTTT,58,31,0
TTTTTHTH,HHHHHTTT,58,32,0
THTTTTTH,THTTHTTH,58,33,1
HHHTTTTT,THTHHHHH,58,34,0
THHHTHTH,THTHTHTH,58,35,1
HTTTHTTT,THTHTHHH,58,36,1
HHTHHTHH,TTTHHTHH,58,37,0
TTTHHTTT,HTHTHTHT,58,38,1
HTTHTTTT,HTTHTHTT,58,39,1
TTTHTTTT,HHHHHHHH,58,40,1
HTTTTTT,HHHHHHH,58,41,1
THTHTHTH,HHTTTHHH,58,42,0
HHH,HHT,58,43,0
HHHHTHHT,HHTHTHHT,58,44,1
THH,HHH,58,45,1
HHHHHHH,TTTTTTH,58,46,0
TTHHTHTT,HHTHHTHH,58,47,1
HTT,TTT,58,48,1
THHTHHHH,THHTHHTH,58,49,1
HHHHHHT,TTTTTTT,58,50,1
HTTHTTHT,HTTHTTTT,58,51,0
TTTHTTTH,HTHTHHHT,58,52,0
TTT,TTH,58,53,0
TTTHHHHH,HTHTHTHT,58,54,1
HTHTTHHT,HTHHTHHT,58,55,0
THHTHHTH,THHTTHTH,58,56,0
TTTTHTTH,THTTHTTH,58,57,1
THTHTHTH,THTHTHHH,58,58,0
TTTTTTT,THHHHHH,58,59,0
TTTHHTTT,THTHTHTH,58,60,1
HTHTHTHT,HTHTHTTT,58,61,0
HTTHTTHT,HTTHHTHT,58,62,1
HTHTTHTH,HHTHHTHH,58,63,1
HHTHHTHT,TTHTTHTT,58,64,1
HTHTHTHT,HTHTTTTH,59,1,0
HT,TT,59,2,1
TTTTTTTT,HHHTTHHH,59,3,0
HTHTHTHT,HHHTTTHH,59,4,0
THTHTHTH,HTHTHHHT,59,5,0
TTHTTHTT,TTHTTTTT,59,6,1
HT,HH,59,7,1
TTTTTTTT,HHHHHHHT,59,8,0
HHHHTHHH,HHHHHHHH,59,9,1
TTHHTHHT,HTHHTHHT,59,10,1
HHHHTHHT,HTHHTHHT,59,11,0
TTTTTTTT,THHHHHHH,59,12,0
HHHTHTHT,THTHTHTH,59,13,1
HTHTHTHT,TTHTHTHT,59,14,0
HTTTTTTT,HHHHHHHH,59,15,1
THHTHHTT,THHTHHTH,59,16,1
HTHHTHHT,HTHHHHHT,59,17,1
TTTTTTTH,HHHHHHHH,59,18,1
HH,TH,59,19,0
TTTHTHTH,HHHTHHHT,59,20,1
HTHTHTHT,HTHTHHHT,59,21,0
HHHHHTHT,TTTTTHHH,59,22,1
THHHHHTH,THHTHHTH,59,23,0
HHHTHTHT,HTHTHTHT,59,24,0
THTHTHTH,HTHTHTTT,59,25,0
HTHTTTTT,TTTHHHHH,59,26,1
HHTHHTHH,THHTTHTT,59,27,0
HTTHTTHT,HTTTTTHT,59,28,1
TH,TT,59,29,1
HTHTTTHT,HTHTHTHT,59,30,1
HHTHHTTT,HHTHHTHH,59,31,0
TTTTTHTH,HHHHHTTT,59,32,1
THTTHTTH,THTTTTTH,59,33,1
THTHHHHH,HHHTTTTT,59,34,1
THTHTHTH,THHHTHTH,59,35,1
HTTTHTTT,THTHTHHH,59,36,0
HHTHHTHH,TTTHHTHH,59,37,1
HTHTHTHT,TTTHHTTT,59,38,1
HTTHTHTT,HTTHTTTT,59,39,1
HHHHHHHH,TTTHTTTT,59,40,0
HTTTTTT,HHHHHHH,59,41,1
HHTTTHHH,THTHTHTH,59,42,0
HHT,HHH,59,43,1
HHHHTHHT,HHTHTHHT,59,44,0
THH,HHH,59,45,1
HHHHHHH,TTTTTTH,59,46,0
HHTHHTHH,TTHHTHTT,59,47,0
HTT,TTT,59,48,1
THHTHHHH,THHTHHTH,59,49,0
TTTTTTT,HHHHHHT,59,50,0
HTTHTTTT,HTTHTTHT,59,51,0
HTHTHHHT,TTTHTTTH,59,52,1
TTH,TTT,59,53,1
TTTHHHHH,HTHTHTHT,59,54,0
HTHHTHHT,HTHTTHHT,59,55,0
THHTTHTH,THHTHHTH,59,56,1
THTTHTTH,TTTTHTTH,59,57,1
THTHTHTH,THTHTHHH,59,58,1
TTTTTTT,THHHHHH,59,59,0
THTHTHTH,TTTHHTTT,59,60,1
HTHTHTTT,HTHTHTHT,59,61,1
HTTHHTHT,HTTHTTHT,59,62,1
HTHTTHTH,HHTHHTHH,59,63,1
TTHTTHTT,HHTHHTHT,59,64,1
HTHTTTTH,HTHTHTHT,60,1,0
TT,HT,60,2,0
HHHTTHHH,TTTTTTTT,60,3,0
HHHTTTHH,HTHTHTHT,60,4,1
THTHTHTH,HTHTHHHT,60,5,0
TTHTTHTT,TTHTTTTT,60,6,0
HH,HT,60,7,0
TTTTTTTT,HHHHHHHT,60,8,0
HHHHTHHH,HHHHHHHH,60,9,1
HTHHTHHT,TTHHTHHT,60,10,0
HHHHTHHT,HTHHTHHT,60,11,1
TTTTTTTT,THHHHHHH,60,12,0
THTHTHTH,HHHTHTHT,60,13,0
HTHTHTHT,TTHTHTHT,60,14,1
HTTTTTTT,HHHHHHHH,60,15,1
THHTHHTT,THHTHHTH,60,16,0
HTHHHHHT,HTHHTHHT,60,17,1
TTTTTTTH,HHHHHHHH,60,18,1
TH,HH,60,19,0
HHHTHHHT,TTTHTHTH,60,20,0
HTHTHTHT,HTHTHHHT,60,21,0
TTTTTHHH,HHHHHTHT,60,22,0
THHHHHTH,THHTHHTH,60,23,0
HHHTHTHT,HTHTHTHT,60,24,0
HTHTHTTT,THTHTHTH,60,25,0
TTTHHHHH,HTHTTTTT,60,26,0
HHTHHTHH,THHTTHTT,60,27,0
HTTTTTHT,HTTHTTHT,60,28,1
TT,TH,60,29,0
HTHTTTHT,HTHTHTHT,60,30,1
HHTHHTHH,HHTHHTTT,60,31,0
HHHHHTTT,TTTTTHTH,60,32,0
THTTHTTH,THTTTTTH,60,33,0
HHHTTTTT,THTHHHHH,60,34,0
THTHTHTH,THHHTHTH,60,35,0
HTTTHTTT,THTHTHHH,60,36,0
HHTHHTHH,TTTHHTHH,60,37,0
TTTHHTTT,HTHTHTHT,60,38,1
HTTHTTTT,HTTHTHTT,60,39,1
HHHHHHHH,TTTHTTTT,60,40,0
HTTTTTT,HHHHHHH,60,41,1
THTHTHTH,HHTTTHHH,60,42,0
HHH,HHT,60,43,0
HHTHTHHT,HHHHTHHT,60,44,0
THH,HHH,60,45,1
TTTTTTH,HHHHHHH,60,46,1
TTHHTHTT,HHTHHTHH,60,47,1
TTT,HTT,60,48,0
THHTHHTH,THHTHHHH,60,49,0
HHHHHHT,TTTTTTT,60,50,1
HTTHTTTT,HTTHTTHT,60,51,1
HTHTHHHT,TTTHTTTH,60,52,1
TTT,TTH,60,53,0
HTHTHTHT,TTTHHHHH,60,54,1
HTHTTHHT,HTHHTHHT,60,55,0
THHTTHTH,THHTHHTH,60,56,0
THTTHTTH,TTTTHTTH,60,57,0
THTHTHTH,THTHTHHH,60,58,1
TTTTTTT,THHHHHH,60,59,0
TTTHHTTT,THTHTHTH,60,60,1
HTHTHTHT,HTHTHTTT,60,61,0
HTTHHTHT,HTTHTTHT,60,62,0
HHTHHTHH,HTHTTHTH,60,63,0
HHTHHTHT,TTHTTHTT,60,64,0
HTHTHTHT,HTHTTTTH,61,1,0
TT,HT,61,2,0
HHHTTHHH,TTTTTTTT,61,3,1
HTHTHTHT,HHHTTTHH,61,4,0
THTHTHTH,HTHTHHHT,61,5,0
TTHTTTTT,TTHTTHTT,61,6,1
HH,HT,61,7,0
TTTTTTTT,HHHHHHHT,61,8,0
HHHHTHHH,HHHHHHHH,61,9,1
TTHHTHHT,HTHHTHHT,61,10,0
HHHHTHHT,HTHHTHHT,61,11,1
THHHHHHH,TTTTTTTT,61,12,1
THTHTHTH,HHHTHTHT,61,13,0
TTHTHTHT,HTHTHTHT,61,14,1
HHHHHHHH,HTTTTTTT,61,15,0
THHTHHTH,THHTHHTT,61,16,1
HTHHHHHT,HTHHTHHT,61,17,1
HHHHHHHH,TTTTTTTH,61,18,0
TH,HH,61,19,1
TTTHTHTH,HHHTHHHT,61,20,0
HTHTHHHT,HTHTHTHT,61,21,1
HHHHHTHT,TTTTTHHH,61,22,1
THHHHHTH,THHTHHTH,61,23,0
HHHTHTHT,HTHTHTHT,61,24,1
THTHTHTH,HTHTHTTT,61,25,1
HTHTTTTT,TTTHHHHH,61,26,1
THHTTHTT,HHTHHTHH,61,27,0
HTTHTTHT,HTTTTTHT,61,28,1
TH,TT,61,29,1
HTHTTTHT,HTHTHTHT,61,30,1
HHTHHTHH,HHTHHTTT,61,31,0
TTTTTHTH,HHHHHTTT,61,32,1
THTTTTTH,THTTHTTH,61,33,1
THTHHHHH,HHHTTTTT,61,34,0
THTHTHTH,THHHTHTH,61,35,1
THTHTHHH,HTTTHTTT,61,36,0
TTTHHTHH,HHTHHTHH,61,37,1
HTHTHTHT,TTTHHTTT,61,38,0
HTTHTHTT,HTTHTTTT,61,39,1
TTTHTTTT,HHHHHHHH,61,40,1
HHHHHHH,HTTTTTT,61,41,1
HHTTTHHH,THTHTHTH,61,42,1
HHH,HHT,61,43,0
HHHHTHHT,HHTHTHHT,61,44,0
THH,HHH,61,45,1
TTTTTTH,HHHHHHH,61,46,1
TTHHTHTT,HHTHHTHH,61,47,0
HTT,TTT,61,48,1
THHTHHHH,THHTHHTH,61,49,1
HHHHHHT,TTTTTTT,61,50,1
HTTHTTHT,HTTHTTTT,61,51,1
HTHTHHHT,TTTHTTTH,61,52,0
TTT,TTH,61,53,0
TTTHHHHH,HTHTHTHT,61,54,1
HTHTTHHT,HTHHTHHT,61,55,0
THHTHHTH,THHTTHTH,61,56,0
TTTTHTTH,THTTHTTH,61,57,1
THTHTHHH,THTHTHTH,61,58,1
THHHHHH,TTTTTTT,61,59,1
THTHTHTH,TTTHHTTT,61,60,0
HTHTHTTT,HTHTHTHT,61,61,1
HTTHTTHT,HTTHHTHT,61,62,1
HHTHHTHH,HTHTTHTH,61,63,0
HHTHHTHT,TTHTTHTT,61,64,1
HTHTHTHT,HTHTTTTH,62,1,0
TT,HT,62,2,0
TTTTTTTT,HHHTTHHH,62,3,0
HHHTTTHH,HTHTHTHT,62,4,1
THTHTHTH,HTHTHHHT,62,5,0
TTHTTHTT,TTHTTTTT,62,6,1
HT,HH,62,7,0
TTTTTTTT,HHHHHHHT,62,8,0
HHHHTHHH,HHHHHHHH,62,9,1
TTHHTHHT,HTHHTHHT,62,10,0
HTHHTHHT,HHHHTHHT,62,11,1
TTTTTTTT,THHHHHHH,62,12,1
HHHTHTHT,THTHTHTH,62,13,0
HTHTHTHT,TTHTHTHT,62,14,1
HHHHHHHH,HTTTTTTT,62,15,0
THHTHHTH,THHTHHTT,62,16,0
HTHHTHHT,HTHHHHHT,62,17,1
TTTTTTTH,HHHHHHHH,62,18,1
HH,TH,62,19,1
HHHTHHHT,TTTHTHTH,62,20,0
HTHTHHHT,HTHTHTHT,62,21,1
HHHHHTHT,TTTTTHHH,62,22,0
THHTHHTH,THHHHHTH,62,23,0
HTHTHTHT,HHHTHTHT,62,24,0
THTHTHTH,HTHTHTTT,62,25,1
HTHTTTTT,TTTHHHHH,62,26,1
THHTTHTT,HHTHHTHH,62,27,0
HTTTTTHT,HTTHTTHT,62,28,1
TH,TT,62,29,1
HTHTTTHT,HTHTHTHT,62,30,1
HHTHHTTT,HHTHHTHH,62,31,0
TTTTTHTH,HHHHHTTT,62,32,1
THTTTTTH,THTTHTTH,62,33,0
HHHTTTTT,THTHHHHH,62,34,0
THTHTHTH,THHHTHTH,62,35,1
HTTTHTTT,THTHTHHH,62,36,0
TTTHHTHH,HHTHHTHH,62,37,1
TTTHHTTT,HTHTHTHT,62,38,1
HTTHTHTT,HTTHTTTT,62,39,0
TTTHTTTT,HHHHHHHH,62,40,0
HHHHHHH,HTTTTTT,62,41,0
THTHTHTH,HHTTTHHH,62,42,0
HHH,HHT,62,43,1
HHTHTHHT,HHHHTHHT,62,44,0
HHH,THH,62,45,1
HHHHHHH,TTTTTTH,62,46,0
HHTHHTHH,TTHHTHTT,62,47,1
TTT,HTT,62,48,0
THHTHHHH,THHTHHTH,62,49,1
HHHHHHT,TTTTTTT,62,50,1
HTTHTTTT,HTTHTTHT,62,51,1
HTHTHHHT,TTTHTTTH,62,52,1
TTH,TTT,62,53,1
HTHTHTHT,TTTHHHHH,62,54,1
HTHTTHHT,HTHHTHHT,62,55,0
THHTHHTH,THHTTHTH,62,56,0
TTTTHTTH,THTTHTTH,62,57,0
THTHTHHH,THTHTHTH,62,58,0
TTTTTTT,THHHHHH,62,59,0
THTHTHTH,TTTHHTTT,62,60,0
HTHTHTTT,HTHTHTHT,62,61,0
HTTHTTHT,HTTHHTHT,62,62,0
HHTHHTHH,HTHTTHTH,62,63,1
HHTHHTHT,TTHTTHTT,62,64,0
HTHTHTHT,HTHTTTTH,63,1,0
TT,HT,63,2,1
HHHTTHHH,TTTTTTTT,63,3,1
HHHTTTHH,HTHTHTHT,63,4,1
THTHTHTH,HTHTHHHT,63,5,0
TTHTTHTT,TTHTTTTT,63,6,0
HT,HH,63,7,0
HHHHHHHT,TTTTTTTT,63,8,1
HHHHTHHH,HHHHHHHH,63,9,1
HTHHTHHT,TTHHTHHT,63,10,1
HHHHTHHT,HTHHTHHT,63,11,0
THHHHHHH,TTTTTTTT,63,12,1
THTHTHTH,HHHTHTHT,63,13,0
HTHTHTHT,TTHTHTHT,63,14,0
HTTTTTTT,HHHHHHHH,63,15,1
THHTHHTH,THHTHHTT,63,16,1
HTHHTHHT,HTHHHHHT,63,17,0
TTTTTTTH,HHHHHHHH,63,18,1
TH,HH,63,19,0
HHHTHHHT,TTTHTHTH,63,20,1
HTHTHHHT,HTHTHTHT,63,21,1
TTTTTHHH,HHHHHTHT,63,22,0
THHTHHTH,THHHHHTH,63,23,0
HTHTHTHT,HHHTHTHT,63,24,0
THTHTHTH,HTHTHTTT,63,25,0
HTHTTTTT,TTTHHHHH,63,26,1
THHTTHTT,HHTHHTHH,63,27,0
HTTHTTHT,HTTTTTHT,63,28,0
TT,TH,63,29,1
HTHTTTHT,HTHTHTHT,63,30,1
HHTHHTHH,HHTHHTTT,63,31,0
HHHHHTTT,TTTTTHTH,63,32,0
THTTTTTH,THTTHTTH,63,33,1
THTHHHHH,HHHTTTTT,63,34,0
THHHTHTH,THTHTHTH,63,35,1
THTHTHHH,HTTTHTTT,63,36,0
HHTHHTHH,TTTHHTHH,63,37,1
HTHTHTHT,TTTHHTTT,63,38,0
HTTHTTTT,HTTHTHTT,63,39,1
TTTHTTTT,HHHHHHHH,63,40,1
HTTTTTT,HHHHHHH,63,41,1
THTHTHTH,HHTTTHHH,63,42,0
HHH,HHT,63,43,0
HHHHTHHT,HHTHTHHT,63,44,1
HHH,THH,63,45,1
TTTTTTH,HHHHHHH,63,46,1
HHTHHTHH,TTHHTHTT,63,47,1
TTT,HTT,63,48,1
THHTHHHH,THHTHHTH,63,49,1
HHHHHHT,TTTTTTT,63,50,1
HTTHTTTT,HTTHTTHT,63,51,1
TTTHTTTH,HTHTHHHT,63,52,1
TTT,TTH,63,53,0
TTTHHHHH,HTHTHTHT,63,54,1
HTHHTHHT,HTHTTHHT,63,55,0
THHTTHTH,THHTHHTH,63,56,0
TTTTHTTH,THTTHTTH,63,57,1
THTHTHTH,THTHTHHH,63,58,0
THHHHHH,TTTTTTT,63,59,1
TTTHHTTT,THTHTHTH,63,60,1
HTHTHTTT,HTHTHTHT,63,61,1
HTTHTTHT,HTTHHTHT,63,62,1
HTHTTHTH,HHTHHTHH,63,63,0
TTHTTHTT,HHTHHTHT,63,64,1
HTHTTTTH,HTHTHTHT,64,1,0
TT,HT,64,2,0
HHHTTHHH,TTTTTTTT,64,3,1
HTHTHTHT,HHHTTTHH,64,4,0
THTHTHTH,HTHTHHHT,64,5,1
TTHTTHTT,TTHTTTTT,64,6,1
HT,HH,64,7,1
TTTTTTTT,HHHHHHHT,64,8,0
HHHHTHHH,HHHHHHHH,64,9,1
TTHHTHHT,HTHHTHHT,64,10,0
HHHHTHHT,HTHHTHHT,64,11,1
THHHHHHH,TTTTTTTT,64,12,1
THTHTHTH,HHHTHTHT,64,13,0
TTHTHTHT,HTHTHTHT,64,14,0
HTTTTTTT,HHHHHHHH,64,15,1
THHTHHTT,THHTHHTH,64,16,1
HTHHTHHT,HTHHHHHT,64,17,1
HHHHHHHH,TTTTTTTH,64,18,0
TH,HH,64,19,1
TTTHTHTH,HHHTHHHT,64,20,1
HTHTHTHT,HTHTHHHT,64,21,1
TTTTTHHH,HHHHHTHT,64,22,0
THHHHHTH,THHTHHTH,64,23,0
HHHTHTHT,HTHTHTHT,64,24,1
HTHTHTTT,THTHTHTH,64,25,1
HTHTTTTT,TTTHHHHH,64,26,1
THHTTHTT,HHTHHTHH,64,27,1
HTTHTTHT,HTTTTTHT,64,28,1
TT,TH,64,29,0
HTHTTTHT,HTHTHTHT,64,30,1
HHTHHTTT,HHTHHTHH,64,31,1
HHHHHTTT,TTTTTHTH,64,32,0
THTTTTTH,THTTHTTH,64,33,0
HHHTTTTT,THTHHHHH,64,34,0
THTHTHTH,THHHTHTH,64,35,0
THTHTHHH,HTTTHTTT,64,36,0
HHTHHTHH,TTTHHTHH,64,37,0
HTHTHTHT,TTTHHTTT,64,38,1
HTTHTHTT,HTTHTTTT,64,39,1
HHHHHHHH,TTTHTTTT,64,40,0
HTTTTTT,HHHHHHH,64,41,1
HHTTTHHH,THTHTHTH,64,42,1
HHH,HHT,64,43,0
HHHHTHHT,HHTHTHHT,64,44,0
THH,HHH,64,45,1
TTTTTTH,HHHHHHH,64,46,1
HHTHHTHH,TTHHTHTT,64,47,1
HTT,TTT,64,48,1
THHTHHTH,THHTHHHH,64,49,1
TTTTTTT,HHHHHHT,64,50,0
HTTHTTTT,HTTHTTHT,64,51,0
HTHTHHHT,TTTHTTTH,64,52,1
TTH,TTT,64,53,1
HTHTHTHT,TTTHHHHH,64,54,1
HTHHTHHT,HTHTTHHT,64,55,0
THHTTHTH,THHTHHTH,64,56,1
THTTHTTH,TTTTHTTH,64,57,0
THTHTHTH,THTHTHHH,64,58,1
TTTTTTT,THHHHHH,64,59,0
TTTHHTTT,THTHTHTH,64,60,0
HTHTHTTT,HTHTHTHT,64,61,1
HTTHHTHT,HTTHTTHT,64,62,0
HHTHHTHH,HTHTTHTH,64,63,0
TTHTTHTT,HHTHHTHT,64,64,0
HTHTTTTH,HTHTHTHT,65,1,1
TT,HT,65,2,1
TTTTTTTT,HHHTTHHH,65,3,0
HTHTHTHT,HHHTTTHH,65,4,1
THTHTHTH,HTHTHHHT,65,5,0
TTHTTHTT,TTHTTTTT,65,6,0
HT,HH,65,7,0
HHHHHHHT,TTTTTTTT,65,8,1
HHHHHHHH,HHHHTHHH,65,9,0
TTHHTHHT,HTHHTHHT,65,10,1
HTHHTHHT,HHHHTHHT,65,11,1
TTTTTTTT,THHHHHHH,65,12,1
HHHTHTHT,THTHTHTH,65,13,1
HTHTHTHT,TTHTHTHT,65,14,0
HTTTTTTT,HHHHHHHH,65,15,1
THHTHHTH,THHTHHTT,65,16,0
HTHHTHHT,HTHHHHHT,65,17,0
HHHHHHHH,TTTTTTTH,65,18,0
HH,TH,65,19,1
TTTHTHTH,HHHTHHHT,65,20,1
HTHTHHHT,HTHTHTHT,65,21,1
HHHHHTHT,TTTTTHHH,65,22,0
THHHHHTH,THHTHHTH,65,23,0
HTHTHTHT,HHHTHTHT,65,24,0
THTHTHTH,HTHTHTTT,65,25,0
TTTHHHHH,HTHTTTTT,65,26,0
HHTHHTHH,THHTTHTT,65,27,0
HTTHTTHT,HTTTTTHT,65,28,1
TT,TH,65,29,1
HTHTTTHT,HTHTHTHT,65,30,1
HHTHHTTT,HHTHHTHH,65,31,1
HHHHHTTT,TTTTTHTH,65,32,1
THTTTTTH,THTTHTTH,65,33,0
HHHTTTTT,THTHHHHH,65,34,1
THHHTHTH,THTHTHTH,65,35,1
THTHTHHH,HTTTHTTT,65,36,1
TTTHHTHH,HHTHHTHH,65,37,1
HTHTHTHT,TTTHHTTT,65,38,0
HTTHTHTT,HTTHTTTT,65,39,0
TTTHTTTT,HHHHHHHH,65,40,1
HTTTTTT,HHHHHHH,65,41,0
THTHTHTH,HHTTTHHH,65,42,0
HHH,HHT,65,43,0
HHHHTHHT,HHTHTHHT,65,44,0
HHH,THH,65,45,0
HHHHHHH,TTTTTTH,65,46,0
TTHHTHTT,HHTHHTHH,65,47,1
HTT,TTT,65,48,1
THHTHHHH,THHTHHTH,65,49,0
HHHHHHT,TTTTTTT,65,50,0
HTTHTTTT,HTTHTTHT,65,51,1
HTHTHHHT,TTTHTTTH,65,52,1
TTT,TTH,65,53,0
HTHTHTHT,TTTHHHHH,65,54,1
HTHTTHHT,HTHHTHHT,65,55,0
THHTTHTH,THHTHHTH,65,56,1
THTTHTTH,TTTTHTTH,65,57,1
THTHTHHH,THTHTHTH,65,58,1
TTTTTTT,THHHHHH,65,59,0
TTTHHTTT,THTHTHTH,65,60,1
HTHTHTHT,HTHTHTTT,65,61,1
HTTHTTHT,HTTHHTHT,65,62,1
HTHTTHTH,HHTHHTHH,65,63,0
TTHTTHTT,HHTHHTHT,65,64,0
HTHTHTHT,HTHTTTTH,66,1,1
HT,TT,66,2,1
HHHTTHHH,TTTTTTTT,66,3,1
HTHTHTHT,HHHTTTHH,66,4,1
THTHTHTH,HTHTHHHT,66,5,0
TTHTTHTT,TTHTTTTT,66,6,1
HH,HT,66,7,0
HHHHHHHT,TTTTTTTT,66,8,1
HHHHHHHH,HHHHTHHH,66,9,0
TTHHTHHT,HTHHTHHT,66,10,1
HTHHTHHT,HHHHTHHT,66,11,1
THHHHHHH,TTTTTTTT,66,12,1
THTHTHTH,HHHTHTHT,66,13,0
HTHTHTHT,TTHTHTHT,66,14,0
HHHHHHHH,HTTTTTTT,66,15,0
THHTHHTH,THHTHHTT,66,16,1
HTHHHHHT,HTHHTHHT,66,17,0
HHHHHHHH,TTTTTTTH,66,18,0
HH,TH,66,19,0
TTTHTHTH,HHHTHHHT,66,20,1
HTHTHTHT,HTHTHHHT,66,21,0
HHHHHTHT,TTTTTHHH,66,22,0
THHHHHTH,THHTHHTH,66,23,0
HTHTHTHT,HHHTHTHT,66,24,0
HTHTHTTT,THTHTHTH,66,25,1
TTTHHHHH,HTHTTTTT,66,26,0
HHTHHTHH,THHTTHTT,66,27,0
HTTTTTHT,HTTHTTHT,66,28,0
TT,TH,66,29,0
HTHTHTHT,HTHTTTHT,66,30,0
HHTHHTTT,HHTHHTHH,66,31,1
HHHHHTTT,TTTTTHTH,66,32,0
THTTHTTH,THTTTTTH,66,33,1
THTHHHHH,HHHTTTTT,66,34,1
THTHTHTH,THHHTHTH,66,35,0
HTTTHTTT,THTHTHHH,66,36,1
HHTHHTHH,TTTHHTHH,66,37,0
HTHTHTHT,TTTHHTTT,66,38,0
HTTHTHTT,HTTHTTTT,66,39,0
HHHHHHHH,TTTHTTTT,66,40,0
HHHHHHH,HTTTTTT,66,41,0
HHTTTHHH,THTHTHTH,66,42,1
HHH,HHT,66,43,0
HHHHTHHT,HHTHTHHT,66,44,0
THH,HHH,66,45,1
TTTTTTH,HHHHHHH,66,46,1
TTHHTHTT,HHTHHTHH,66,47,1
TTT,HTT,66,48,0
THHTHHTH,THHTHHHH,66,49,1
HHHHHHT,TTTTTTT,66,50,1
HTTHTTTT,HTTHTTHT,66,51,0
HTHTHHHT,TTTHTTTH,66,52,1
TTT,TTH,66,53,0
TTTHHHHH,HTHTHTHT,66,54,0
HTHTTHHT,HTHHTHHT,66,55,1
THHTHHTH,THHTTHTH,66,56,0
TTTTHTTH,THTTHTTH,66,57,0
THTHTHTH,THTHTHHH,66,58,1
TTTTTTT,THHHHHH,66,59,0
THTHTHTH,TTTHHTTT,66,60,0
HTHTHTHT,HTHTHTTT,66,61,0
HTTHTTHT,HTTHHTHT,66,62,1
HTHTTHTH,HHTHHTHH,66,63,1
HHTHHTHT,TTHTTHTT,66,64,1
HTHTHTHT,HTHTTTTH,67,1,1
HT,TT,67,2,0
HHHTTHHH,TTTTTTTT,67,3,1
HTHTHTHT,HHHTTTHH,67,4,0
HTHTHHHT,THTHTHTH,67,5,1
TTHTTTTT,TTHTTHTT,67,6,1
HT,HH,67,7,1
TTTTTTTT,HHHHHHHT,67,8,0
HHHHHHHH,HHHHTHHH,67,9,0
HTHHTHHT,TTHHTHHT,67,10,0
HTHHTHHT,HHHHTHHT,67,11,0
THHHHHHH,TTTTTTTT,67,12,0
HHHTHTHT,THTHTHTH,67,13,1
TTHTHTHT,HTHTHTHT,67,14,1
HTTTTTTT,HHHHHHHH,67,15,0
THHTHHTH,THHTHHTT,67,16,1
HTHHHHHT,HTHHTHHT,67,17,1
TTTTTTTH,HHHHHHHH,67,18,0
TH,HH,67,19,0
TTTHTHTH,HHHTHHHT,67,20,1
HTHTHHHT,HTHTHTHT,67,21,1
HHHHHTHT,TTTTTHHH,67,22,1
THHTHHTH,THHHHHTH,67,23,0
HHHTHTHT,HTHTHTHT,67,24,1
HTHTHTTT,THTHTHTH,67,25,1
TTTHHHHH,HTHTTTTT,67,26,0
HHTHHTHH,THHTTHTT,67,27,0
HTTTTTHT,HTTHTTHT,67,28,1
TT,TH,67,29,1
HTHTTTHT,HTHTHTHT,67,30,1
HHTHHTHH,HHTHHTTT,67,31,0
TTTTTHTH,HHHHHTTT,67,32,1
THTTHTTH,THTTTTTH,67,33,1
THTHHHHH,HHHTTTTT,67,34,1
THHHTHTH,THTHTHTH,67,35,1
HTTTHTTT,THTHTHHH,67,36,0
TTTHHTHH,HHTHHTHH,67,37,1
TTTHHTTT,HTHTHTHT,67,38,1
HTTHTTTT,HTTHTHTT,67,39,1
TTTHTTTT,HHHHHHHH,67,40,1
HHHHHHH,HTTTTTT,67,41,1
THTHTHTH,HHTTTHHH,67,42,0
HHH,HHT,67,43,0
HHTHTHHT,HHHHTHHT,67,44,1
THH,HHH,67,45,0
TTTTTTH,HHHHHHH,67,46,1
TTHHTHTT,HHTHHTHH,67,47,1
HTT,TTT,67,48,1
THHTHHTH,THHTHHHH,67,49,0
HHHHHHT,TTTTTTT,67,50,0
HTTHTTHT,HTTHTTTT,67,51,0
TTTHTTTH,HTHTHHHT,67,52,1
TTT,TTH,67,53,0
HTHTHTHT,TTTHHHHH,67,54,0
HTHTTHHT,HTHHTHHT,67,55,1
THHTTHTH,THHTHHTH,67,56,1
TTTTHTTH,THTTHTTH,67,57,1
THTHTHTH,THTHTHHH,67,58,0
TTTTTTT,THHHHHH,67,59,0
TTTHHTTT,THTHTHTH,67,60,1
HTHTHTHT,HTHTHTTT,67,61,0
HTTHHTHT,HTTHTTHT,67,62,0
HHTHHTHH,HTHTTHTH,67,63,0
TTHTTHTT,HHTHHTHT,67,64,0
HTHTHTHT,HTHTTTTH,68,1,1
HT,TT,68,2,1
HHHTTHHH,TTTTTTTT,68,3,1
HTHTHTHT,HHHTTTHH,68,4,0
THTHTHTH,HTHTHHHT,68,5,0
TTHTTTTT,TTHTTHTT,68,6,0
HH,HT,68,7,0
HHHHHHHT,TTTTTTTT,68,8,0
HHHHTHHH,HHHHHHHH,68,9,0
HTHHTHHT,TTHHTHHT,68,10,1
HTHHTHHT,HHHHTHHT,68,11,0
THHHHHHH,TTTTTTTT,68,12,0
HHHTHTHT,THTHTHTH,68,13,1
TTHTHTHT,HTHTHTHT,68,14,1
HHHHHHHH,HTTTTTTT,68,15,1
THHTHHTH,THHTHHTT,68,16,0
HTHHTHHT,HTHHHHHT,68,17,1
HHHHHHHH,TTTTTTTH,68,18,1
HH,TH,68,19,1
HHHTHHHT,TTTHTHTH,68,20,0
HTHTHTHT,HTHTHHHT,68,21,1
TTTTTHHH,HHHHHTHT,68,22,1
THHTHHTH,THHHHHTH,68,23,0
HTHTHTHT,HHHTHTHT,68,24,1
THTHTHTH,HTHTHTTT,68,25,0
HTHTTTTT,TTTHHHHH,68,26,0
THHTTHTT,HHTHHTHH,68,27,1
HTTHTTHT,HTTTTTHT,68,28,0
TT,TH,68,29,0
HTHTTTHT,HTHTHTHT,68,30,1
HHTHHTHH,HHTHHTTT,68,31,0
TTTTTHTH,HHHHHTTT,68,32,0
THTTHTTH,THTTTTTH,68,33,0
THTHHHHH,HHHTTTTT,68,34,0
THTHTHTH,THHHTHTH,68,35,0
THTHTHHH,HTTTHTTT,68,36,0
TTTHHTHH,HHTHHTHH,68,37,1
HTHTHTHT,TTTHHTTT,68,38,0
HTTHTTTT,HTTHTHTT,68,39,1
HHHHHHHH,TTTHTTTT,68,40,1
HHHHHHH,HTTTTTT,68,41,1
THTHTHTH,HHTTTHHH,68,42,0
HHT,HHH,68,43,1
HHHHTHHT,HHTHTHHT,68,44,1
THH,HHH,68,45,0
TTTTTTH,HHHHHHH,68,46,0
TTHHTHTT,HHTHHTHH,68,47,0
TTT,HTT,68,48,0
THHTHHTH,THHTHHHH,68,49,0
TTTTTTT,HHHHHHT,68,50,1
HTTHTTTT,HTTHTTHT,68,51,0
TTTHTTTH,HTHTHHHT,68,52,1
TTT,TTH,68,53,0
HTHTHTHT,TTTHHHHH,68,54,1
HTHTTHHT,HTHHTHHT,68,55,0
THHTTHTH,THHTHHTH,68,56,1
THTTHTTH,TTTTHTTH,68,57,0
THTHTHTH,THTHTHHH,68,58,0
THHHHHH,TTTTTTT,68,59,0
THTHTHTH,TTTHHTTT,68,60,0
HTHTHTTT,HTHTHTHT,68,61,1
HTTHTTHT,HTTHHTHT,68,62,0
HHTHHTHH,HTHTTHTH,68,63,0
HHTHHTHT,TTHTTHTT,68,64,0
HTHTHTHT,HTHTTTTH,69,1,1
HT,TT,69,2,1
HHHTTHHH,TTTTTTTT,69,3,1
HHHTTTHH,HTHTHTHT,69,4,1
HTHTHHHT,THTHTHTH,69,5,1
TTHTTHTT,TTHTTTTT,69,6,1
HT,HH,69,7,1
TTTTTTTT,HHHHHHHT,69,8,0
HHHHHHHH,HHHHTHHH,69,9,0
HTHHTHHT,TTHHTHHT,69,10,1
HTHHTHHT,HHHHTHHT,69,11,1
TTTTTTTT,THHHHHHH,69,12,0
THTHTHTH,HHHTHTHT,69,13,0
TTHTHTHT,HTHTHTHT,69,14,1
HHHHHHHH,HTTTTTTT,69,15,0
THHTHHTH,THHTHHTT,69,16,1
HTHHHHHT,HTHHTHHT,69,17,1
TTTTTTTH,HHHHHHHH,69,18,1
HH,TH,69,19,0
TTTHTHTH,HHHTHHHT,69,20,0
HTHTHHHT,HTHTHTHT,69,21,1
TTTTTHHH,HHHHHTHT,69,22,0
THHHHHTH,THHTHHTH,69,23,1
HHHTHTHT,HTHTHTHT,69,24,1
THTHTHTH,HTHTHTTT,69,25,1
HTHTTTTT,TTTHHHHH,69,26,1
THHTTHTT,HHTHHTHH,69,27,1
HTTTTTHT,HTTHTTHT,69,28,0
TT,TH,69,29,0
HTHTHTHT,HTHTTTHT,69,30,0
HHTHHTHH,HHTHHTTT,69,31,0
HHHHHTTT,TTTTTHTH,69,32,0
THTTHTTH,THTTTTTH,69,33,0
HHHTTTTT,THTHHHHH,69,34,0
THTHTHTH,THHHTHTH,69,35,0
HTTTHTTT,THTHTHHH,69,36,0
HHTHHTHH,TTTHHTHH,69,37,0
HTHTHTHT,TTTHHTTT,69,38,1
HTTHTTTT,HTTHTHTT,69,39,1
HHHHHHHH,TTTHTTTT,69,40,0
HHHHHHH,HTTTTTT,69,41,0
HHTTTHHH,THTHTHTH,69,42,1
HHH,HHT,69,43,0
HHHHTHHT,HHTHTHHT,69,44,0
THH,HHH,69,45,1
HHHHHHH,TTTTTTH,69,46,0
HHTHHTHH,TTHHTHTT,69,47,0
TTT,HTT,69,48,0
THHTHHHH,THHTHHTH,69,49,0
HHHHHHT,TTTTTTT,69,50,1
HTTHTTHT,HTTHTTTT,69,51,1
HTHTHHHT,TTTHTTTH,69,52,1
TTT,TTH,69,53,0
TTTHHHHH,HTHTHTHT,69,54,0
HTHHTHHT,HTHTTHHT,69,55,1
THHTHHTH,THHTTHTH,69,56,1
THTTHTTH,TTTTHTTH,69,57,0
THTHTHTH,THTHTHHH,69,58,0
TTTTTTT,THHHHHH,69,59,0
THTHTHTH,TTTHHTTT,69,60,0
HTHTHTTT,HTHTHTHT,69,61,0
HTTHHTHT,HTTHTTHT,69,62,1
HHTHHTHH,HTHTTHTH,69,63,0
TTHTTHTT,HHTHHTHT,69,64,0
HTHTTTTH,HTHTHTHT,70,1,1
HT,TT,70,2,1
TTTTTTTT,HHHTTHHH,70,3,0
HHHTTTHH,HTHTHTHT,70,4,0
THTHTHTH,HTHTHHHT,70,5,0
TTHTTTTT,TTHTTHTT,70,6,0
HT,HH,70,7,1
HHHHHHHT,TTTTTTTT,70,8,1
HHHHTHHH,HHHHHHHH,70,9,1
HTHHTHHT,TTHHTHHT,70,10,1
HTHHTHHT,HHHHTHHT,70,11,1
TTTTTTTT,THHHHHHH,70,12,0
THTHTHTH,HHHTHTHT,70,13,0
TTHTHTHT,HTHTHTHT,70,14,1
HTTTTTTT,HHHHHHHH,70,15,1
THHTHHTH,THHTHHTT,70,16,0
HTHHTHHT,HTHHHHHT,70,17,1
HHHHHHHH,TTTTTTTH,70,18,0
HH,TH,70,19,0
HHHTHHHT,TTTHTHTH,70,20,0
HTHTHHHT,HTHTHTHT,70,21,1
TTTTTHHH,HHHHHTHT,70,22,0
THHHHHTH,THHTHHTH,70,23,0
HTHTHTHT,HHHTHTHT,70,24,0
THTHTHTH,HTHTHTTT,70,25,0
TTTHHHHH,HTHTTTTT,70,26,0
THHTTHTT,HHTHHTHH,70,27,1
HTTHTTHT,HTTTTTHT,70,28,1
TH,TT,70,29,1
HTHTHTHT,HTHTTTHT,70,30,0
HHTHHTTT,HHTHHTHH,70,31,1
TTTTTHTH,HHHHHTTT,70,32,1
THTTHTTH,THTTTTTH,70,33,1
THTHHHHH,HHHTTTTT,70,34,1
THTHTHTH,THHHTHTH,70,35,0
THTHTHHH,HTTTHTTT,70,36,1
TTTHHTHH,HHTHHTHH,70,37,1
TTTHHTTT,HTHTHTHT,70,38,0
HTTHTHTT,HTTHTTTT,70,39,1
TTTHTTTT,HHHHHHHH,70,40,1
HHHHHHH,HTTTTTT,70,41,0
HHTTTHHH,THTHTHTH,70,42,0
HHT,HHH,70,43,1
HHTHTHHT,HHHHTHHT,70,44,1
HHH,THH,70,45,0
HHHHHHH,TTTTTTH,70,46,0
HHTHHTHH,TTHHTHTT,70,47,1
HTT,TTT,70,48,1
THHTHHHH,THHTHHTH,70,49,0
TTTTTTT,HHHHHHT,70,50,0
HTTHTTTT,HTTHTTHT,70,51,0
TTTHTTTH,HTHTHHHT,70,52,0
TTH,TTT,70,53,1
TTTHHHHH,HTHTHTHT,70,54,1
HTHTTHHT,HTHHTHHT,70,55,1
THHTTHTH,THHTHHTH,70,56,0
TTTTHTTH,THTTHTTH,70,57,0
THTHTHTH,THTHTHHH,70,58,0
THHHHHH,TTTTTTT,70,59,1
THTHTHTH,TTTHHTTT,70,60,0
HTHTHTHT,HTHTHTTT,70,61,0
HTTHTTHT,HTTHHTHT,70,62,1
HTHTTHTH,HHTHHTHH,70,63,1
HHTHHTHT,TTHTTHTT,70,64,1
HTHTHTHT,HTHTTTTH,71,1,0
HT,TT,71,2,1
TTTTTTTT,HHHTTHHH,71,3,0
HTHTHTHT,HHHTTTHH,71,4,0
HTHTHHHT,THTHTHTH,71,5,1
TTHTTTTT,TTHTTHTT,71,6,0
HT,HH,71,7,1
HHHHHHHT,TTTTTTTT,71,8,1
HHHHTHHH,HHHHHHHH,71,9,1
HTHHTHHT,TTHHTHHT,71,10,0
HHHHTHHT,HTHHTHHT,71,11,0
THHHHHHH,TTTTTTTT,71,12,1
THTHTHTH,HHHTHTHT,71,13,0
HTHTHTHT,TTHTHTHT,71,14,1
HTTTTTTT,HHHHHHHH,71,15,1
THHTHHTT,THHTHHTH,71,16,0
HTHHTHHT,HTHHHHHT,71,17,1
TTTTTTTH,HHHHHHHH,71,18,1
HH,TH,71,19,0
TTTHTHTH,HHHTHHHT,71,20,1
HTHTHTHT,HTHTHHHT,71,21,0
HHHHHTHT,TTTTTHHH,71,22,1
THHTHHTH,THHHHHTH,71,23,1
HTHTHTHT,HHHTHTHT,71,24,0
HTHTHTTT,THTHTHTH,71,25,1
HTHTTTTT,TTTHHHHH,71,26,0
THHTTHTT,HHTHHTHH,71,27,0
HTTTTTHT,HTTHTTHT,71,28,0
TT,TH,71,29,0
HTHTTTHT,HTHTHTHT,71,30,0
HHTHHTHH,HHTHHTTT,71,31,0
HHHHHTTT,TTTTTHTH,71,32,0
THTTTTTH,THTTHTTH,71,33,1
HHHTTTTT,THTHHHHH,71,34,1
THTHTHTH,THHHTHTH,71,35,0
THTHTHHH,HTTTHTTT,71,36,0
TTTHHTHH,HHTHHTHH,71,37,0
HTHTHTHT,TTTHHTTT,71,38,1
HTTHTTTT,HTTHTHTT,71,39,1
TTTHTTTT,HHHHHHHH,71,40,1
HHHHHHH,HTTTTTT,71,41,0
HHTTTHHH,THTHTHTH,71,42,1
HHH,HHT,71,43,0
HHTHTHHT,HHHHTHHT,71,44,1
HHH,THH,71,45,0
HHHHHHH,TTTTTTH,71,46,1
TTHHTHTT,HHTHHTHH,71,47,1
TTT,HTT,71,48,0
THHTHHTH,THHTHHHH,71,49,0
HHHHHHT,TTTTTTT,71,50,1
HTTHTTHT,HTTHTTTT,71,51,1
HTHTHHHT,TTTHTTTH,71,52,1
TTH,TTT,71,53,1
TTTHHHHH,HTHTHTHT,71,54,0
HTHTTHHT,HTHHTHHT,71,55,1
THHTTHTH,THHTHHTH,71,56,1
THTTHTTH,TTTTHTTH,71,57,1
THTHTHTH,THTHTHHH,71,58,1
TTTTTTT,THHHHHH,71,59,0
TTTHHTTT,THTHTHTH,71,60,1
HTHTHTTT,HTHTHTHT,71,61,1
HTTHTTHT,HTTHHTHT,71,62,1
HTHTTHTH,HHTHHTHH,71,63,1
TTHTTHTT,HHTHHTHT,71,64,1
HTHTHTHT,HTHTTTTH,72,1,0
HT,TT,72,2,0
TTTTTTTT,HHHTTHHH,72,3,1
HHHTTTHH,HTHTHTHT,72,4,0
HTHTHHHT,THTHTHTH,72,5,0
TTHTTTTT,TTHTTHTT,72,6,0
HT,HH,72,7,1
HHHHHHHT,TTTTTTTT,72,8,1
HHHHHHHH,HHHHTHHH,72,9,0
HTHHTHHT,TTHHTHHT,72,10,0
HTHHTHHT,HHHHTHHT,72,11,0
TTTTTTTT,THHHHHHH,72,12,0
THTHTHTH,HHHTHTHT,72,13,0
HTHTHTHT,TTHTHTHT,72,14,0
HTTTTTTT,HHHHHHHH,72,15,1
THHTHHTH,THHTHHTT,72,16,0
HTHHHHHT,HTHHTHHT,72,17,1
HHHHHHHH,TTTTTTTH,72,18,0
TH,HH,72,19,1
TTTHTHTH,HHHTHHHT,72,20,1
HTHTHHHT,HTHTHTHT,72,21,1
HHHHHTHT,TTTTTHHH,72,22,1
THHHHHTH,THHTHHTH,72,23,0
HTHTHTHT,HHHTHTHT,72,24,0
THTHTHTH,HTHTHTTT,72,25,0
HTHTTTTT,TTTHHHHH,72,26,1
HHTHHTHH,THHTTHTT,72,27,1
HTTHTTHT,HTTTTTHT,72,28,0
TT,TH,72,29,0
HTHTTTHT,HTHTHTHT,72,30,1
HHTHHTTT,HHTHHTHH,72,31,1
TTTTTHTH,HHHHHTTT,72,32,1
THTTTTTH,THTTHTTH,72,33,1
THTHHHHH,HHHTTTTT,72,34,1
THTHTHTH,THHHTHTH,72,35,0
THTHTHHH,HTTTHTTT,72,36,1
HHTHHTHH,TTTHHTHH,72,37,0
TTTHHTTT,HTHTHTHT,72,38,1
HTTHTHTT,HTTHTTTT,72,39,0
TTTHTTTT,HHHHHHHH,72,40,1
HTTTTTT,HHHHHHH,72,41,1
HHTTTHHH,THTHTHTH,72,42,1
HHT,HHH,72,43,1
HHTHTHHT,HHHHTHHT,72,44,0
HHH,THH,72,45,0
HHHHHHH,TTTTTTH,72,46,0
HHTHHTHH,TTHHTHTT,72,47,0
TTT,HTT,72,48,0
THHTHHTH,THHTHHHH,72,49,0
HHHHHHT,TTTTTTT,72,50,1
HTTHTTTT,HTTHTTHT,72,51,1
HTHTHHHT,TTTHTTTH,72,52,1
TTH,TTT,72,53,1
HTHTHTHT,TTTHHHHH,72,54,0
HTHTTHHT,HTHHTHHT,72,55,1
THHTHHTH,THHTTHTH,72,56,0
TTTTHTTH,THTTHTTH,72,57,0
THTHTHHH,THTHTHTH,72,58,1
THHHHHH,TTTTTTT,72,59,1
TTTHHTTT,THTHTHTH,72,60,1
HTHTHTHT,HTHTHTTT,72,61,0
HTTHTTHT,HTTHHTHT,72,62,0
HTHTTHTH,HHTHHTHH,72,63,1
TTHTTHTT,HHTHHTHT,72,64,0
HTHTTTTH,HTHTHTHT,73,1,1
HT,TT,73,2,1
TTTTTTTT,HHHTTHHH,73,3,0
HTHTHTHT,HHHTTTHH,73,4,0
HTHTHHHT,THTHTHTH,73,5,1
TTHTTTTT,TTHTTHTT,73,6,1
HH,HT,73,7,0
TTTTTTTT,HHHHHHHT,73,8,0
HHHHHHHH,HHHHTHHH,73,9,0
HTHHTHHT,TTHHTHHT,73,10,0
HTHHTHHT,HHHHTHHT,73,11,0
THHHHHHH,TTTTTTTT,73,12,1
HHHTHTHT,THTHTHTH,73,13,1
HTHTHTHT,TTHTHTHT,73,14,0
HHHHHHHH,HTTTTTTT,73,15,0
THHTHHTT,THHTHHTH,73,16,1
HTHHTHHT,HTHHHHHT,73,17,0
HHHHHHHH,TTTTTTTH,73,18,0
HH,TH,73,19,0
TTTHTHTH,HHHTHHHT,73,20,0
HTHTHTHT,HTHTHHHT,73,21,0
HHHHHTHT,TTTTTHHH,73,22,1
THHHHHTH,THHTHHTH,73,23,0
HHHTHTHT,HTHTHTHT,73,24,1
THTHTHTH,HTHTHTTT,73,25,0
HTHTTTTT,TTTHHHHH,73,26,1
THHTTHTT,HHTHHTHH,73,27,0
HTTTTTHT,HTTHTTHT,73,28,1
TT,TH,73,29,0
HTHTTTHT,HTHTHTHT,73,30,1
HHTHHTHH,HHTHHTTT,73,31,1
HHHHHTTT,TTTTTHTH,73,32,0
THTTTTTH,THTTHTTH,73,33,1
HHHTTTTT,THTHHHHH,73,34,0
THHHTHTH,THTHTHTH,73,35,1
HTTTHTTT,THTHTHHH,73,36,0
HHTHHTHH,TTTHHTHH,73,37,1
HTHTHTHT,TTTHHTTT,73,38,0
HTTHTTTT,HTTHTHTT,73,39,0
HHHHHHHH,TTTHTTTT,73,40,0
HTTTTTT,HHHHHHH,73,41,1
THTHTHTH,HHTTTHHH,73,42,0
HHH,HHT,73,43,0
HHTHTHHT,HHHHTHHT,73,44,0
THH,HHH,73,45,1
HHHHHHH,TTTTTTH,73,46,0
TTHHTHTT,HHTHHTHH,73,47,0
HTT,TTT,73,48,1
THHTHHHH,THHTHHTH,73,49,1
HHHHHHT,TTTTTTT,73,50,1
HTTHTTHT,HTTHTTTT,73,51,1
TTTHTTTH,HTHTHHHT,73,52,0
TTT,TTH,73,53,0
HTHTHTHT,TTTHHHHH,73,54,0
HTHHTHHT,HTHTTHHT,73,55,0
THHTTHTH,THHTHHTH,73,56,1
TTTTHTTH,THTTHTTH,73,57,0
THTHTHHH,THTHTHTH,73,58,1
TTTTTTT,THHHHHH,73,59,0
TTTHHTTT,THTHTHTH,73,60,1
HTHTHTTT,HTHTHTHT,73,61,1
HTTHHTHT,HTTHTTHT,73,62,0
HHTHHTHH,HTHTTHTH,73,63,1
TTHTTHTT,HHTHHTHT,73,64,0
HTHTTTTH,HTHTHTHT,74,1,1
TT,HT,74,2,1
TTTTTTTT,HHHTTHHH,74,3,0
HTHTHTHT,HHHTTTHH,74,4,0
THTHTHTH,HTHTHHHT,74,5,0
TTHTTTTT,TTHTTHTT,74,6,1
HT,HH,74,7,0
TTTTTTTT,HHHHHHHT,74,8,0
HHHHHHHH,HHHHTHHH,74,9,0
TTHHTHHT,HTHHTHHT,74,10,0
HTHHTHHT,HHHHTHHT,74,11,0
TTTTTTTT,THHHHHHH,74,12,0
THTHTHTH,HHHTHTHT,74,13,0
TTHTHTHT,HTHTHTHT,74,14,1
HHHHHHHH,HTTTTTTT,74,15,0
THHTHHTT,THHTHHTH,74,16,0
HTHHHHHT,HTHHTHHT,74,17,1
TTTTTTTH,HHHHHHHH,74,18,1
HH,TH,74,19,0
HHHTHHHT,TTTHTHTH,74,20,0
HTHTHHHT,HTHTHTHT,74,21,1
TTTTTHHH,HHHHHTHT,74,22,0
THHHHHTH,THHTHHTH,74,23,1
HTHTHTHT,HHHTHTHT,74,24,0
HTHTHTTT,THTHTHTH,74,25,1
HTHTTTTT,TTTHHHHH,74,26,1
HHTHHTHH,THHTTHTT,74,27,0
HTTHTTHT,HTTTTTHT,74,28,0
TH,TT,74,29,1
HTHTTTHT,HTHTHTHT,74,30,1
HHTHHTTT,HHTHHTHH,74,31,1
TTTTTHTH,HHHHHTTT,74,32,1
THTTTTTH,THTTHTTH,74,33,0
HHHTTTTT,THTHHHHH,74,34,0
THTHTHTH,THHHTHTH,74,35,0
THTHTHHH,HTTTHTTT,74,36,0
HHTHHTHH,TTTHHTHH,74,37,0
TTTHHTTT,HTHTHTHT,74,38,1
HTTHTHTT,HTTHTTTT,74,39,1
HHHHHHHH,TTTHTTTT,74,40,0
HHHHHHH,HTTTTTT,74,41,0
THTHTHTH,HHTTTHHH,74,42,0
HHT,HHH,74,43,1
HHHHTHHT,HHTHTHHT,74,44,1
THH,HHH,74,45,1
HHHHHHH,TTTTTTH,74,46,0
HHTHHTHH,TTHHTHTT,74,47,0
HTT,TTT,74,48,1
THHTHHHH,THHTHHTH,74,49,1
HHHHHHT,TTTTTTT,74,50,1
HTTHTTTT,HTTHTTHT,74,51,1
TTTHTTTH,HTHTHHHT,74,52,1
TTT,TTH,74,53,0
TTTHHHHH,HTHTHTHT,74,54,0
HTHTTHHT,HTHHTHHT,74,55,1
THHTHHTH,THHTTHTH,74,56,0
THTTHTTH,TTTTHTTH,74,57,0
THTHTHTH,THTHTHHH,74,58,0
TTTTTTT,THHHHHH,74,59,0
TTTHHTTT,THTHTHTH,74,60,0
HTHTHTTT,HTHTHTHT,74,61,1
HTTHHTHT,HTTHTTHT,74,62,0
HTHTTHTH,HHTHHTHH,74,63,1
TTHTTHTT,HHTHHTHT,74,64,0
HTHTTTTH,HTHTHTHT,75,1,1
TT,HT,75,2,0
HHHTTHHH,TTTTTTTT,75,3,1
HHHTTTHH,HTHTHTHT,75,4,1
HTHTHHHT,THTHTHTH,75,5,1
TTHTTHTT,TTHTTTTT,75,6,1
HH,HT,75,7,1
HHHHHHHT,TTTTTTTT,75,8,1
HHHHHHHH,HHHHTHHH,75,9,0
TTHHTHHT,HTHHTHHT,75,10,0
HHHHTHHT,HTHHTHHT,75,11,0
THHHHHHH,TTTTTTTT,75,12,1
HHHTHTHT,THTHTHTH,75,13,0
HTHTHTHT,TTHTHTHT,75,14,1
HHHHHHHH,HTTTTTTT,75,15,0
THHTHHTH,THHTHHTT,75,16,0
HTHHTHHT,HTHHHHHT,75,17,0
HHHHHHHH,TTTTTTTH,75,18,0
TH,HH,75,19,0
TTTHTHTH,HHHTHHHT,75,20,1
HTHTHHHT,HTHTHTHT,75,21,0
HHHHHTHT,TTTTTHHH,75,22,1
THHTHHTH,THHHHHTH,75,23,1
HTHTHTHT,HHHTHTHT,75,24,1
THTHTHTH,HTHTHTTT,75,25,1
TTTHHHHH,HTHTTTTT,75,26,1
HHTHHTHH,THHTTHTT,75,27,1
HTTTTTHT,HTTHTTHT,75,28,0
TT,TH,75,29,0
HTHTHTHT,HTHTTTHT,75,30,0
HHTHHTTT,HHTHHTHH,75,31,0
HHHHHTTT,TTTTTHTH,75,32,1
THTTHTTH,THTTTTTH,75,33,0
HHHTTTTT,THTHHHHH,75,34,0
THTHTHTH,THHHTHTH,75,35,0
HTTTHTTT,THTHTHHH,75,36,1
TTTHHTHH,HHTHHTHH,75,37,0
TTTHHTTT,HTHTHTHT,75,38,0
HTTHTTTT,HTTHTHTT,75,39,0
TTTHTTTT,HHHHHHHH,75,40,1
HHHHHHH,HTTTTTT,75,41,0
HHTTTHHH,THTHTHTH,75,42,0
HHH,HHT,75,43,1
HHTHTHHT,HHHHTHHT,75,44,0
THH,HHH,75,45,0
HHHHHHH,TTTTTTH,75,46,0
HHTHHTHH,TTHHTHTT,75,47,0
HTT,TTT,75,48,1
THHTHHHH,THHTHHTH,75,49,1
HHHHHHT,TTTTTTT,75,50,1
HTTHTTTT,HTTHTTHT,75,51,1
HTHTHHHT,TTTHTTTH,75,52,0
TTH,TTT,75,53,1
HTHTHTHT,TTTHHHHH,75,54,0
HTHHTHHT,HTHTTHHT,75,55,1
THHTHHTH,THHTTHTH,75,56,0
THTTHTTH,TTTTHTTH,75,57,0
THTHTHTH,THTHTHHH,75,58,0
THHHHHH,TTTTTTT,75,59,1
THTHTHTH,TTTHHTTT,75,60,1
HTHTHTTT,HTHTHTHT,75,61,1
HTTHHTHT,HTTHTTHT,75,62,1
HTHTTHTH,HHTHHTHH,75,63,1
TTHTTHTT,HHTHHTHT,75,64,1
HTHTHTHT,HTHTTTTH,76,1,0
TT,HT,76,2,0
HHHTTHHH,TTTTTTTT,76,3,1
HTHTHTHT,HHHTTTHH,76,4,0
THTHTHTH,HTHTHHHT,76,5,0
TTHTTHTT,TTHTTTTT,76,6,1
HH,HT,76,7,0
HHHHHHHT,TTTTTTTT,76,8,1
HHHHTHHH,HHHHHHHH,76,9,1
TTHHTHHT,HTHHTHHT,76,10,0
HHHHTHHT,HTHHTHHT,76,11,0
TTTTTTTT,THHHHHHH,76,12,0
THTHTHTH,HHHTHTHT,76,13,0
TTHTHTHT,HTHTHTHT,76,14,1
HHHHHHHH,HTTTTTTT,76,15,0
THHTHHTH,THHTHHTT,76,16,0
HTHHHHHT,HTHHTHHT,76,17,1
HHHHHHHH,TTTTTTTH,76,18,0
HH,TH,76,19,0
HHHTHHHT,TTTHTHTH,76,20,0
HTHTHHHT,HTHTHTHT,76,21,1
TTTTTHHH,HHHHHTHT,76,22,0
THHTHHTH,THHHHHTH,76,23,1
HTHTHTHT,HHHTHTHT,76,24,0
THTHTHTH,HTHTHTTT,76,25,0
TTTHHHHH,HTHTTTTT,76,26,0
HHTHHTHH,THHTTHTT,76,27,0
HTTTTTHT,HTTHTTHT,76,28,1
TT,TH,76,29,0
HTHTHTHT,HTHTTTHT,76,30,0
HHTHHTTT,HHTHHTHH,76,31,1
HHHHHTTT,TTTTTHTH,76,32,0
THTTHTTH,THTTTTTH,76,33,1
THTHHHHH,HHHTTTTT,76,34,1
THHHTHTH,THTHTHTH,76,35,1
THTHTHHH,HTTTHTTT,76,36,1
HHTHHTHH,TTTHHTHH,76,37,0
HTHTHTHT,TTTHHTTT,76,38,0
HTTHTTTT,HTTHTHTT,76,39,0
TTTHTTTT,HHHHHHHH,76,40,1
HHHHHHH,HTTTTTT,76,41,0
HHTTTHHH,THTHTHTH,76,42,1
HHT,HHH,76,43,1
HHHHTHHT,HHTHTHHT,76,44,1
HHH,THH,76,45,0
HHHHHHH,TTTTTTH,76,46,0
TTHHTHTT,HHTHHTHH,76,47,1
TTT,HTT,76,48,0
THHTHHHH,THHTHHTH,76,49,0
HHHHHHT,TTTTTTT,76,50,1
HTTHTTTT,HTTHTTHT,76,51,1
HTHTHHHT,TTTHTTTH,76,52,1
TTT,TTH,76,53,0
HTHTHTHT,TTTHHHHH,76,54,1
HTHHTHHT,HTHTTHHT,76,55,1
THHTTHTH,THHTHHTH,76,56,1
THTTHTTH,TTTTHTTH,76,57,0
THTHTHTH,THTHTHHH,76,58,0
THHHHHH,TTTTTTT,76,59,1
THTHTHTH,TTTHHTTT,76,60,0
HTHTHTHT,HTHTHTTT,76,61,0
HTTHHTHT,HTTHTTHT,76,62,0
HTHTTHTH,HHTHHTHH,76,63,0
HHTHHTHT,TTHTTHTT,76,64,1
HTHTTTTH,HTHTHTHT,77,1,1
TT,HT,77,2,1
HHHTTHHH,TTTTTTTT,77,3,1
HTHTHTHT,HHHTTTHH,77,4,0
THTHTHTH,HTHTHHHT,77,5,0
TTHTTTTT,TTHTTHTT,77,6,1
HH,HT,77,7,0
TTTTTTTT,HHHHHHHT,77,8,0
HHHHTHHH,HHHHHHHH,77,9,1
TTHHTHHT,HTHHTHHT,77,10,0
HHHHTHHT,HTHHTHHT,77,11,1
TTTTTTTT,THHHHHHH,77,12,0
THTHTHTH,HHHTHTHT,77,13,0
HTHTHTHT,TTHTHTHT,77,14,0
HTTTTTTT,HHHHHHHH,77,15,1
THHTHHTH,THHTHHTT,77,16,0
HTHHHHHT,HTHHTHHT,77,17,0
TTTTTTTH,HHHHHHHH,77,18,1
TH,HH,77,19,0
HHHTHHHT,TTTHTHTH,77,20,1
HTHTHTHT,HTHTHHHT,77,21,0
HHHHHTHT,TTTTTHHH,77,22,1
THHTHHTH,THHHHHTH,77,23,0
HTHTHTHT,HHHTHTHT,77,24,0
THTHTHTH,HTHTHTTT,77,25,0
TTTHHHHH,HTHTTTTT,77,26,0
THHTTHTT,HHTHHTHH,77,27,1
HTTHTTHT,HTTTTTHT,77,28,0
TT,TH,77,29,0
HTHTTTHT,HTHTHTHT,77,30,1
HHTHHTTT,HHTHHTHH,77,31,1
HHHHHTTT,TTTTTHTH,77,32,0
THTTTTTH,THTTHTTH,77,33,1
HHHTTTTT,THTHHHHH,77,34,0
THHHTHTH,THTHTHTH,77,35,1
HTTTHTTT,THTHTHHH,77,36,1
TTTHHTHH,HHTHHTHH,77,37,1
HTHTHTHT,TTTHHTTT,77,38,0
HTTHTTTT,HTTHTHTT,77,39,1
HHHHHHHH,TTTHTTTT,77,40,0
HTTTTTT,HHHHHHH,77,41,1
THTHTHTH,HHTTTHHH,77,42,0
HHT,HHH,77,43,1
HHTHTHHT,HHHHTHHT,77,44,0
THH,HHH,77,45,1
HHHHHHH,TTTTTTH,77,46,0
TTHHTHTT,HHTHHTHH,77,47,1
HTT,TTT,77,48,1
THHTHHTH,THHTHHHH,77,49,1
TTTTTTT,HHHHHHT,77,50,0
HTTHTTHT,HTTHTTTT,77,51,1
TTTHTTTH,HTHTHHHT,77,52,0
TTT,TTH,77,53,0
TTTHHHHH,HTHTHTHT,77,54,1
HTHTTHHT,HTHHTHHT,77,55,1
THHTTHTH,THHTHHTH,77,56,1
THTTHTTH,TTTTHTTH,77,57,0
THTHTHHH,THTHTHTH,77,58,1
THHHHHH,TTTTTTT,77,59,1
TTTHHTTT,THTHTHTH,77,60,1
HTHTHTHT,HTHTHTTT,77,61,0
HTTHHTHT,HTTHTTHT,77,62,1
HTHTTHTH,HHTHHTHH,77,63,0
HHTHHTHT,TTHTTHTT,77,64,0
HTHTTTTH,HTHTHTHT,78,1,1
TT,HT,78,2,0
TTTTTTTT,HHHTTHHH,78,3,0
HTHTHTHT,HHHTTTHH,78,4,1
THTHTHTH,HTHTHHHT,78,5,0
TTHTTTTT,TTHTTHTT,78,6,0
HH,HT,78,7,0
TTTTTTTT,HHHHHHHT,78,8,0
HHHHHHHH,HHHHTHHH,78,9,0
HTHHTHHT,TTHHTHHT,78,10,1
HHHHTHHT,HTHHTHHT,78,11,0
TTTTTTTT,THHHHHHH,78,12,0
THTHTHTH,HHHTHTHT,78,13,0
TTHTHTHT,HTHTHTHT,78,14,1
HHHHHHHH,HTTTTTTT,78,15,0
THHTHHTH,THHTHHTT,78,16,1
HTHHTHHT,HTHHHHHT,78,17,1
HHHHHHHH,TTTTTTTH,78,18,0
HH,TH,78,19,0
HHHTHHHT,TTTHTHTH,78,20,0
HTHTHTHT,HTHTHHHT,78,21,0
TTTTTHHH,HHHHHTHT,78,22,0
THHHHHTH,THHTHHTH,78,23,0
HTHTHTHT,HHHTHTHT,78,24,0
HTHTHTTT,THTHTHTH,78,25,1
HTHTTTTT,TTTHHHHH,78,26,1
THHTTHTT,HHTHHTHH,78,27,1
HTTHTTHT,HTTTTTHT,78,28,1
TH,TT,78,29,1
HTHTTTHT,HTHTHTHT,78,30,1
HHTHHTHH,HHTHHTTT,78,31,0
TTTTTHTH,HHHHHTTT,78,32,1
THTTHTTH,THTTTTTH,78,33,1
THTHHHHH,HHHTTTTT,78,34,1
THTHTHTH,THHHTHTH,78,35,0
THTHTHHH,HTTTHTTT,78,36,0
TTTHHTHH,HHTHHTHH,78,37,0
TTTHHTTT,HTHTHTHT,78,38,1
HTTHTTTT,HTTHTHTT,78,39,0
TTTHTTTT,HHHHHHHH,78,40,1
HHHHHHH,HTTTTTT,78,41,0
THTHTHTH,HHTTTHHH,78,42,0
HHT,HHH,78,43,1
HHTHTHHT,HHHHTHHT,78,44,1
THH,HHH,78,45,1
HHHHHHH,TTTTTTH,78,46,0
TTHHTHTT,HHTHHTHH,78,47,1
HTT,TTT,78,48,1
THHTHHTH,THHTHHHH,78,49,1
HHHHHHT,TTTTTTT,78,50,1
HTTHTTTT,HTTHTTHT,78,51,0
TTTHTTTH,HTHTHHHT,78,52,0
TTT,TTH,78,53,0
TTTHHHHH,HTHTHTHT,78,54,0
HTHHTHHT,HTHTTHHT,78,55,1
THHTHHTH,THHTTHTH,78,56,0
TTTTHTTH,THTTHTTH,78,57,0
THTHTHTH,THTHTHHH,78,58,0
TTTTTTT,THHHHHH,78,59,0
THTHTHTH,TTTHHTTT,78,60,0
HTHTHTTT,HTHTHTHT,78,61,1
HTTHTTHT,HTTHHTHT,78,62,0
HHTHHTHH,HTHTTHTH,78,63,0
HHTHHTHT,TTHTTHTT,78,64,1
HTHTTTTH,HTHTHTHT,79,1,1
HT,TT,79,2,1
HHHTTHHH,TTTTTTTT,79,3,1
HHHTTTHH,HTHTHTHT,79,4,1
THTHTHTH,HTHTHHHT,79,5,0
TTHTTTTT,TTHTTHTT,79,6,0
HH,HT,79,7,1
TTTTTTTT,HHHHHHHT,79,8,0
HHHHHHHH,HHHHTHHH,79,9,0
HTHHTHHT,TTHHTHHT,79,10,0
HHHHTHHT,HTHHTHHT,79,11,0
THHHHHHH,TTTTTTTT,79,12,1
THTHTHTH,HHHTHTHT,79,13,0
HTHTHTHT,TTHTHTHT,79,14,0
HHHHHHHH,HTTTTTTT,79,15,0
THHTHHTH,THHTHHTT,79,16,0
HTHHTHHT,HTHHHHHT,79,17,0
TTTTTTTH,HHHHHHHH,79,18,1
HH,TH,79,19,0
HHHTHHHT,TTTHTHTH,79,20,0
HTHTHTHT,HTHTHHHT,79,21,0
TTTTTHHH,HHHHHTHT,79,22,0
THHTHHTH,THHHHHTH,79,23,1
HTHTHTHT,HHHTHTHT,79,24,0
THTHTHTH,HTHTHTTT,79,25,0
TTTHHHHH,HTHTTTTT,79,26,1
HHTHHTHH,THHTTHTT,79,27,0
HTTTTTHT,HTTHTTHT,79,28,1
TT,TH,79,29,0
HTHTTTHT,HTHTHTHT,79,30,1
HHTHHTHH,HHTHHTTT,79,31,0
HHHHHTTT,TTTTTHTH,79,32,0
THTTHTTH,THTTTTTH,79,33,1
THTHHHHH,HHHTTTTT,79,34,1
THTHTHTH,THHHTHTH,79,35,0
THTHTHHH,HTTTHTTT,79,36,0
HHTHHTHH,TTTHHTHH,79,37,1
HTHTHTHT,TTTHHTTT,79,38,0
HTTHTTTT,HTTHTHTT,79,39,1
HHHHHHHH,TTTHTTTT,79,40,0
HTTTTTT,HHHHHHH,79,41,1
THTHTHTH,HHTTTHHH,79,42,0
HHH,HHT,79,43,0
HHHHTHHT,HHTHTHHT,79,44,0
HHH,THH,79,45,0
TTTTTTH,HHHHHHH,79,46,1
HHTHHTHH,TTHHTHTT,79,47,0
TTT,HTT,79,48,0
THHTHHTH,THHTHHHH,79,49,1
TTTTTTT,HHHHHHT,79,50,0
HTTHTTTT,HTTHTTHT,79,51,1
TTTHTTTH,HTHTHHHT,79,52,0
TTT,TTH,79,53,0
HTHTHTHT,TTTHHHHH,79,54,0
HTHTTHHT,HTHHTHHT,79,55,0
THHTHHTH,THHTTHTH,79,56,0
THTTHTTH,TTTTHTTH,79,57,0
THTHTHTH,THTHTHHH,79,58,0
TTTTTTT,THHHHHH,79,59,0
THTHTHTH,TTTHHTTT,79,60,0
HTHTHTHT,HTHTHTTT,79,61,0
HTTHHTHT,HTTHTTHT,79,62,1
HHTHHTHH,HTHTTHTH,79,63,1
HHTHHTHT,TTHTTHTT,79,64,1
