{
  "posteriors": {
    "prototype_similarity": 0.712129,
    "encoding_compressibility": 0.0,
    "bayesian_diagnosticity": 0.287871
  },
  "elpd_loo": {
    "prototype_similarity": -420.1955,
    "encoding_compressibility": -457.876,
    "bayesian_diagnosticity": -421.1012
  },
  "n_trials": 800,
  "comparison": {
    "prototype_similarity": {
      "rank": 0,
      "elpd_loo": -420.19545416453025,
      "elpd_diff": 0.0,
      "dse": 0.0,
      "weight": 0.9254675864185291
    },
    "bayesian_diagnosticity": {
      "rank": 1,
      "elpd_loo": -421.1011999310017,
      "elpd_diff": 0.9057457664714264,
      "dse": 1.4186828319930838,
      "weight": 0.0
    },
    "encoding_compressibility": {
      "rank": 2,
      "elpd_loo": -457.8760351118274,
      "elpd_diff": 37.68058094729713,
      "dse": 9.105305018158498,
      "weight": 0.07453241358147103
    }
  }
}