experiment,condition,objects,query,utterance,object,n,count,observed,literal_listener,rsa_l1,rsa_l2,rsa_l1_salience,rsa_l1_shared_prior
E10_oddman,patch,"[[0,1,1],[1,0,1],[1,1,0]]",utterance,2,0,93,38,0.40860215053763443,0.49301525950431824,0.49305346608161926,0.4930361211299896,0.49304530024528503,0.4930337369441986
E10_oddman,patch,"[[0,1,1],[1,0,1],[1,1,0]]",utterance,2,1,93,48,0.5161290322580645,0.49301525950431824,0.49305346608161926,0.4930361211299896,0.49304530024528503,0.4930337369441986
E10_oddman,patch,"[[0,1,1],[1,0,1],[1,1,0]]",utterance,2,2,93,7,0.07526881720430108,0.013969377614557743,0.01389267761260271,0.013927912339568138,0.013909602537751198,0.013932580128312111
E10_oddman,prior,"[[0,1,1],[1,0,1],[1,1,0]]",prior,-1,0,87,27,0.3103448275862069,0.3333328664302826,0.3333328664302826,0.3333328664302826,0.3333328664302826,0.3333328664302826
E10_oddman,prior,"[[0,1,1],[1,0,1],[1,1,0]]",prior,-1,1,87,35,0.40229885057471265,0.3333328664302826,0.3333328664302826,0.3333328664302826,0.3333328664302826,0.3333328664302826
E10_oddman,prior,"[[0,1,1],[1,0,1],[1,1,0]]",prior,-1,2,87,25,0.28735632183908044,0.3333328664302826,0.3333328664302826,0.3333328664302826,0.3333328664302826,0.3333328664302826
E10_oddman,word,"[[0,1,1],[1,0,1],[1,1,0]]",utterance,2,0,89,34,0.38202247191011235,0.49301525950431824,0.49305346608161926,0.4930362105369568,0.49304530024528503,0.4930337071418762
E10_oddman,word,"[[0,1,1],[1,0,1],[1,1,0]]",utterance,2,1,89,40,0.449438202247191,0.49301525950431824,0.49305346608161926,0.4930362105369568,0.49304530024528503,0.4930337071418762
E10_oddman,word,"[[0,1,1],[1,0,1],[1,1,0]]",utterance,2,2,89,15,0.16853932584269662,0.013969375751912594,0.013892678543925285,0.013927911408245564,0.013909603469073772,0.013932580128312111
E1_dv,forced_choice,"[[0,0],[0,1],[1,1]]",utterance,1,0,248,13,0.05241935483870968,0.01396937482059002,0.01389267947524786,0.013927909545600414,0.013909605331718922,0.01393258199095726
E1_dv,forced_choice,"[[0,0],[0,1],[1,1]]",utterance,1,1,248,196,0.7903225806451613,0.49301525950431824,0.7225952744483948,0.7339761257171631,0.7306921482086182,0.7349415421485901
E1_dv,forced_choice,"[[0,0],[0,1],[1,1]]",utterance,1,2,248,39,0.15725806451612903,0.49301525950431824,0.26351216435432434,0.25209590792655945,0.2553980350494385,0.25112563371658325
E2_manip_check,manip_check,"[[0,0],[0,1],[1,1]]",utterance,1,0,306,13,0.042483660130718956,0.01396937482059002,0.013892678543925285,0.013927911408245564,0.013909603469073772,0.013932580128312111
E2_manip_check,manip_check,"[[0,0],[0,1],[1,1]]",utterance,1,1,306,253,0.826797385620915,0.49301525950431824,0.7225952744483948,0.7339760065078735,0.7306922674179077,0.7349415421485901
E2_manip_check,manip_check,"[[0,0],[0,1],[1,1]]",utterance,1,2,306,40,0.13071895424836602,0.49301525950431824,0.26351216435432434,0.25209590792655945,0.2553980350494385,0.25112563371658325
E2_manip_check,no_manip_check,"[[0,0],[0,1],[1,1]]",utterance,1,0,207,4,0.01932367149758454,0.013969377614557743,0.013892678543925285,0.013927911408245564,0.013909603469073772,0.013932580128312111
E2_manip_check,no_manip_check,"[[0,0],[0,1],[1,1]]",utterance,1,1,207,160,0.7729468599033816,0.49301522970199585,0.7225952744483948,0.7339761257171631,0.7306920886039734,0.7349414825439453
E2_manip_check,no_manip_check,"[[0,0],[0,1],[1,1]]",utterance,1,2,207,43,0.20772946859903382,0.49301522970199585,0.26351213455200195,0.25209593772888184,0.2553980350494385,0.25112560391426086
E3_ling_frame,my_X_has,"[[0,0],[0,1],[1,1]]",utterance,1,0,38,0,0.0,0.01396937295794487,0.013892675749957561,0.013927913270890713,0.013909601606428623,0.013932579196989536
E3_ling_frame,my_X_has,"[[0,0],[0,1],[1,1]]",utterance,1,1,38,31,0.8157894736842105,0.49301519989967346,0.7225952744483948,0.7339761257171631,0.7306921482086182,0.7349416613578796
E3_ling_frame,my_X_has,"[[0,0],[0,1],[1,1]]",utterance,1,2,38,7,0.18421052631578946,0.49301519989967346,0.2635122537612915,0.25209593772888184,0.2553980052471161,0.25112560391426086
E3_ling_frame,one_word,"[[0,0],[0,1],[1,1]]",utterance,1,0,51,3,0.058823529411764705,0.013969373889267445,0.013892676681280136,0.013927913270890713,0.013909601606428623,0.013932578265666962
E3_ling_frame,one_word,"[[0,0],[0,1],[1,1]]",utterance,1,1,51,41,0.803921568627451,0.49301519989967346,0.7225952744483948,0.7339759469032288,0.7306923270225525,0.7349417209625244
E3_ling_frame,one_word,"[[0,0],[0,1],[1,1]]",utterance,1,2,51,7,0.13725490196078433,0.49301519989967346,0.26351219415664673,0.25209590792655945,0.2553980350494385,0.25112566351890564
E4_prior_frame,action,"[[0,0],[0,1],[1,1]]",prior,-1,0,87,37,0.42528735632183906,0.3333328664302826,0.3333328664302826,0.3333328664302826,0.3573167324066162,0.3663599491119385
E4_prior_frame,action,"[[0,0],[0,1],[1,1]]",prior,-1,1,87,14,0.16091954022988506,0.3333328664302826,0.3333328664302826,0.3333328664302826,0.3326868712902069,0.3321823179721832
E4_prior_frame,action,"[[0,0],[0,1],[1,1]]",prior,-1,2,87,36,0.41379310344827586,0.3333328664302826,0.3333328664302826,0.3333328664302826,0.30999645590782166,0.3014577031135559
E4_prior_frame,mumble,"[[0,0],[0,1],[1,1]]",prior,-1,0,88,27,0.3068181818181818,0.33333295583724976,0.33333295583724976,0.33333295583724976,0.3573167026042938,0.36635997891426086
E4_prior_frame,mumble,"[[0,0],[0,1],[1,1]]",prior,-1,1,88,22,0.25,0.33333295583724976,0.33333295583724976,0.33333295583724976,0.3326868414878845,0.3321823477745056
E4_prior_frame,mumble,"[[0,0],[0,1],[1,1]]",prior,-1,2,88,39,0.4431818181818182,0.33333295583724976,0.33333295583724976,0.33333295583724976,0.3099965453147888,0.30145764350891113
E5_baserate,inference_baserate_0.11,"[[0,0],[0,1],[1,1]]",utterance,1,0,72,6,0.08333333333333333,0.01396937482059002,0.013892678543925285,0.013927911408245564,0.013909603469073772,0.013932579196989536
E5_baserate,inference_baserate_0.11,"[[0,0],[0,1],[1,1]]",utterance,1,1,72,54,0.75,0.49301522970199585,0.7225952744483948,0.7339760065078735,0.49000686407089233,0.47728076577186584
E5_baserate,inference_baserate_0.11,"[[0,0],[0,1],[1,1]]",utterance,1,2,72,12,0.16666666666666666,0.49301522970199585,0.26351216435432434,0.25209590792655945,0.49608346819877625,0.5087867379188538
E5_baserate,inference_baserate_0.33,"[[0,0],[0,1],[1,1]]",utterance,1,0,63,1,0.015873015873015872,0.01396937295794487,0.013892674818634987,0.013927915133535862,0.013909599743783474,0.013932579196989536
E5_baserate,inference_baserate_0.33,"[[0,0],[0,1],[1,1]]",utterance,1,1,63,51,0.8095238095238095,0.49301522970199585,0.7225952744483948,0.7339758276939392,0.6586104035377502,0.6550367474555969
E5_baserate,inference_baserate_0.33,"[[0,0],[0,1],[1,1]]",utterance,1,2,63,11,0.1746031746031746,0.49301522970199585,0.26351216435432434,0.25209593772888184,0.3274800777435303,0.33103033900260925
E5_baserate,inference_baserate_0.44,"[[0,0],[0,1],[1,1]]",utterance,1,0,68,2,0.029411764705882353,0.013969373889267445,0.013892676681280136,0.013927914202213287,0.013909600675106049,0.013932578265666962
E5_baserate,inference_baserate_0.44,"[[0,0],[0,1],[1,1]]",utterance,1,1,68,60,0.8823529411764706,0.49301522970199585,0.7225952744483948,0.733975887298584,0.7907264828681946,0.8023231625556946
E5_baserate,inference_baserate_0.44,"[[0,0],[0,1],[1,1]]",utterance,1,2,68,6,0.08823529411764706,0.49301522970199585,0.26351213455200195,0.25209593772888184,0.19536375999450684,0.1837438941001892
E5_baserate,inference_baserate_0.77,"[[0,0],[0,1],[1,1]]",utterance,1,0,75,1,0.013333333333333334,0.013969376683235168,0.01389267761260271,0.013927912339568138,0.013909602537751198,0.013932579196989536
E5_baserate,inference_baserate_0.77,"[[0,0],[0,1],[1,1]]",utterance,1,1,75,70,0.9333333333333333,0.49301522970199585,0.7225952744483948,0.7339759469032288,0.8750013113021851,0.8943681716918945
E5_baserate,inference_baserate_0.77,"[[0,0],[0,1],[1,1]]",utterance,1,2,75,4,0.05333333333333334,0.49301522970199585,0.26351213455200195,0.25209590792655945,0.11108919978141785,0.09169928729534149
E5_baserate,prior_baserate_0.11,"[[0,0],[0,1],[1,1]]",prior,-1,0,53,2,0.03773584905660377,0.3333328664302826,0.3333328664302826,0.3333328664302826,0.22607794404029846,0.246830016374588
E5_baserate,prior_baserate_0.11,"[[0,0],[0,1],[1,1]]",prior,-1,1,53,10,0.18867924528301888,0.3333328664302826,0.3333328664302826,0.3333328664302826,0.21085169911384583,0.2242351770401001
E5_baserate,prior_baserate_0.11,"[[0,0],[0,1],[1,1]]",prior,-1,2,53,41,0.7735849056603774,0.3333328664302826,0.3333328664302826,0.3333328664302826,0.5630702972412109,0.5289347171783447
E5_baserate,prior_baserate_0.33,"[[0,0],[0,1],[1,1]]",prior,-1,0,57,3,0.05263157894736842,0.333332896232605,0.333332896232605,0.333332896232605,0.24579672515392303,0.2632279694080353
E5_baserate,prior_baserate_0.33,"[[0,0],[0,1],[1,1]]",prior,-1,1,57,23,0.40350877192982454,0.333332896232605,0.333332896232605,0.333332896232605,0.32418715953826904,0.32751038670539856
E5_baserate,prior_baserate_0.33,"[[0,0],[0,1],[1,1]]",prior,-1,2,57,31,0.543859649122807,0.333332896232605,0.333332896232605,0.333332896232605,0.43001607060432434,0.40926164388656616
E5_baserate,prior_baserate_0.44,"[[0,0],[0,1],[1,1]]",prior,-1,0,49,6,0.12244897959183673,0.33333292603492737,0.33333292603492737,0.33333292603492737,0.24343344569206238,0.26015064120292664
E5_baserate,prior_baserate_0.44,"[[0,0],[0,1],[1,1]]",prior,-1,1,49,20,0.40816326530612246,0.33333292603492737,0.33333292603492737,0.33333292603492737,0.45741042494773865,0.44612759351730347
E5_baserate,prior_baserate_0.44,"[[0,0],[0,1],[1,1]]",prior,-1,2,49,23,0.46938775510204084,0.33333292603492737,0.33333292603492737,0.33333292603492737,0.29915595054626465,0.2937217056751251
E5_baserate,prior_baserate_0.77,"[[0,0],[0,1],[1,1]]",prior,-1,0,51,1,0.0196078431372549,0.333332896232605,0.333332896232605,0.333332896232605,0.22002072632312775,0.2387055605649948
E5_baserate,prior_baserate_0.77,"[[0,0],[0,1],[1,1]]",prior,-1,1,51,31,0.6078431372549019,0.333332896232605,0.333332896232605,0.333332896232605,0.5882947444915771,0.563936173915863
E5_baserate,prior_baserate_0.77,"[[0,0],[0,1],[1,1]]",prior,-1,2,51,19,0.37254901960784315,0.333332896232605,0.333332896232605,0.333332896232605,0.19168458878993988,0.19735834002494812
E6_valence,favorite,"[[0,0],[0,1],[1,1]]",utterance,1,0,176,0,0.0,0.013969375751912594,0.01389267947524786,0.013927910476922989,0.013909604400396347,0.013932580128312111
E6_valence,favorite,"[[0,0],[0,1],[1,1]]",utterance,1,1,176,93,0.5284090909090909,0.49301525950431824,0.7225952744483948,0.7339760065078735,0.7306922674179077,0.7349415421485901
E6_valence,favorite,"[[0,0],[0,1],[1,1]]",utterance,1,2,176,83,0.4715909090909091,0.49301525950431824,0.26351216435432434,0.25209590792655945,0.2553980350494385,0.25112563371658325
E6_valence,favorite_prior,"[[0,0],[0,1],[1,1]]",prior,-1,0,100,8,0.08,0.33333292603492737,0.33333292603492737,0.33333292603492737,0.35731661319732666,0.36635997891426086
E6_valence,favorite_prior,"[[0,0],[0,1],[1,1]]",prior,-1,1,100,21,0.21,0.33333292603492737,0.33333292603492737,0.33333292603492737,0.3326868414878845,0.332182377576828
E6_valence,favorite_prior,"[[0,0],[0,1],[1,1]]",prior,-1,2,100,71,0.71,0.33333292603492737,0.33333292603492737,0.33333292603492737,0.30999651551246643,0.3014576733112335
E6_valence,least_favorite,"[[0,0],[0,1],[1,1]]",utterance,1,0,86,6,0.06976744186046512,0.013969378545880318,0.013892676681280136,0.013927913270890713,0.013909601606428623,0.013932580128312111
E6_valence,least_favorite,"[[0,0],[0,1],[1,1]]",utterance,1,1,86,68,0.7906976744186046,0.49301525950431824,0.7225952744483948,0.733975887298584,0.7306923866271973,0.7349417209625244
E6_valence,least_favorite,"[[0,0],[0,1],[1,1]]",utterance,1,2,86,12,0.13953488372093023,0.49301525950431824,0.26351213455200195,0.25209593772888184,0.2553980052471161,0.25112563371658325
E6_valence,least_favorite_prior,"[[0,0],[0,1],[1,1]]",prior,-1,0,116,92,0.7931034482758621,0.33333292603492737,0.33333292603492737,0.33333292603492737,0.35731661319732666,0.36636000871658325
E6_valence,least_favorite_prior,"[[0,0],[0,1],[1,1]]",prior,-1,1,116,8,0.06896551724137931,0.33333292603492737,0.33333292603492737,0.33333292603492737,0.3326868414878845,0.332182377576828
E6_valence,least_favorite_prior,"[[0,0],[0,1],[1,1]]",prior,-1,2,116,16,0.13793103448275862,0.33333292603492737,0.33333292603492737,0.33333292603492737,0.3099965751171112,0.30145761370658875
E7_color,inference_color_foil,"[[0,0],[0,1],[1,1]]",utterance,1,0,47,2,0.0425531914893617,0.013969372026622295,0.013892673887312412,0.013927915133535862,0.013909599743783474,0.013932579196989536
E7_color,inference_color_foil,"[[0,0],[0,1],[1,1]]",utterance,1,1,47,39,0.8297872340425532,0.49301519989967346,0.7225952744483948,0.7339760065078735,0.7306922674179077,0.7349417805671692
E7_color,inference_color_foil,"[[0,0],[0,1],[1,1]]",utterance,1,2,47,6,0.1276595744680851,0.49301519989967346,0.2635122537612915,0.25209593772888184,0.2553980052471161,0.25112563371658325
E7_color,inference_color_logical,"[[0,0],[0,1],[1,1]]",utterance,1,0,48,3,0.0625,0.013969373889267445,0.01389267761260271,0.013927911408245564,0.013909603469073772,0.013932578265666962
E7_color,inference_color_logical,"[[0,0],[0,1],[1,1]]",utterance,1,1,48,26,0.5416666666666666,0.49301519989967346,0.7225952744483948,0.7339760661125183,0.7306922078132629,0.7349416613578796
E7_color,inference_color_logical,"[[0,0],[0,1],[1,1]]",utterance,1,2,48,19,0.3958333333333333,0.49301519989967346,0.26351216435432434,0.25209590792655945,0.2553980350494385,0.25112566351890564
E7_color,inference_color_none,"[[0,0],[0,1],[1,1]]",utterance,1,0,38,1,0.02631578947368421,0.01396937295794487,0.013892675749957561,0.013927913270890713,0.013909601606428623,0.013932579196989536
E7_color,inference_color_none,"[[0,0],[0,1],[1,1]]",utterance,1,1,38,30,0.7894736842105263,0.49301519989967346,0.7225952744483948,0.7339761257171631,0.7306921482086182,0.7349416613578796
E7_color,inference_color_none,"[[0,0],[0,1],[1,1]]",utterance,1,2,38,7,0.18421052631578946,0.49301519989967346,0.2635122537612915,0.25209593772888184,0.2553980052471161,0.25112560391426086
E7_color,inference_color_target,"[[0,0],[0,1],[1,1]]",utterance,1,0,46,1,0.021739130434782608,0.013969372026622295,0.013892673887312412,0.013927914202213287,0.013909600675106049,0.013932579196989536
E7_color,inference_color_target,"[[0,0],[0,1],[1,1]]",utterance,1,1,46,39,0.8478260869565217,0.49301519989967346,0.7225952744483948,0.7339760065078735,0.7306922674179077,0.7349417209625244
E7_color,inference_color_target,"[[0,0],[0,1],[1,1]]",utterance,1,2,46,6,0.13043478260869565,0.49301519989967346,0.2635122239589691,0.25209593772888184,0.2553980052471161,0.25112563371658325
E7_color,prior_color_foil,"[[0,0],[0,1],[1,1]]",prior,-1,0,27,11,0.4074074074074074,0.33333295583724976,0.33333295583724976,0.33333295583724976,0.3573167026042938,0.3663599491119385
E7_color,prior_color_foil,"[[0,0],[0,1],[1,1]]",prior,-1,1,27,2,0.07407407407407407,0.33333295583724976,0.33333295583724976,0.33333295583724976,0.33268678188323975,0.33218228816986084
E7_color,prior_color_foil,"[[0,0],[0,1],[1,1]]",prior,-1,2,27,14,0.5185185185185185,0.33333295583724976,0.33333295583724976,0.33333295583724976,0.3099965453147888,0.30145761370658875
E7_color,prior_color_logical,"[[0,0],[0,1],[1,1]]",prior,-1,0,24,3,0.125,0.33333292603492737,0.33333292603492737,0.33333292603492737,0.35731664299964905,0.36635997891426086
E7_color,prior_color_logical,"[[0,0],[0,1],[1,1]]",prior,-1,1,24,7,0.2916666666666667,0.33333292603492737,0.33333292603492737,0.33333292603492737,0.33268681168556213,0.3321823179721832
E7_color,prior_color_logical,"[[0,0],[0,1],[1,1]]",prior,-1,2,24,14,0.5833333333333334,0.33333292603492737,0.33333292603492737,0.33333292603492737,0.30999651551246643,0.30145764350891113
E7_color,prior_color_target,"[[0,0],[0,1],[1,1]]",prior,-1,0,34,7,0.20588235294117646,0.33333292603492737,0.33333292603492737,0.33333292603492737,0.3573167026042938,0.3663599491119385
E7_color,prior_color_target,"[[0,0],[0,1],[1,1]]",prior,-1,1,34,15,0.4411764705882353,0.33333292603492737,0.33333292603492737,0.33333292603492737,0.33268678188323975,0.33218228816986084
E7_color,prior_color_target,"[[0,0],[0,1],[1,1]]",prior,-1,2,34,12,0.35294117647058826,0.33333292603492737,0.33333292603492737,0.33333292603492737,0.30999651551246643,0.30145764350891113
E8_levels,complex_L0,"[[0,0,1],[0,1,1],[1,1,0]]",utterance,0,0,52,0,0.0,0.01396937295794487,0.013892675749957561,0.013927913270890713,0.013909601606428623,0.013932579196989536
E8_levels,complex_L0,"[[0,0,1],[0,1,1],[1,1,0]]",utterance,0,1,52,2,0.038461538461538464,0.01396937295794487,0.013892675749957561,0.013927913270890713,0.013909601606428623,0.013932579196989536
E8_levels,complex_L0,"[[0,0,1],[0,1,1],[1,1,0]]",utterance,0,2,52,50,0.9615384615384616,0.972061276435852,0.9722146987915039,0.9721441268920898,0.9721803665161133,0.9721345901489258
E8_levels,complex_L1,"[[0,0,1],[0,1,1],[1,1,0]]",utterance,2,0,58,44,0.7586206896551724,0.49301522970199585,0.6527741551399231,0.6845625638961792,0.6683273911476135,0.6780138611793518
E8_levels,complex_L1,"[[0,0,1],[0,1,1],[1,1,0]]",utterance,2,1,58,11,0.1896551724137931,0.49301522970199585,0.333332896232605,0.30150964856147766,0.31776297092437744,0.30805352330207825
E8_levels,complex_L1,"[[0,0,1],[0,1,1],[1,1,0]]",utterance,2,2,58,3,0.05172413793103448,0.013969373889267445,0.01389267761260271,0.013927913270890713,0.013909601606428623,0.013932578265666962
E8_levels,complex_L2,"[[0,0,1],[0,1,1],[1,1,0]]",utterance,1,0,62,4,0.06451612903225806,0.01396937295794487,0.013892675749957561,0.013927914202213287,0.013909600675106049,0.013932579196989536
E8_levels,complex_L2,"[[0,0,1],[0,1,1],[1,1,0]]",utterance,1,1,62,33,0.532258064516129,0.49301522970199585,0.5761517286300659,0.5845367312431335,0.5692328810691833,0.5670928359031677
E8_levels,complex_L2,"[[0,0,1],[0,1,1],[1,1,0]]",utterance,1,2,62,25,0.4032258064516129,0.49301522970199585,0.40995562076568604,0.40153542160987854,0.41685760021209717,0.41897472739219666
E8_levels,complex_prior,"[[0,0,1],[0,1,1],[1,1,0]]",prior,-1,0,78,31,0.3974358974358974,0.3333328664302826,0.3333328664302826,0.3333328664302826,0.34933480620384216,0.355380117893219
E8_levels,complex_prior,"[[0,0,1],[0,1,1],[1,1,0]]",prior,-1,1,78,18,0.23076923076923078,0.3333328664302826,0.3333328664302826,0.3333328664302826,0.3253324031829834,0.3223099708557129
E8_levels,complex_prior,"[[0,0,1],[0,1,1],[1,1,0]]",prior,-1,2,78,29,0.3717948717948718,0.3333328664302826,0.3333328664302826,0.3333328664302826,0.3253324031829834,0.3223099708557129
E8_levels,simple_L0,"[[0,0],[0,1],[1,1]]",utterance,0,0,49,1,0.02040816326530612,0.013969373889267445,0.01389267761260271,0.013927912339568138,0.013909602537751198,0.013932578265666962
E8_levels,simple_L0,"[[0,0],[0,1],[1,1]]",utterance,0,1,49,0,0.0,0.013969373889267445,0.01389267761260271,0.013927912339568138,0.013909602537751198,0.013932578265666962
E8_levels,simple_L0,"[[0,0],[0,1],[1,1]]",utterance,0,2,49,48,0.9795918367346939,0.9720613360404968,0.9722147583961487,0.9721440672874451,0.9721804261207581,0.9721346497535706
E8_levels,simple_L1,"[[0,0],[0,1],[1,1]]",utterance,1,0,46,0,0.0,0.013969372026622295,0.013892673887312412,0.013927914202213287,0.013909600675106049,0.013932579196989536
E8_levels,simple_L1,"[[0,0],[0,1],[1,1]]",utterance,1,1,46,37,0.8043478260869565,0.49301519989967346,0.7225952744483948,0.7339760065078735,0.7306922674179077,0.7349417209625244
E8_levels,simple_L1,"[[0,0],[0,1],[1,1]]",utterance,1,2,46,9,0.1956521739130435,0.49301519989967346,0.2635122239589691,0.25209593772888184,0.2553980052471161,0.25112563371658325
E9_twins,prior,"[[0,1,1],[1,0,1],[1,0,1]]",prior,-1,0,87,48,0.5517241379310345,0.3333328664302826,0.3333328664302826,0.3333328664302826,0.3333328664302826,0.3333328664302826
E9_twins,prior,"[[0,1,1],[1,0,1],[1,0,1]]",prior,-1,1,87,39,0.4482758620689655,0.6666657328605652,0.6666657328605652,0.6666657328605652,0.6666657328605652,0.6666657328605652
E9_twins,twin,"[[0,1,1],[1,0,1],[1,0,1]]",utterance,0,0,46,5,0.10869565217391304,0.013969372026622295,0.013892673887312412,0.013927914202213287,0.013909600675106049,0.013932579196989536
E9_twins,twin,"[[0,1,1],[1,0,1],[1,0,1]]",utterance,0,1,46,41,0.8913043478260869,0.9860303997993469,0.9861070513725281,0.9860723614692688,0.9860907196998596,0.9860675930976868
E9_twins,uniform,"[[0,1,1],[1,0,1],[1,0,1]]",utterance,2,0,60,23,0.38333333333333336,0.3333328664302826,0.25424447655677795,0.26901689171791077,0.2609063386917114,0.267316997051239
E9_twins,uniform,"[[0,1,1],[1,0,1],[1,0,1]]",utterance,2,1,60,37,0.6166666666666667,0.6666657328605652,0.7457553744316101,0.7309831976890564,0.7390937805175781,0.7326827645301819
color_prior_rerun,prior_color_foil,"[[0,0],[0,1],[1,1]]",prior,-1,0,30,14,0.4666666666666667,0.33333295583724976,0.33333295583724976,0.33333295583724976,0.3573167026042938,0.3663599193096161
color_prior_rerun,prior_color_foil,"[[0,0],[0,1],[1,1]]",prior,-1,1,30,5,0.16666666666666666,0.33333295583724976,0.33333295583724976,0.33333295583724976,0.33268675208091736,0.33218225836753845
color_prior_rerun,prior_color_foil,"[[0,0],[0,1],[1,1]]",prior,-1,2,30,11,0.36666666666666664,0.33333295583724976,0.33333295583724976,0.33333295583724976,0.3099965453147888,0.30145758390426636
color_prior_rerun,prior_color_logical,"[[0,0],[0,1],[1,1]]",prior,-1,0,24,10,0.4166666666666667,0.33333292603492737,0.33333292603492737,0.33333292603492737,0.35731664299964905,0.36635997891426086
color_prior_rerun,prior_color_logical,"[[0,0],[0,1],[1,1]]",prior,-1,1,24,2,0.08333333333333333,0.33333292603492737,0.33333292603492737,0.33333292603492737,0.33268681168556213,0.3321823179721832
color_prior_rerun,prior_color_logical,"[[0,0],[0,1],[1,1]]",prior,-1,2,24,12,0.5,0.33333292603492737,0.33333292603492737,0.33333292603492737,0.30999651551246643,0.30145764350891113
color_prior_rerun,prior_color_target,"[[0,0],[0,1],[1,1]]",prior,-1,0,29,12,0.41379310344827586,0.33333295583724976,0.33333295583724976,0.33333295583724976,0.3573167026042938,0.3663599491119385
color_prior_rerun,prior_color_target,"[[0,0],[0,1],[1,1]]",prior,-1,1,29,7,0.2413793103448276,0.33333295583724976,0.33333295583724976,0.33333295583724976,0.33268675208091736,0.33218225836753845
color_prior_rerun,prior_color_target,"[[0,0],[0,1],[1,1]]",prior,-1,2,29,10,0.3448275862068966,0.33333295583724976,0.33333295583724976,0.33333295583724976,0.3099965453147888,0.30145761370658875
levels_prior_action,complex_prior_action,"[[0,0,1],[0,1,1],[1,1,0]]",prior,-1,0,91,46,0.5054945054945055,0.33333292603492737,0.33333292603492737,0.33333292603492737,0.34933480620384216,0.3553800880908966
levels_prior_action,complex_prior_action,"[[0,0,1],[0,1,1],[1,1,0]]",prior,-1,1,91,16,0.17582417582417584,0.33333292603492737,0.33333292603492737,0.33333292603492737,0.3253324031829834,0.3223099708557129
levels_prior_action,complex_prior_action,"[[0,0,1],[0,1,1],[1,1,0]]",prior,-1,2,91,29,0.31868131868131866,0.33333292603492737,0.33333292603492737,0.33333292603492737,0.3253324031829834,0.3223099708557129
md2022_main,filler ambiguous,"[[0,1,0,0,1,0],[0,1,0,0,1,0],[1,0,0,0,0,1]]",utterance,1,0,136,128,0.9411764705882353,0.9860304594039917,0.9861069917678833,0.9860724210739136,0.9860906004905701,0.9860673546791077
md2022_main,filler ambiguous,"[[0,1,0,0,1,0],[0,1,0,0,1,0],[1,0,0,0,0,1]]",utterance,1,2,136,8,0.058823529411764705,0.01396937482059002,0.013892678543925285,0.013927912339568138,0.013909602537751198,0.013932578265666962
md2022_main,filler ambiguous,"[[0,1,0,0,1,0],[0,1,0,0,1,0],[1,0,0,1,0,0]]",utterance,4,0,68,63,0.9264705882352942,0.9860304594039917,0.9861069917678833,0.9860721826553345,0.9860906004905701,0.9860673546791077
md2022_main,filler ambiguous,"[[0,1,0,0,1,0],[0,1,0,0,1,0],[1,0,0,1,0,0]]",utterance,4,2,68,5,0.07352941176470588,0.013969373889267445,0.013892676681280136,0.013927914202213287,0.013909600675106049,0.013932578265666962
md2022_main,filler ambiguous,"[[1,0,0,1,0,0],[1,0,0,1,0,0],[0,1,0,0,0,1]]",utterance,0,0,68,61,0.8970588235294118,0.9860304594039917,0.9861069917678833,0.9860721826553345,0.9860906004905701,0.9860673546791077
md2022_main,filler ambiguous,"[[1,0,0,1,0,0],[1,0,0,1,0,0],[0,1,0,0,0,1]]",utterance,0,2,68,7,0.10294117647058823,0.013969373889267445,0.013892676681280136,0.013927914202213287,0.013909600675106049,0.013932578265666962
md2022_main,filler ambiguous,"[[1,0,0,1,0,0],[1,0,0,1,0,0],[0,1,0,0,0,1]]",utterance,3,0,136,129,0.9485294117647058,0.9860304594039917,0.9861069917678833,0.9860724210739136,0.9860906004905701,0.9860673546791077
md2022_main,filler ambiguous,"[[1,0,0,1,0,0],[1,0,0,1,0,0],[0,1,0,0,0,1]]",utterance,3,2,136,7,0.051470588235294115,0.01396937482059002,0.013892678543925285,0.013927912339568138,0.013909602537751198,0.013932578265666962
md2022_main,filler ambiguous,"[[1,0,0,1,0,0],[1,0,0,1,0,0],[0,1,0,0,1,0]]",utterance,0,0,68,64,0.9411764705882353,0.9860304594039917,0.9861069917678833,0.9860721826553345,0.9860906004905701,0.9860673546791077
md2022_main,filler ambiguous,"[[1,0,0,1,0,0],[1,0,0,1,0,0],[0,1,0,0,1,0]]",utterance,0,2,68,4,0.058823529411764705,0.013969373889267445,0.013892676681280136,0.013927914202213287,0.013909600675106049,0.013932578265666962
md2022_main,filler ambiguous,"[[1,0,0,1,0,0],[1,0,0,1,0,0],[0,1,0,0,1,0]]",utterance,3,0,136,129,0.9485294117647058,0.9860304594039917,0.9861069917678833,0.9860724210739136,0.9860906004905701,0.9860673546791077
md2022_main,filler ambiguous,"[[1,0,0,1,0,0],[1,0,0,1,0,0],[0,1,0,0,1,0]]",utterance,3,2,136,7,0.051470588235294115,0.01396937482059002,0.013892678543925285,0.013927912339568138,0.013909602537751198,0.013932578265666962
md2022_main,filler type a,"[[0,1,0,0,1,0],[0,0,1,0,1,0],[1,0,0,1,0,0]]",utterance,1,0,68,67,0.9852941176470589,0.972061276435852,0.9722147583961487,0.9721440672874451,0.9721805453300476,0.9721347689628601
md2022_main,filler type a,"[[0,1,0,0,1,0],[0,0,1,0,1,0],[1,0,0,1,0,0]]",utterance,1,1,68,0,0.0,0.013969373889267445,0.013892676681280136,0.013927914202213287,0.013909600675106049,0.013932578265666962
md2022_main,filler type a,"[[0,1,0,0,1,0],[0,0,1,0,1,0],[1,0,0,1,0,0]]",utterance,1,2,68,1,0.014705882352941176,0.013969373889267445,0.013892676681280136,0.013927914202213287,0.013909600675106049,0.013932578265666962
md2022_main,filler type a,"[[0,1,0,1,0,0],[0,0,1,1,0,0],[1,0,0,0,1,0]]",utterance,1,0,68,66,0.9705882352941176,0.972061276435852,0.9722147583961487,0.9721440672874451,0.9721805453300476,0.9721347689628601
md2022_main,filler type a,"[[0,1,0,1,0,0],[0,0,1,1,0,0],[1,0,0,0,1,0]]",utterance,1,1,68,1,0.014705882352941176,0.013969373889267445,0.013892676681280136,0.013927914202213287,0.013909600675106049,0.013932578265666962
md2022_main,filler type a,"[[0,1,0,1,0,0],[0,0,1,1,0,0],[1,0,0,0,1,0]]",utterance,1,2,68,1,0.014705882352941176,0.013969373889267445,0.013892676681280136,0.013927914202213287,0.013909600675106049,0.013932578265666962
md2022_main,filler type a,"[[1,0,0,0,1,0],[1,0,0,0,0,1],[0,1,0,1,0,0]]",utterance,4,0,136,135,0.9926470588235294,0.972061276435852,0.9722147583961487,0.9721440672874451,0.9721804261207581,0.9721346497535706
md2022_main,filler type a,"[[1,0,0,0,1,0],[1,0,0,0,0,1],[0,1,0,1,0,0]]",utterance,4,1,136,0,0.0,0.01396937482059002,0.013892678543925285,0.013927912339568138,0.013909602537751198,0.013932578265666962
md2022_main,filler type a,"[[1,0,0,0,1,0],[1,0,0,0,0,1],[0,1,0,1,0,0]]",utterance,4,2,136,1,0.007352941176470588,0.01396937482059002,0.013892678543925285,0.013927912339568138,0.013909602537751198,0.013932578265666962
md2022_main,filler type a,"[[1,0,0,1,0,0],[1,0,0,0,0,1],[0,1,0,0,1,0]]",utterance,3,0,136,135,0.9926470588235294,0.972061276435852,0.9722147583961487,0.9721440672874451,0.9721804261207581,0.9721346497535706
md2022_main,filler type a,"[[1,0,0,1,0,0],[1,0,0,0,0,1],[0,1,0,0,1,0]]",utterance,3,1,136,0,0.0,0.01396937482059002,0.013892678543925285,0.013927912339568138,0.013909602537751198,0.013932578265666962
md2022_main,filler type a,"[[1,0,0,1,0,0],[1,0,0,0,0,1],[0,1,0,0,1,0]]",utterance,3,2,136,1,0.007352941176470588,0.01396937482059002,0.013892678543925285,0.013927912339568138,0.013909602537751198,0.013932578265666962
md2022_main,filler type b,"[[0,1,0,0,1,0],[1,0,0,1,0,0],[1,0,0,0,0,1]]",utterance,1,0,68,68,1.0,0.972061276435852,0.9722147583961487,0.9721440672874451,0.9721805453300476,0.9721347689628601
md2022_main,filler type b,"[[0,1,0,0,1,0],[1,0,0,1,0,0],[1,0,0,0,0,1]]",utterance,1,1,68,0,0.0,0.013969373889267445,0.013892676681280136,0.013927914202213287,0.013909600675106049,0.013932578265666962
md2022_main,filler type b,"[[0,1,0,0,1,0],[1,0,0,1,0,0],[1,0,0,0,0,1]]",utterance,1,2,68,0,0.0,0.013969373889267445,0.013892676681280136,0.013927914202213287,0.013909600675106049,0.013932578265666962
md2022_main,filler type b,"[[0,1,0,1,0,0],[0,0,1,0,1,0],[1,0,0,0,1,0]]",utterance,1,0,68,67,0.9852941176470589,0.972061276435852,0.9722147583961487,0.9721440672874451,0.9721805453300476,0.9721347689628601
md2022_main,filler type b,"[[0,1,0,1,0,0],[0,0,1,0,1,0],[1,0,0,0,1,0]]",utterance,1,1,68,1,0.014705882352941176,0.013969373889267445,0.013892676681280136,0.013927914202213287,0.013909600675106049,0.013932578265666962
md2022_main,filler type b,"[[0,1,0,1,0,0],[0,0,1,0,1,0],[1,0,0,0,1,0]]",utterance,1,2,68,0,0.0,0.013969373889267445,0.013892676681280136,0.013927914202213287,0.013909600675106049,0.013932578265666962
md2022_main,filler type b,"[[0,1,0,1,0,0],[1,0,0,0,0,1],[1,0,0,0,1,0]]",utterance,3,0,68,68,1.0,0.972061276435852,0.9722147583961487,0.9721440672874451,0.9721805453300476,0.9721347689628601
md2022_main,filler type b,"[[0,1,0,1,0,0],[1,0,0,0,0,1],[1,0,0,0,1,0]]",utterance,3,1,68,0,0.0,0.013969373889267445,0.013892676681280136,0.013927914202213287,0.013909600675106049,0.013932578265666962
md2022_main,filler type b,"[[0,1,0,1,0,0],[1,0,0,0,0,1],[1,0,0,0,1,0]]",utterance,3,2,68,0,0.0,0.013969373889267445,0.013892676681280136,0.013927914202213287,0.013909600675106049,0.013932578265666962
md2022_main,filler type b,"[[1,0,0,0,1,0],[0,1,0,1,0,0],[0,0,1,1,0,0]]",utterance,4,0,68,67,0.9852941176470589,0.972061276435852,0.9722147583961487,0.9721440672874451,0.9721805453300476,0.9721347689628601
md2022_main,filler type b,"[[1,0,0,0,1,0],[0,1,0,1,0,0],[0,0,1,1,0,0]]",utterance,4,1,68,1,0.014705882352941176,0.013969373889267445,0.013892676681280136,0.013927914202213287,0.013909600675106049,0.013932578265666962
md2022_main,filler type b,"[[1,0,0,0,1,0],[0,1,0,1,0,0],[0,0,1,1,0,0]]",utterance,4,2,68,0,0.0,0.013969373889267445,0.013892676681280136,0.013927914202213287,0.013909600675106049,0.013932578265666962
md2022_main,filler type b,"[[1,0,0,1,0,0],[0,0,1,0,1,0],[0,1,0,0,1,0]]",utterance,3,0,68,68,1.0,0.972061276435852,0.9722147583961487,0.9721440672874451,0.9721805453300476,0.9721347689628601
md2022_main,filler type b,"[[1,0,0,1,0,0],[0,0,1,0,1,0],[0,1,0,0,1,0]]",utterance,3,1,68,0,0.0,0.013969373889267445,0.013892676681280136,0.013927914202213287,0.013909600675106049,0.013932578265666962
md2022_main,filler type b,"[[1,0,0,1,0,0],[0,0,1,0,1,0],[0,1,0,0,1,0]]",utterance,3,2,68,0,0.0,0.013969373889267445,0.013892676681280136,0.013927914202213287,0.013909600675106049,0.013932578265666962
md2022_main,filler type b,"[[1,0,0,1,0,0],[0,1,0,0,1,0],[0,1,0,0,0,1]]",utterance,0,0,68,68,1.0,0.972061276435852,0.9722147583961487,0.9721440672874451,0.9721805453300476,0.9721347689628601
md2022_main,filler type b,"[[1,0,0,1,0,0],[0,1,0,0,1,0],[0,1,0,0,0,1]]",utterance,0,1,68,0,0.0,0.013969373889267445,0.013892676681280136,0.013927914202213287,0.013909600675106049,0.013932578265666962
md2022_main,filler type b,"[[1,0,0,1,0,0],[0,1,0,0,1,0],[0,1,0,0,0,1]]",utterance,0,2,68,0,0.0,0.013969373889267445,0.013892676681280136,0.013927914202213287,0.013909600675106049,0.013932578265666962
md2022_main,filler type c,"[[0,1,0,0,1,0],[0,1,0,1,0,0],[0,0,1,1,0,0]]",utterance,4,0,136,134,0.9852941176470589,0.972061276435852,0.9722147583961487,0.9721440672874451,0.9721804261207581,0.9721346497535706
md2022_main,filler type c,"[[0,1,0,0,1,0],[0,1,0,1,0,0],[0,0,1,1,0,0]]",utterance,4,1,136,1,0.007352941176470588,0.01396937482059002,0.013892678543925285,0.013927912339568138,0.013909602537751198,0.013932578265666962
md2022_main,filler type c,"[[0,1,0,0,1,0],[0,1,0,1,0,0],[0,0,1,1,0,0]]",utterance,4,2,136,1,0.007352941176470588,0.01396937482059002,0.013892678543925285,0.013927912339568138,0.013909602537751198,0.013932578265666962
md2022_main,filler type c,"[[0,1,0,0,1,0],[1,0,0,0,1,0],[1,0,0,0,0,1]]",utterance,1,0,136,134,0.9852941176470589,0.972061276435852,0.9722147583961487,0.9721440672874451,0.9721804261207581,0.9721346497535706
md2022_main,filler type c,"[[0,1,0,0,1,0],[1,0,0,0,1,0],[1,0,0,0,0,1]]",utterance,1,1,136,0,0.0,0.01396937482059002,0.013892678543925285,0.013927912339568138,0.013909602537751198,0.013932578265666962
md2022_main,filler type c,"[[0,1,0,0,1,0],[1,0,0,0,1,0],[1,0,0,0,0,1]]",utterance,1,2,136,2,0.014705882352941176,0.01396937482059002,0.013892678543925285,0.013927912339568138,0.013909602537751198,0.013932578265666962
md2022_main,filler type c,"[[0,1,0,1,0,0],[0,1,0,0,1,0],[0,0,1,0,1,0]]",utterance,3,0,136,135,0.9926470588235294,0.972061276435852,0.9722147583961487,0.9721440672874451,0.9721804261207581,0.9721346497535706
md2022_main,filler type c,"[[0,1,0,1,0,0],[0,1,0,0,1,0],[0,0,1,0,1,0]]",utterance,3,1,136,0,0.0,0.01396937482059002,0.013892678543925285,0.013927912339568138,0.013909602537751198,0.013932578265666962
md2022_main,filler type c,"[[0,1,0,1,0,0],[0,1,0,0,1,0],[0,0,1,0,1,0]]",utterance,3,2,136,1,0.007352941176470588,0.01396937482059002,0.013892678543925285,0.013927912339568138,0.013909602537751198,0.013932578265666962
md2022_main,filler type c,"[[1,0,0,0,1,0],[1,0,0,1,0,0],[0,0,1,1,0,0]]",utterance,4,0,204,201,0.9852941176470589,0.9720612168312073,0.9722148180007935,0.9721440076828003,0.9721805453300476,0.9721347689628601
md2022_main,filler type c,"[[1,0,0,0,1,0],[1,0,0,1,0,0],[0,0,1,1,0,0]]",utterance,4,1,204,0,0.0,0.013969376683235168,0.013892678543925285,0.013927910476922989,0.013909604400396347,0.013932581059634686
md2022_main,filler type c,"[[1,0,0,0,1,0],[1,0,0,1,0,0],[0,0,1,1,0,0]]",utterance,4,2,204,3,0.014705882352941176,0.013969376683235168,0.013892678543925285,0.013927910476922989,0.013909604400396347,0.013932581059634686
md2022_main,filler type c,"[[1,0,0,1,0,0],[0,1,0,1,0,0],[0,1,0,0,0,1]]",utterance,0,0,68,65,0.9558823529411765,0.972061276435852,0.9722147583961487,0.9721440672874451,0.9721805453300476,0.9721347689628601
md2022_main,filler type c,"[[1,0,0,1,0,0],[0,1,0,1,0,0],[0,1,0,0,0,1]]",utterance,0,1,68,2,0.029411764705882353,0.013969373889267445,0.013892676681280136,0.013927914202213287,0.013909600675106049,0.013932578265666962
md2022_main,filler type c,"[[1,0,0,1,0,0],[0,1,0,1,0,0],[0,1,0,0,0,1]]",utterance,0,2,68,1,0.014705882352941176,0.013969373889267445,0.013892676681280136,0.013927914202213287,0.013909600675106049,0.013932578265666962
md2022_main,filler type c,"[[1,0,0,1,0,0],[1,0,0,0,1,0],[0,0,1,0,1,0]]",utterance,3,0,136,135,0.9926470588235294,0.972061276435852,0.9722147583961487,0.9721440672874451,0.9721804261207581,0.9721346497535706
md2022_main,filler type c,"[[1,0,0,1,0,0],[1,0,0,0,1,0],[0,0,1,0,1,0]]",utterance,3,1,136,0,0.0,0.01396937482059002,0.013892678543925285,0.013927912339568138,0.013909602537751198,0.013932578265666962
md2022_main,filler type c,"[[1,0,0,1,0,0],[1,0,0,0,1,0],[0,0,1,0,1,0]]",utterance,3,2,136,1,0.007352941176470588,0.01396937482059002,0.013892678543925285,0.013927912339568138,0.013909602537751198,0.013932578265666962
md2022_main,filler unambiguous,"[[0,0,1,0,1,0],[0,1,0,0,0,1],[1,0,0,1,0,0]]",utterance,4,0,68,68,1.0,0.972061276435852,0.9722147583961487,0.9721440672874451,0.9721805453300476,0.9721347689628601
md2022_main,filler unambiguous,"[[0,0,1,0,1,0],[0,1,0,0,0,1],[1,0,0,1,0,0]]",utterance,4,1,68,0,0.0,0.013969373889267445,0.013892676681280136,0.013927914202213287,0.013909600675106049,0.013932578265666962
md2022_main,filler unambiguous,"[[0,0,1,0,1,0],[0,1,0,0,0,1],[1,0,0,1,0,0]]",utterance,4,2,68,0,0.0,0.013969373889267445,0.013892676681280136,0.013927914202213287,0.013909600675106049,0.013932578265666962
md2022_main,filler unambiguous,"[[0,0,1,0,1,0],[1,0,0,0,0,1],[0,1,0,1,0,0]]",utterance,4,0,68,68,1.0,0.972061276435852,0.9722147583961487,0.9721440672874451,0.9721805453300476,0.9721347689628601
md2022_main,filler unambiguous,"[[0,0,1,0,1,0],[1,0,0,0,0,1],[0,1,0,1,0,0]]",utterance,4,1,68,0,0.0,0.013969373889267445,0.013892676681280136,0.013927914202213287,0.013909600675106049,0.013932578265666962
md2022_main,filler unambiguous,"[[0,0,1,0,1,0],[1,0,0,0,0,1],[0,1,0,1,0,0]]",utterance,4,2,68,0,0.0,0.013969373889267445,0.013892676681280136,0.013927914202213287,0.013909600675106049,0.013932578265666962
md2022_main,filler unambiguous,"[[0,1,0,0,1,0],[0,0,1,0,0,1],[1,0,0,1,0,0]]",utterance,1,0,68,68,1.0,0.972061276435852,0.9722147583961487,0.9721440672874451,0.9721805453300476,0.9721347689628601
md2022_main,filler unambiguous,"[[0,1,0,0,1,0],[0,0,1,0,0,1],[1,0,0,1,0,0]]",utterance,1,1,68,0,0.0,0.013969373889267445,0.013892676681280136,0.013927914202213287,0.013909600675106049,0.013932578265666962
md2022_main,filler unambiguous,"[[0,1,0,0,1,0],[0,0,1,0,0,1],[1,0,0,1,0,0]]",utterance,1,2,68,0,0.0,0.013969373889267445,0.013892676681280136,0.013927914202213287,0.013909600675106049,0.013932578265666962
md2022_main,filler unambiguous,"[[0,1,0,1,0,0],[1,0,0,0,0,1],[0,0,1,0,1,0]]",utterance,3,0,68,68,1.0,0.972061276435852,0.9722147583961487,0.9721440672874451,0.9721805453300476,0.9721347689628601
md2022_main,filler unambiguous,"[[0,1,0,1,0,0],[1,0,0,0,0,1],[0,0,1,0,1,0]]",utterance,3,1,68,0,0.0,0.013969373889267445,0.013892676681280136,0.013927914202213287,0.013909600675106049,0.013932578265666962
md2022_main,filler unambiguous,"[[0,1,0,1,0,0],[1,0,0,0,0,1],[0,0,1,0,1,0]]",utterance,3,2,68,0,0.0,0.013969373889267445,0.013892676681280136,0.013927914202213287,0.013909600675106049,0.013932578265666962
md2022_main,filler unambiguous,"[[0,1,0,1,0,0],[1,0,0,0,1,0],[0,0,1,0,0,1]]",utterance,3,0,68,67,0.9852941176470589,0.972061276435852,0.9722147583961487,0.9721440672874451,0.9721805453300476,0.9721347689628601
md2022_main,filler unambiguous,"[[0,1,0,1,0,0],[1,0,0,0,1,0],[0,0,1,0,0,1]]",utterance,3,1,68,0,0.0,0.013969373889267445,0.013892676681280136,0.013927914202213287,0.013909600675106049,0.013932578265666962
md2022_main,filler unambiguous,"[[0,1,0,1,0,0],[1,0,0,0,1,0],[0,0,1,0,0,1]]",utterance,3,2,68,1,0.014705882352941176,0.013969373889267445,0.013892676681280136,0.013927914202213287,0.013909600675106049,0.013932578265666962
md2022_main,filler unambiguous,"[[1,0,0,0,1,0],[0,1,0,1,0,0],[0,0,1,0,0,1]]",utterance,4,0,68,68,1.0,0.972061276435852,0.9722147583961487,0.9721440672874451,0.9721805453300476,0.9721347689628601
md2022_main,filler unambiguous,"[[1,0,0,0,1,0],[0,1,0,1,0,0],[0,0,1,0,0,1]]",utterance,4,1,68,0,0.0,0.013969373889267445,0.013892676681280136,0.013927914202213287,0.013909600675106049,0.013932578265666962
md2022_main,filler unambiguous,"[[1,0,0,0,1,0],[0,1,0,1,0,0],[0,0,1,0,0,1]]",utterance,4,2,68,0,0.0,0.013969373889267445,0.013892676681280136,0.013927914202213287,0.013909600675106049,0.013932578265666962
md2022_main,filler unambiguous,"[[1,0,0,1,0,0],[0,0,1,0,0,1],[0,1,0,0,1,0]]",utterance,0,0,68,64,0.9411764705882353,0.972061276435852,0.9722147583961487,0.9721440672874451,0.9721805453300476,0.9721347689628601
md2022_main,filler unambiguous,"[[1,0,0,1,0,0],[0,0,1,0,0,1],[0,1,0,0,1,0]]",utterance,0,1,68,3,0.04411764705882353,0.013969373889267445,0.013892676681280136,0.013927914202213287,0.013909600675106049,0.013932578265666962
md2022_main,filler unambiguous,"[[1,0,0,1,0,0],[0,0,1,0,0,1],[0,1,0,0,1,0]]",utterance,0,2,68,1,0.014705882352941176,0.013969373889267445,0.013892676681280136,0.013927914202213287,0.013909600675106049,0.013932578265666962
md2022_main,filler unambiguous,"[[1,0,0,1,0,0],[0,1,0,0,0,1],[0,0,1,0,1,0]]",utterance,3,0,68,68,1.0,0.972061276435852,0.9722147583961487,0.9721440672874451,0.9721805453300476,0.9721347689628601
md2022_main,filler unambiguous,"[[1,0,0,1,0,0],[0,1,0,0,0,1],[0,0,1,0,1,0]]",utterance,3,1,68,0,0.0,0.013969373889267445,0.013892676681280136,0.013927914202213287,0.013909600675106049,0.013932578265666962
md2022_main,filler unambiguous,"[[1,0,0,1,0,0],[0,1,0,0,0,1],[0,0,1,0,1,0]]",utterance,3,2,68,0,0.0,0.013969373889267445,0.013892676681280136,0.013927914202213287,0.013909600675106049,0.013932578265666962
md2022_main,filler unambiguous,"[[1,0,0,1,0,0],[0,1,0,0,1,0],[0,0,1,0,0,1]]",utterance,0,0,68,65,0.9558823529411765,0.972061276435852,0.9722147583961487,0.9721440672874451,0.9721805453300476,0.9721347689628601
md2022_main,filler unambiguous,"[[1,0,0,1,0,0],[0,1,0,0,1,0],[0,0,1,0,0,1]]",utterance,0,1,68,0,0.0,0.013969373889267445,0.013892676681280136,0.013927914202213287,0.013909600675106049,0.013932578265666962
md2022_main,filler unambiguous,"[[1,0,0,1,0,0],[0,1,0,0,1,0],[0,0,1,0,0,1]]",utterance,0,2,68,3,0.04411764705882353,0.013969373889267445,0.013892676681280136,0.013927914202213287,0.013909600675106049,0.013932578265666962
md2022_main,target complex,"[[0,1,0,0,1,0],[0,1,0,1,0,0],[0,0,1,0,1,0]]",utterance,1,0,136,66,0.4852941176470588,0.49301522970199585,0.5761516690254211,0.584536612033844,0.5692328810691833,0.5670928359031677
md2022_main,target complex,"[[0,1,0,0,1,0],[0,1,0,1,0,0],[0,0,1,0,1,0]]",utterance,1,1,136,61,0.4485294117647059,0.49301522970199585,0.40995556116104126,0.4015354812145233,0.41685768961906433,0.4189748167991638
md2022_main,target complex,"[[0,1,0,0,1,0],[0,1,0,1,0,0],[0,0,1,0,1,0]]",utterance,1,2,136,9,0.0661764705882353,0.01396937482059002,0.013892678543925285,0.013927912339568138,0.013909602537751198,0.013932578265666962
md2022_main,target complex,"[[0,1,0,1,0,0],[0,1,0,0,1,0],[0,0,1,1,0,0]]",utterance,1,0,136,83,0.6102941176470589,0.49301522970199585,0.5761516690254211,0.584536612033844,0.5692328810691833,0.5670928359031677
md2022_main,target complex,"[[0,1,0,1,0,0],[0,1,0,0,1,0],[0,0,1,1,0,0]]",utterance,1,1,136,48,0.35294117647058826,0.49301522970199585,0.40995556116104126,0.4015354812145233,0.41685768961906433,0.4189748167991638
md2022_main,target complex,"[[0,1,0,1,0,0],[0,1,0,0,1,0],[0,0,1,1,0,0]]",utterance,1,2,136,5,0.03676470588235294,0.01396937482059002,0.013892678543925285,0.013927912339568138,0.013909602537751198,0.013932578265666962
md2022_main,target complex,"[[0,1,0,1,0,0],[1,0,0,1,0,0],[0,1,0,0,0,1]]",utterance,3,0,68,43,0.6323529411764706,0.49301522970199585,0.5761517286300659,0.5845366716384888,0.5692328810691833,0.5670928359031677
md2022_main,target complex,"[[0,1,0,1,0,0],[1,0,0,1,0,0],[0,1,0,0,0,1]]",utterance,3,1,68,21,0.3088235294117647,0.49301522970199585,0.40995559096336365,0.4015354514122009,0.41685763001441956,0.41897475719451904
md2022_main,target complex,"[[0,1,0,1,0,0],[1,0,0,1,0,0],[0,1,0,0,0,1]]",utterance,3,2,68,4,0.058823529411764705,0.013969373889267445,0.013892676681280136,0.013927914202213287,0.013909600675106049,0.013932578265666962
md2022_main,target complex,"[[1,0,0,0,1,0],[0,1,0,0,1,0],[1,0,0,0,0,1]]",utterance,4,0,136,95,0.6985294117647058,0.49301522970199585,0.5761516690254211,0.584536612033844,0.5692328810691833,0.5670928359031677
md2022_main,target complex,"[[1,0,0,0,1,0],[0,1,0,0,1,0],[1,0,0,0,0,1]]",utterance,4,1,136,36,0.2647058823529412,0.49301522970199585,0.40995556116104126,0.4015354812145233,0.41685768961906433,0.4189748167991638
md2022_main,target complex,"[[1,0,0,0,1,0],[0,1,0,0,1,0],[1,0,0,0,0,1]]",utterance,4,2,136,5,0.03676470588235294,0.01396937482059002,0.013892678543925285,0.013927912339568138,0.013909602537751198,0.013932578265666962
md2022_main,target complex,"[[1,0,0,0,1,0],[1,0,0,1,0,0],[0,0,1,0,1,0]]",utterance,0,0,136,63,0.4632352941176471,0.49301522970199585,0.5761516690254211,0.584536612033844,0.5692328810691833,0.5670928359031677
md2022_main,target complex,"[[1,0,0,0,1,0],[1,0,0,1,0,0],[0,0,1,0,1,0]]",utterance,0,1,136,63,0.4632352941176471,0.49301522970199585,0.40995556116104126,0.4015354812145233,0.41685768961906433,0.4189748167991638
md2022_main,target complex,"[[1,0,0,0,1,0],[1,0,0,1,0,0],[0,0,1,0,1,0]]",utterance,0,2,136,10,0.07352941176470588,0.01396937482059002,0.013892678543925285,0.013927912339568138,0.013909602537751198,0.013932578265666962
md2022_main,target complex,"[[1,0,0,1,0,0],[1,0,0,0,1,0],[0,0,1,1,0,0]]",utterance,0,0,204,107,0.5245098039215687,0.49301525950431824,0.5761517286300659,0.584536612033844,0.5692328810691833,0.5670928359031677
md2022_main,target complex,"[[1,0,0,1,0,0],[1,0,0,0,1,0],[0,0,1,1,0,0]]",utterance,0,1,204,83,0.4068627450980392,0.49301525950431824,0.4099555015563965,0.4015354812145233,0.41685768961906433,0.4189748466014862
md2022_main,target complex,"[[1,0,0,1,0,0],[1,0,0,0,1,0],[0,0,1,1,0,0]]",utterance,0,2,204,14,0.06862745098039216,0.013969376683235168,0.013892678543925285,0.013927910476922989,0.013909604400396347,0.013932581059634686
md2022_main,target simple,"[[0,0,1,0,1,0],[0,1,0,0,1,0],[1,0,0,1,0,0]]",utterance,4,0,136,111,0.8161764705882353,0.49301522970199585,0.7225952744483948,0.7339760065078735,0.7306923866271973,0.7349416017532349
md2022_main,target simple,"[[0,0,1,0,1,0],[0,1,0,0,1,0],[1,0,0,1,0,0]]",utterance,4,1,136,20,0.14705882352941177,0.49301522970199585,0.26351216435432434,0.25209590792655945,0.2553980350494385,0.25112566351890564
md2022_main,target simple,"[[0,0,1,0,1,0],[0,1,0,0,1,0],[1,0,0,1,0,0]]",utterance,4,2,136,5,0.03676470588235294,0.01396937482059002,0.013892678543925285,0.013927912339568138,0.013909602537751198,0.013932578265666962
md2022_main,target simple,"[[0,0,1,0,1,0],[1,0,0,0,1,0],[0,1,0,1,0,0]]",utterance,4,0,68,56,0.8235294117647058,0.49301522970199585,0.7225952744483948,0.733975887298584,0.7306923866271973,0.7349417209625244
md2022_main,target simple,"[[0,0,1,0,1,0],[1,0,0,0,1,0],[0,1,0,1,0,0]]",utterance,4,1,68,8,0.11764705882352941,0.49301522970199585,0.26351213455200195,0.25209593772888184,0.2553980350494385,0.25112563371658325
md2022_main,target simple,"[[0,0,1,0,1,0],[1,0,0,0,1,0],[0,1,0,1,0,0]]",utterance,4,2,68,4,0.058823529411764705,0.013969373889267445,0.013892676681280136,0.013927914202213287,0.013909600675106049,0.013932578265666962
md2022_main,target simple,"[[0,0,1,1,0,0],[0,1,0,1,0,0],[1,0,0,0,1,0]]",utterance,3,0,136,98,0.7205882352941176,0.49301522970199585,0.7225952744483948,0.7339760065078735,0.7306923866271973,0.7349416017532349
md2022_main,target simple,"[[0,0,1,1,0,0],[0,1,0,1,0,0],[1,0,0,0,1,0]]",utterance,3,1,136,33,0.2426470588235294,0.49301522970199585,0.26351216435432434,0.25209590792655945,0.2553980350494385,0.25112566351890564
md2022_main,target simple,"[[0,0,1,1,0,0],[0,1,0,1,0,0],[1,0,0,0,1,0]]",utterance,3,2,136,5,0.03676470588235294,0.01396937482059002,0.013892678543925285,0.013927912339568138,0.013909602537751198,0.013932578265666962
md2022_main,target simple,"[[0,1,0,0,0,1],[0,1,0,0,1,0],[1,0,0,1,0,0]]",utterance,1,0,68,59,0.8676470588235294,0.49301522970199585,0.7225952744483948,0.733975887298584,0.7306923866271973,0.7349417209625244
md2022_main,target simple,"[[0,1,0,0,0,1],[0,1,0,0,1,0],[1,0,0,1,0,0]]",utterance,1,1,68,8,0.11764705882352941,0.49301522970199585,0.26351213455200195,0.25209593772888184,0.2553980350494385,0.25112563371658325
md2022_main,target simple,"[[0,1,0,0,0,1],[0,1,0,0,1,0],[1,0,0,1,0,0]]",utterance,1,2,68,1,0.014705882352941176,0.013969373889267445,0.013892676681280136,0.013927914202213287,0.013909600675106049,0.013932578265666962
md2022_main,target simple,"[[1,0,0,0,0,1],[1,0,0,0,1,0],[0,1,0,1,0,0]]",utterance,0,0,204,189,0.9264705882352942,0.49301525950431824,0.7225952744483948,0.7339761257171631,0.7306922674179077,0.7349415421485901
md2022_main,target simple,"[[1,0,0,0,0,1],[1,0,0,0,1,0],[0,1,0,1,0,0]]",utterance,0,1,204,9,0.04411764705882353,0.49301525950431824,0.26351213455200195,0.25209590792655945,0.2553980350494385,0.25112563371658325
md2022_main,target simple,"[[1,0,0,0,0,1],[1,0,0,0,1,0],[0,1,0,1,0,0]]",utterance,0,2,204,6,0.029411764705882353,0.013969376683235168,0.013892678543925285,0.013927910476922989,0.013909604400396347,0.013932581059634686
md2022_main,target simple,"[[1,0,0,0,0,1],[1,0,0,1,0,0],[0,1,0,0,1,0]]",utterance,0,0,204,187,0.9166666666666666,0.49301525950431824,0.7225952744483948,0.7339761257171631,0.7306922674179077,0.7349415421485901
md2022_main,target simple,"[[1,0,0,0,0,1],[1,0,0,1,0,0],[0,1,0,0,1,0]]",utterance,0,1,204,12,0.058823529411764705,0.49301525950431824,0.26351213455200195,0.25209590792655945,0.2553980350494385,0.25112563371658325
md2022_main,target simple,"[[1,0,0,0,0,1],[1,0,0,1,0,0],[0,1,0,0,1,0]]",utterance,0,2,204,5,0.024509803921568627,0.013969376683235168,0.013892678543925285,0.013927910476922989,0.013909604400396347,0.013932581059634686
md2022_pilot,filler ambiguous,"[[0,1,0,0,1,0],[0,1,0,0,1,0],[1,0,0,0,0,1]]",utterance,1,0,94,89,0.9468085106382979,0.9860305190086365,0.9861069321632385,0.9860722422599792,0.9860906600952148,0.986067533493042
md2022_pilot,filler ambiguous,"[[0,1,0,0,1,0],[0,1,0,0,1,0],[1,0,0,0,0,1]]",utterance,1,2,94,5,0.05319148936170213,0.013969378545880318,0.01389267761260271,0.013927912339568138,0.013909602537751198,0.013932581059634686
md2022_pilot,filler ambiguous,"[[0,1,0,0,1,0],[0,1,0,0,1,0],[1,0,0,1,0,0]]",utterance,4,0,47,45,0.9574468085106383,0.9860303997993469,0.9861070513725281,0.9860723614692688,0.9860907196998596,0.9860675930976868
md2022_pilot,filler ambiguous,"[[0,1,0,0,1,0],[0,1,0,0,1,0],[1,0,0,1,0,0]]",utterance,4,2,47,2,0.0425531914893617,0.013969372026622295,0.013892673887312412,0.013927915133535862,0.013909599743783474,0.013932579196989536
md2022_pilot,filler ambiguous,"[[1,0,0,1,0,0],[1,0,0,1,0,0],[0,1,0,0,0,1]]",utterance,0,0,47,46,0.9787234042553191,0.9860303997993469,0.9861070513725281,0.9860723614692688,0.9860907196998596,0.9860675930976868
md2022_pilot,filler ambiguous,"[[1,0,0,1,0,0],[1,0,0,1,0,0],[0,1,0,0,0,1]]",utterance,0,2,47,1,0.02127659574468085,0.013969372026622295,0.013892673887312412,0.013927915133535862,0.013909599743783474,0.013932579196989536
md2022_pilot,filler ambiguous,"[[1,0,0,1,0,0],[1,0,0,1,0,0],[0,1,0,0,0,1]]",utterance,3,0,94,89,0.9468085106382979,0.9860305190086365,0.9861069321632385,0.9860722422599792,0.9860906600952148,0.986067533493042
md2022_pilot,filler ambiguous,"[[1,0,0,1,0,0],[1,0,0,1,0,0],[0,1,0,0,0,1]]",utterance,3,2,94,5,0.05319148936170213,0.013969378545880318,0.01389267761260271,0.013927912339568138,0.013909602537751198,0.013932581059634686
md2022_pilot,filler ambiguous,"[[1,0,0,1,0,0],[1,0,0,1,0,0],[0,1,0,0,1,0]]",utterance,0,0,47,46,0.9787234042553191,0.9860303997993469,0.9861070513725281,0.9860723614692688,0.9860907196998596,0.9860675930976868
md2022_pilot,filler ambiguous,"[[1,0,0,1,0,0],[1,0,0,1,0,0],[0,1,0,0,1,0]]",utterance,0,2,47,1,0.02127659574468085,0.013969372026622295,0.013892673887312412,0.013927915133535862,0.013909599743783474,0.013932579196989536
md2022_pilot,filler ambiguous,"[[1,0,0,1,0,0],[1,0,0,1,0,0],[0,1,0,0,1,0]]",utterance,3,0,94,89,0.9468085106382979,0.9860305190086365,0.9861069321632385,0.9860722422599792,0.9860906600952148,0.986067533493042
md2022_pilot,filler ambiguous,"[[1,0,0,1,0,0],[1,0,0,1,0,0],[0,1,0,0,1,0]]",utterance,3,2,94,5,0.05319148936170213,0.013969378545880318,0.01389267761260271,0.013927912339568138,0.013909602537751198,0.013932581059634686
md2022_pilot,filler type a,"[[0,1,0,0,1,0],[0,0,1,0,1,0],[1,0,0,1,0,0]]",utterance,1,0,47,47,1.0,0.9720613360404968,0.9722146391868591,0.9721441864967346,0.9721803069114685,0.972134530544281
md2022_pilot,filler type a,"[[0,1,0,0,1,0],[0,0,1,0,1,0],[1,0,0,1,0,0]]",utterance,1,1,47,0,0.0,0.013969372026622295,0.013892673887312412,0.013927915133535862,0.013909599743783474,0.013932579196989536
md2022_pilot,filler type a,"[[0,1,0,0,1,0],[0,0,1,0,1,0],[1,0,0,1,0,0]]",utterance,1,2,47,0,0.0,0.013969372026622295,0.013892673887312412,0.013927915133535862,0.013909599743783474,0.013932579196989536
md2022_pilot,filler type a,"[[0,1,0,1,0,0],[0,0,1,1,0,0],[1,0,0,0,1,0]]",utterance,1,0,47,46,0.9787234042553191,0.9720613360404968,0.9722146391868591,0.9721441864967346,0.9721803069114685,0.972134530544281
md2022_pilot,filler type a,"[[0,1,0,1,0,0],[0,0,1,1,0,0],[1,0,0,0,1,0]]",utterance,1,1,47,1,0.02127659574468085,0.013969372026622295,0.013892673887312412,0.013927915133535862,0.013909599743783474,0.013932579196989536
md2022_pilot,filler type a,"[[0,1,0,1,0,0],[0,0,1,1,0,0],[1,0,0,0,1,0]]",utterance,1,2,47,0,0.0,0.013969372026622295,0.013892673887312412,0.013927915133535862,0.013909599743783474,0.013932579196989536
md2022_pilot,filler type a,"[[1,0,0,0,1,0],[1,0,0,0,0,1],[0,1,0,1,0,0]]",utterance,4,0,94,93,0.9893617021276596,0.9720612168312073,0.9722146987915039,0.9721441268920898,0.9721806049346924,0.9721348285675049
md2022_pilot,filler type a,"[[1,0,0,0,1,0],[1,0,0,0,0,1],[0,1,0,1,0,0]]",utterance,4,1,94,0,0.0,0.013969378545880318,0.01389267761260271,0.013927912339568138,0.013909602537751198,0.013932581059634686
md2022_pilot,filler type a,"[[1,0,0,0,1,0],[1,0,0,0,0,1],[0,1,0,1,0,0]]",utterance,4,2,94,1,0.010638297872340425,0.013969378545880318,0.01389267761260271,0.013927912339568138,0.013909602537751198,0.013932581059634686
md2022_pilot,filler type a,"[[1,0,0,1,0,0],[1,0,0,0,0,1],[0,1,0,0,1,0]]",utterance,3,0,94,93,0.9893617021276596,0.9720612168312073,0.9722146987915039,0.9721441268920898,0.9721806049346924,0.9721348285675049
md2022_pilot,filler type a,"[[1,0,0,1,0,0],[1,0,0,0,0,1],[0,1,0,0,1,0]]",utterance,3,1,94,1,0.010638297872340425,0.013969378545880318,0.01389267761260271,0.013927912339568138,0.013909602537751198,0.013932581059634686
md2022_pilot,filler type a,"[[1,0,0,1,0,0],[1,0,0,0,0,1],[0,1,0,0,1,0]]",utterance,3,2,94,0,0.0,0.013969378545880318,0.01389267761260271,0.013927912339568138,0.013909602537751198,0.013932581059634686
md2022_pilot,filler type b,"[[0,1,0,0,1,0],[1,0,0,1,0,0],[1,0,0,0,0,1]]",utterance,1,0,47,47,1.0,0.9720613360404968,0.9722146391868591,0.9721441864967346,0.9721803069114685,0.972134530544281
md2022_pilot,filler type b,"[[0,1,0,0,1,0],[1,0,0,1,0,0],[1,0,0,0,0,1]]",utterance,1,1,47,0,0.0,0.013969372026622295,0.013892673887312412,0.013927915133535862,0.013909599743783474,0.013932579196989536
md2022_pilot,filler type b,"[[0,1,0,0,1,0],[1,0,0,1,0,0],[1,0,0,0,0,1]]",utterance,1,2,47,0,0.0,0.013969372026622295,0.013892673887312412,0.013927915133535862,0.013909599743783474,0.013932579196989536
md2022_pilot,filler type b,"[[0,1,0,1,0,0],[0,0,1,0,1,0],[1,0,0,0,1,0]]",utterance,1,0,47,46,0.9787234042553191,0.9720613360404968,0.9722146391868591,0.9721441864967346,0.9721803069114685,0.972134530544281
md2022_pilot,filler type b,"[[0,1,0,1,0,0],[0,0,1,0,1,0],[1,0,0,0,1,0]]",utterance,1,1,47,0,0.0,0.013969372026622295,0.013892673887312412,0.013927915133535862,0.013909599743783474,0.013932579196989536
md2022_pilot,filler type b,"[[0,1,0,1,0,0],[0,0,1,0,1,0],[1,0,0,0,1,0]]",utterance,1,2,47,1,0.02127659574468085,0.013969372026622295,0.013892673887312412,0.013927915133535862,0.013909599743783474,0.013932579196989536
md2022_pilot,filler type b,"[[0,1,0,1,0,0],[1,0,0,0,0,1],[1,0,0,0,1,0]]",utterance,3,0,47,47,1.0,0.9720613360404968,0.9722146391868591,0.9721441864967346,0.9721803069114685,0.972134530544281
md2022_pilot,filler type b,"[[0,1,0,1,0,0],[1,0,0,0,0,1],[1,0,0,0,1,0]]",utterance,3,1,47,0,0.0,0.013969372026622295,0.013892673887312412,0.013927915133535862,0.013909599743783474,0.013932579196989536
md2022_pilot,filler type b,"[[0,1,0,1,0,0],[1,0,0,0,0,1],[1,0,0,0,1,0]]",utterance,3,2,47,0,0.0,0.013969372026622295,0.013892673887312412,0.013927915133535862,0.013909599743783474,0.013932579196989536
md2022_pilot,filler type b,"[[1,0,0,0,1,0],[0,1,0,1,0,0],[0,0,1,1,0,0]]",utterance,4,0,47,46,0.9787234042553191,0.9720613360404968,0.9722146391868591,0.9721441864967346,0.9721803069114685,0.972134530544281
md2022_pilot,filler type b,"[[1,0,0,0,1,0],[0,1,0,1,0,0],[0,0,1,1,0,0]]",utterance,4,1,47,1,0.02127659574468085,0.013969372026622295,0.013892673887312412,0.013927915133535862,0.013909599743783474,0.013932579196989536
md2022_pilot,filler type b,"[[1,0,0,0,1,0],[0,1,0,1,0,0],[0,0,1,1,0,0]]",utterance,4,2,47,0,0.0,0.013969372026622295,0.013892673887312412,0.013927915133535862,0.013909599743783474,0.013932579196989536
md2022_pilot,filler type b,"[[1,0,0,1,0,0],[0,0,1,0,1,0],[0,1,0,0,1,0]]",utterance,3,0,47,47,1.0,0.9720613360404968,0.9722146391868591,0.9721441864967346,0.9721803069114685,0.972134530544281
md2022_pilot,filler type b,"[[1,0,0,1,0,0],[0,0,1,0,1,0],[0,1,0,0,1,0]]",utterance,3,1,47,0,0.0,0.013969372026622295,0.013892673887312412,0.013927915133535862,0.013909599743783474,0.013932579196989536
md2022_pilot,filler type b,"[[1,0,0,1,0,0],[0,0,1,0,1,0],[0,1,0,0,1,0]]",utterance,3,2,47,0,0.0,0.013969372026622295,0.013892673887312412,0.013927915133535862,0.013909599743783474,0.013932579196989536
md2022_pilot,filler type b,"[[1,0,0,1,0,0],[0,1,0,0,1,0],[0,1,0,0,0,1]]",utterance,0,0,47,46,0.9787234042553191,0.9720613360404968,0.9722146391868591,0.9721441864967346,0.9721803069114685,0.972134530544281
md2022_pilot,filler type b,"[[1,0,0,1,0,0],[0,1,0,0,1,0],[0,1,0,0,0,1]]",utterance,0,1,47,0,0.0,0.013969372026622295,0.013892673887312412,0.013927915133535862,0.013909599743783474,0.013932579196989536
md2022_pilot,filler type b,"[[1,0,0,1,0,0],[0,1,0,0,1,0],[0,1,0,0,0,1]]",utterance,0,2,47,1,0.02127659574468085,0.013969372026622295,0.013892673887312412,0.013927915133535862,0.013909599743783474,0.013932579196989536
md2022_pilot,filler type c,"[[0,1,0,0,1,0],[0,1,0,1,0,0],[0,0,1,1,0,0]]",utterance,4,0,94,93,0.9893617021276596,0.9720612168312073,0.9722146987915039,0.9721441268920898,0.9721806049346924,0.9721348285675049
md2022_pilot,filler type c,"[[0,1,0,0,1,0],[0,1,0,1,0,0],[0,0,1,1,0,0]]",utterance,4,1,94,0,0.0,0.013969378545880318,0.01389267761260271,0.013927912339568138,0.013909602537751198,0.013932581059634686
md2022_pilot,filler type c,"[[0,1,0,0,1,0],[0,1,0,1,0,0],[0,0,1,1,0,0]]",utterance,4,2,94,1,0.010638297872340425,0.013969378545880318,0.01389267761260271,0.013927912339568138,0.013909602537751198,0.013932581059634686
md2022_pilot,filler type c,"[[0,1,0,0,1,0],[1,0,0,0,1,0],[1,0,0,0,0,1]]",utterance,1,0,94,94,1.0,0.9720612168312073,0.9722146987915039,0.9721441268920898,0.9721806049346924,0.9721348285675049
md2022_pilot,filler type c,"[[0,1,0,0,1,0],[1,0,0,0,1,0],[1,0,0,0,0,1]]",utterance,1,1,94,0,0.0,0.013969378545880318,0.01389267761260271,0.013927912339568138,0.013909602537751198,0.013932581059634686
md2022_pilot,filler type c,"[[0,1,0,0,1,0],[1,0,0,0,1,0],[1,0,0,0,0,1]]",utterance,1,2,94,0,0.0,0.013969378545880318,0.01389267761260271,0.013927912339568138,0.013909602537751198,0.013932581059634686
md2022_pilot,filler type c,"[[0,1,0,1,0,0],[0,1,0,0,1,0],[0,0,1,0,1,0]]",utterance,3,0,94,94,1.0,0.9720612168312073,0.9722146987915039,0.9721441268920898,0.9721806049346924,0.9721348285675049
md2022_pilot,filler type c,"[[0,1,0,1,0,0],[0,1,0,0,1,0],[0,0,1,0,1,0]]",utterance,3,1,94,0,0.0,0.013969378545880318,0.01389267761260271,0.013927912339568138,0.013909602537751198,0.013932581059634686
md2022_pilot,filler type c,"[[0,1,0,1,0,0],[0,1,0,0,1,0],[0,0,1,0,1,0]]",utterance,3,2,94,0,0.0,0.013969378545880318,0.01389267761260271,0.013927912339568138,0.013909602537751198,0.013932581059634686
md2022_pilot,filler type c,"[[1,0,0,0,1,0],[1,0,0,1,0,0],[0,0,1,1,0,0]]",utterance,4,0,141,141,1.0,0.972061276435852,0.9722146987915039,0.9721440672874451,0.9721805453300476,0.9721347689628601
md2022_pilot,filler type c,"[[1,0,0,0,1,0],[1,0,0,1,0,0],[0,0,1,1,0,0]]",utterance,4,1,141,0,0.0,0.013969376683235168,0.01389267761260271,0.013927913270890713,0.013909601606428623,0.013932579196989536
md2022_pilot,filler type c,"[[1,0,0,0,1,0],[1,0,0,1,0,0],[0,0,1,1,0,0]]",utterance,4,2,141,0,0.0,0.013969376683235168,0.01389267761260271,0.013927913270890713,0.013909601606428623,0.013932579196989536
md2022_pilot,filler type c,"[[1,0,0,1,0,0],[0,1,0,1,0,0],[0,1,0,0,0,1]]",utterance,0,0,47,47,1.0,0.9720613360404968,0.9722146391868591,0.9721441864967346,0.9721803069114685,0.972134530544281
md2022_pilot,filler type c,"[[1,0,0,1,0,0],[0,1,0,1,0,0],[0,1,0,0,0,1]]",utterance,0,1,47,0,0.0,0.013969372026622295,0.013892673887312412,0.013927915133535862,0.013909599743783474,0.013932579196989536
md2022_pilot,filler type c,"[[1,0,0,1,0,0],[0,1,0,1,0,0],[0,1,0,0,0,1]]",utterance,0,2,47,0,0.0,0.013969372026622295,0.013892673887312412,0.013927915133535862,0.013909599743783474,0.013932579196989536
md2022_pilot,filler type c,"[[1,0,0,1,0,0],[1,0,0,0,1,0],[0,0,1,0,1,0]]",utterance,3,0,94,92,0.9787234042553191,0.9720612168312073,0.9722146987915039,0.9721441268920898,0.9721806049346924,0.9721348285675049
md2022_pilot,filler type c,"[[1,0,0,1,0,0],[1,0,0,0,1,0],[0,0,1,0,1,0]]",utterance,3,1,94,1,0.010638297872340425,0.013969378545880318,0.01389267761260271,0.013927912339568138,0.013909602537751198,0.013932581059634686
md2022_pilot,filler type c,"[[1,0,0,1,0,0],[1,0,0,0,1,0],[0,0,1,0,1,0]]",utterance,3,2,94,1,0.010638297872340425,0.013969378545880318,0.01389267761260271,0.013927912339568138,0.013909602537751198,0.013932581059634686
md2022_pilot,filler unambiguous,"[[0,0,1,0,1,0],[0,1,0,0,0,1],[1,0,0,1,0,0]]",utterance,4,0,47,47,1.0,0.9720613360404968,0.9722146391868591,0.9721441864967346,0.9721803069114685,0.972134530544281
md2022_pilot,filler unambiguous,"[[0,0,1,0,1,0],[0,1,0,0,0,1],[1,0,0,1,0,0]]",utterance,4,1,47,0,0.0,0.013969372026622295,0.013892673887312412,0.013927915133535862,0.013909599743783474,0.013932579196989536
md2022_pilot,filler unambiguous,"[[0,0,1,0,1,0],[0,1,0,0,0,1],[1,0,0,1,0,0]]",utterance,4,2,47,0,0.0,0.013969372026622295,0.013892673887312412,0.013927915133535862,0.013909599743783474,0.013932579196989536
md2022_pilot,filler unambiguous,"[[0,0,1,0,1,0],[1,0,0,0,0,1],[0,1,0,1,0,0]]",utterance,4,0,47,47,1.0,0.9720613360404968,0.9722146391868591,0.9721441864967346,0.9721803069114685,0.972134530544281
md2022_pilot,filler unambiguous,"[[0,0,1,0,1,0],[1,0,0,0,0,1],[0,1,0,1,0,0]]",utterance,4,1,47,0,0.0,0.013969372026622295,0.013892673887312412,0.013927915133535862,0.013909599743783474,0.013932579196989536
md2022_pilot,filler unambiguous,"[[0,0,1,0,1,0],[1,0,0,0,0,1],[0,1,0,1,0,0]]",utterance,4,2,47,0,0.0,0.013969372026622295,0.013892673887312412,0.013927915133535862,0.013909599743783474,0.013932579196989536
md2022_pilot,filler unambiguous,"[[0,1,0,0,1,0],[0,0,1,0,0,1],[1,0,0,1,0,0]]",utterance,1,0,47,46,0.9787234042553191,0.9720613360404968,0.9722146391868591,0.9721441864967346,0.9721803069114685,0.972134530544281
md2022_pilot,filler unambiguous,"[[0,1,0,0,1,0],[0,0,1,0,0,1],[1,0,0,1,0,0]]",utterance,1,1,47,1,0.02127659574468085,0.013969372026622295,0.013892673887312412,0.013927915133535862,0.013909599743783474,0.013932579196989536
md2022_pilot,filler unambiguous,"[[0,1,0,0,1,0],[0,0,1,0,0,1],[1,0,0,1,0,0]]",utterance,1,2,47,0,0.0,0.013969372026622295,0.013892673887312412,0.013927915133535862,0.013909599743783474,0.013932579196989536
md2022_pilot,filler unambiguous,"[[0,1,0,1,0,0],[1,0,0,0,0,1],[0,0,1,0,1,0]]",utterance,3,0,47,47,1.0,0.9720613360404968,0.9722146391868591,0.9721441864967346,0.9721803069114685,0.972134530544281
md2022_pilot,filler unambiguous,"[[0,1,0,1,0,0],[1,0,0,0,0,1],[0,0,1,0,1,0]]",utterance,3,1,47,0,0.0,0.013969372026622295,0.013892673887312412,0.013927915133535862,0.013909599743783474,0.013932579196989536
md2022_pilot,filler unambiguous,"[[0,1,0,1,0,0],[1,0,0,0,0,1],[0,0,1,0,1,0]]",utterance,3,2,47,0,0.0,0.013969372026622295,0.013892673887312412,0.013927915133535862,0.013909599743783474,0.013932579196989536
md2022_pilot,filler unambiguous,"[[0,1,0,1,0,0],[1,0,0,0,1,0],[0,0,1,0,0,1]]",utterance,3,0,47,46,0.9787234042553191,0.9720613360404968,0.9722146391868591,0.9721441864967346,0.9721803069114685,0.972134530544281
md2022_pilot,filler unambiguous,"[[0,1,0,1,0,0],[1,0,0,0,1,0],[0,0,1,0,0,1]]",utterance,3,1,47,1,0.02127659574468085,0.013969372026622295,0.013892673887312412,0.013927915133535862,0.013909599743783474,0.013932579196989536
md2022_pilot,filler unambiguous,"[[0,1,0,1,0,0],[1,0,0,0,1,0],[0,0,1,0,0,1]]",utterance,3,2,47,0,0.0,0.013969372026622295,0.013892673887312412,0.013927915133535862,0.013909599743783474,0.013932579196989536
md2022_pilot,filler unambiguous,"[[1,0,0,0,1,0],[0,0,1,0,0,1],[0,1,0,1,0,0]]",utterance,4,0,47,47,1.0,0.9720613360404968,0.9722146391868591,0.9721441864967346,0.9721803069114685,0.972134530544281
md2022_pilot,filler unambiguous,"[[1,0,0,0,1,0],[0,0,1,0,0,1],[0,1,0,1,0,0]]",utterance,4,1,47,0,0.0,0.013969372026622295,0.013892673887312412,0.013927915133535862,0.013909599743783474,0.013932579196989536
md2022_pilot,filler unambiguous,"[[1,0,0,0,1,0],[0,0,1,0,0,1],[0,1,0,1,0,0]]",utterance,4,2,47,0,0.0,0.013969372026622295,0.013892673887312412,0.013927915133535862,0.013909599743783474,0.013932579196989536
md2022_pilot,filler unambiguous,"[[1,0,0,1,0,0],[0,0,1,0,0,1],[0,1,0,0,1,0]]",utterance,0,0,47,47,1.0,0.9720613360404968,0.9722146391868591,0.9721441864967346,0.9721803069114685,0.972134530544281
md2022_pilot,filler unambiguous,"[[1,0,0,1,0,0],[0,0,1,0,0,1],[0,1,0,0,1,0]]",utterance,0,1,47,0,0.0,0.013969372026622295,0.013892673887312412,0.013927915133535862,0.013909599743783474,0.013932579196989536
md2022_pilot,filler unambiguous,"[[1,0,0,1,0,0],[0,0,1,0,0,1],[0,1,0,0,1,0]]",utterance,0,2,47,0,0.0,0.013969372026622295,0.013892673887312412,0.013927915133535862,0.013909599743783474,0.013932579196989536
md2022_pilot,filler unambiguous,"[[1,0,0,1,0,0],[0,1,0,0,0,1],[0,0,1,0,1,0]]",utterance,3,0,47,46,0.9787234042553191,0.9720613360404968,0.9722146391868591,0.9721441864967346,0.9721803069114685,0.972134530544281
md2022_pilot,filler unambiguous,"[[1,0,0,1,0,0],[0,1,0,0,0,1],[0,0,1,0,1,0]]",utterance,3,1,47,0,0.0,0.013969372026622295,0.013892673887312412,0.013927915133535862,0.013909599743783474,0.013932579196989536
md2022_pilot,filler unambiguous,"[[1,0,0,1,0,0],[0,1,0,0,0,1],[0,0,1,0,1,0]]",utterance,3,2,47,1,0.02127659574468085,0.013969372026622295,0.013892673887312412,0.013927915133535862,0.013909599743783474,0.013932579196989536
md2022_pilot,filler unambiguous,"[[1,0,0,1,0,0],[0,1,0,0,1,0],[0,0,1,0,0,1]]",utterance,0,0,47,47,1.0,0.9720613360404968,0.9722146391868591,0.9721441864967346,0.9721803069114685,0.972134530544281
md2022_pilot,filler unambiguous,"[[1,0,0,1,0,0],[0,1,0,0,1,0],[0,0,1,0,0,1]]",utterance,0,1,47,0,0.0,0.013969372026622295,0.013892673887312412,0.013927915133535862,0.013909599743783474,0.013932579196989536
md2022_pilot,filler unambiguous,"[[1,0,0,1,0,0],[0,1,0,0,1,0],[0,0,1,0,0,1]]",utterance,0,2,47,0,0.0,0.013969372026622295,0.013892673887312412,0.013927915133535862,0.013909599743783474,0.013932579196989536
md2022_pilot,target complex,"[[0,1,0,0,1,0],[0,1,0,1,0,0],[0,0,1,0,1,0]]",utterance,1,0,94,50,0.5319148936170213,0.49301525950431824,0.5761517882347107,0.5845366716384888,0.5692328810691833,0.5670928359031677
md2022_pilot,target complex,"[[0,1,0,0,1,0],[0,1,0,1,0,0],[0,0,1,0,1,0]]",utterance,1,1,94,36,0.3829787234042553,0.49301525950431824,0.4099554419517517,0.4015354514122009,0.4168577492237091,0.418974906206131
md2022_pilot,target complex,"[[0,1,0,0,1,0],[0,1,0,1,0,0],[0,0,1,0,1,0]]",utterance,1,2,94,8,0.0851063829787234,0.013969378545880318,0.01389267761260271,0.013927912339568138,0.013909602537751198,0.013932581059634686
md2022_pilot,target complex,"[[0,1,0,1,0,0],[0,1,0,0,1,0],[0,0,1,1,0,0]]",utterance,1,0,94,55,0.5851063829787234,0.49301525950431824,0.5761517882347107,0.5845366716384888,0.5692328810691833,0.5670928359031677
md2022_pilot,target complex,"[[0,1,0,1,0,0],[0,1,0,0,1,0],[0,0,1,1,0,0]]",utterance,1,1,94,33,0.35106382978723405,0.49301525950431824,0.4099554419517517,0.4015354514122009,0.4168577492237091,0.418974906206131
md2022_pilot,target complex,"[[0,1,0,1,0,0],[0,1,0,0,1,0],[0,0,1,1,0,0]]",utterance,1,2,94,6,0.06382978723404255,0.013969378545880318,0.01389267761260271,0.013927912339568138,0.013909602537751198,0.013932581059634686
md2022_pilot,target complex,"[[0,1,0,1,0,0],[1,0,0,1,0,0],[0,1,0,0,0,1]]",utterance,3,0,47,26,0.5531914893617021,0.49301519989967346,0.5761515498161316,0.5845367312431335,0.5692328810691833,0.5670928359031677
md2022_pilot,target complex,"[[0,1,0,1,0,0],[1,0,0,1,0,0],[0,1,0,0,0,1]]",utterance,3,1,47,18,0.3829787234042553,0.49301519989967346,0.4099556505680084,0.40153539180755615,0.4168575406074524,0.4189746677875519
md2022_pilot,target complex,"[[0,1,0,1,0,0],[1,0,0,1,0,0],[0,1,0,0,0,1]]",utterance,3,2,47,3,0.06382978723404255,0.013969372026622295,0.013892673887312412,0.013927915133535862,0.013909599743783474,0.013932579196989536
md2022_pilot,target complex,"[[1,0,0,0,1,0],[0,1,0,0,1,0],[1,0,0,0,0,1]]",utterance,4,0,94,72,0.7659574468085106,0.49301525950431824,0.5761517882347107,0.5845366716384888,0.5692328810691833,0.5670928359031677
md2022_pilot,target complex,"[[1,0,0,0,1,0],[0,1,0,0,1,0],[1,0,0,0,0,1]]",utterance,4,1,94,18,0.19148936170212766,0.49301525950431824,0.4099554419517517,0.4015354514122009,0.4168577492237091,0.418974906206131
md2022_pilot,target complex,"[[1,0,0,0,1,0],[0,1,0,0,1,0],[1,0,0,0,0,1]]",utterance,4,2,94,4,0.0425531914893617,0.013969378545880318,0.01389267761260271,0.013927912339568138,0.013909602537751198,0.013932581059634686
md2022_pilot,target complex,"[[1,0,0,0,1,0],[1,0,0,1,0,0],[0,0,1,0,1,0]]",utterance,0,0,94,46,0.48936170212765956,0.49301525950431824,0.5761517882347107,0.5845366716384888,0.5692328810691833,0.5670928359031677
md2022_pilot,target complex,"[[1,0,0,0,1,0],[1,0,0,1,0,0],[0,0,1,0,1,0]]",utterance,0,1,94,42,0.44680851063829785,0.49301525950431824,0.4099554419517517,0.4015354514122009,0.4168577492237091,0.418974906206131
md2022_pilot,target complex,"[[1,0,0,0,1,0],[1,0,0,1,0,0],[0,0,1,0,1,0]]",utterance,0,2,94,6,0.06382978723404255,0.013969378545880318,0.01389267761260271,0.013927912339568138,0.013909602537751198,0.013932581059634686
md2022_pilot,target complex,"[[1,0,0,1,0,0],[1,0,0,0,1,0],[0,0,1,1,0,0]]",utterance,0,0,141,72,0.5106382978723404,0.49301525950431824,0.5761517286300659,0.584536612033844,0.5692329406738281,0.5670928359031677
md2022_pilot,target complex,"[[1,0,0,1,0,0],[1,0,0,0,1,0],[0,0,1,1,0,0]]",utterance,0,1,141,60,0.425531914893617,0.49301525950431824,0.40995556116104126,0.4015354812145233,0.41685765981674194,0.4189748167991638
md2022_pilot,target complex,"[[1,0,0,1,0,0],[1,0,0,0,1,0],[0,0,1,1,0,0]]",utterance,0,2,141,9,0.06382978723404255,0.013969376683235168,0.01389267761260271,0.013927913270890713,0.013909601606428623,0.013932579196989536
md2022_pilot,target simple,"[[0,0,1,0,1,0],[0,1,0,0,1,0],[1,0,0,1,0,0]]",utterance,4,0,94,70,0.7446808510638298,0.49301525950431824,0.7225952744483948,0.7339761853218079,0.7306922078132629,0.7349414229393005
md2022_pilot,target simple,"[[0,0,1,0,1,0],[0,1,0,0,1,0],[1,0,0,1,0,0]]",utterance,4,1,94,22,0.23404255319148937,0.49301525950431824,0.26351213455200195,0.25209593772888184,0.2553980052471161,0.25112563371658325
md2022_pilot,target simple,"[[0,0,1,0,1,0],[0,1,0,0,1,0],[1,0,0,1,0,0]]",utterance,4,2,94,2,0.02127659574468085,0.013969378545880318,0.01389267761260271,0.013927912339568138,0.013909602537751198,0.013932581059634686
md2022_pilot,target simple,"[[0,0,1,0,1,0],[1,0,0,0,1,0],[0,1,0,1,0,0]]",utterance,4,0,47,29,0.6170212765957447,0.49301519989967346,0.7225952744483948,0.7339760065078735,0.7306923270225525,0.7349417805671692
md2022_pilot,target simple,"[[0,0,1,0,1,0],[1,0,0,0,1,0],[0,1,0,1,0,0]]",utterance,4,1,47,17,0.3617021276595745,0.49301519989967346,0.2635122537612915,0.25209593772888184,0.2553980052471161,0.25112563371658325
md2022_pilot,target simple,"[[0,0,1,0,1,0],[1,0,0,0,1,0],[0,1,0,1,0,0]]",utterance,4,2,47,1,0.02127659574468085,0.013969372026622295,0.013892673887312412,0.013927915133535862,0.013909599743783474,0.013932579196989536
md2022_pilot,target simple,"[[0,0,1,1,0,0],[0,1,0,1,0,0],[1,0,0,0,1,0]]",utterance,3,0,94,72,0.7659574468085106,0.49301525950431824,0.7225952744483948,0.7339761853218079,0.7306922078132629,0.7349414229393005
md2022_pilot,target simple,"[[0,0,1,1,0,0],[0,1,0,1,0,0],[1,0,0,0,1,0]]",utterance,3,1,94,20,0.2127659574468085,0.49301525950431824,0.26351213455200195,0.25209593772888184,0.2553980052471161,0.25112563371658325
md2022_pilot,target simple,"[[0,0,1,1,0,0],[0,1,0,1,0,0],[1,0,0,0,1,0]]",utterance,3,2,94,2,0.02127659574468085,0.013969378545880318,0.01389267761260271,0.013927912339568138,0.013909602537751198,0.013932581059634686
md2022_pilot,target simple,"[[0,1,0,0,0,1],[0,1,0,0,1,0],[1,0,0,1,0,0]]",utterance,1,0,47,40,0.851063829787234,0.49301519989967346,0.7225952744483948,0.7339760065078735,0.7306923270225525,0.7349417805671692
md2022_pilot,target simple,"[[0,1,0,0,0,1],[0,1,0,0,1,0],[1,0,0,1,0,0]]",utterance,1,1,47,6,0.1276595744680851,0.49301519989967346,0.2635122537612915,0.25209593772888184,0.2553980052471161,0.25112563371658325
md2022_pilot,target simple,"[[0,1,0,0,0,1],[0,1,0,0,1,0],[1,0,0,1,0,0]]",utterance,1,2,47,1,0.02127659574468085,0.013969372026622295,0.013892673887312412,0.013927915133535862,0.013909599743783474,0.013932579196989536
md2022_pilot,target simple,"[[1,0,0,0,0,1],[1,0,0,0,1,0],[0,1,0,1,0,0]]",utterance,0,0,141,126,0.8936170212765957,0.49301525950431824,0.7225952744483948,0.7339759469032288,0.7306923866271973,0.7349416017532349
md2022_pilot,target simple,"[[1,0,0,0,0,1],[1,0,0,0,1,0],[0,1,0,1,0,0]]",utterance,0,1,141,15,0.10638297872340426,0.49301525950431824,0.26351213455200195,0.25209590792655945,0.2553980350494385,0.25112563371658325
md2022_pilot,target simple,"[[1,0,0,0,0,1],[1,0,0,0,1,0],[0,1,0,1,0,0]]",utterance,0,2,141,0,0.0,0.013969376683235168,0.01389267761260271,0.013927913270890713,0.013909601606428623,0.013932579196989536
md2022_pilot,target simple,"[[1,0,0,0,0,1],[1,0,0,1,0,0],[0,1,0,0,1,0]]",utterance,0,0,141,124,0.8794326241134752,0.49301525950431824,0.7225952744483948,0.7339759469032288,0.7306923866271973,0.7349416017532349
md2022_pilot,target simple,"[[1,0,0,0,0,1],[1,0,0,1,0,0],[0,1,0,0,1,0]]",utterance,0,1,141,17,0.12056737588652482,0.49301525950431824,0.26351213455200195,0.25209590792655945,0.2553980350494385,0.25112563371658325
md2022_pilot,target simple,"[[1,0,0,0,0,1],[1,0,0,1,0,0],[0,1,0,0,1,0]]",utterance,0,2,141,0,0.0,0.013969376683235168,0.01389267761260271,0.013927913270890713,0.013909601606428623,0.013932579196989536
md2023_e1_replication,filler ambiguous,"[[0,1,0,0,1,0],[0,1,0,0,1,0],[1,0,0,0,0,1]]",utterance,1,0,114,112,0.9824561403508771,0.9860305190086365,0.9861069321632385,0.9860724210739136,0.9860906004905701,0.986067533493042
md2023_e1_replication,filler ambiguous,"[[0,1,0,0,1,0],[0,1,0,0,1,0],[1,0,0,0,0,1]]",utterance,1,2,114,2,0.017543859649122806,0.013969376683235168,0.013892678543925285,0.013927910476922989,0.013909604400396347,0.01393258199095726
md2023_e1_replication,filler ambiguous,"[[0,1,0,0,1,0],[0,1,0,0,1,0],[1,0,0,1,0,0]]",utterance,4,0,57,56,0.9824561403508771,0.9860304594039917,0.9861069917678833,0.9860724210739136,0.9860906004905701,0.9860674142837524
md2023_e1_replication,filler ambiguous,"[[0,1,0,0,1,0],[0,1,0,0,1,0],[1,0,0,1,0,0]]",utterance,4,2,57,1,0.017543859649122806,0.013969373889267445,0.01389267761260271,0.013927912339568138,0.013909602537751198,0.013932578265666962
md2023_e1_replication,filler ambiguous,"[[1,0,0,1,0,0],[1,0,0,1,0,0],[0,1,0,0,0,1]]",utterance,0,0,57,55,0.9649122807017544,0.9860304594039917,0.9861069917678833,0.9860724210739136,0.9860906004905701,0.9860674142837524
md2023_e1_replication,filler ambiguous,"[[1,0,0,1,0,0],[1,0,0,1,0,0],[0,1,0,0,0,1]]",utterance,0,2,57,2,0.03508771929824561,0.013969373889267445,0.01389267761260271,0.013927912339568138,0.013909602537751198,0.013932578265666962
md2023_e1_replication,filler ambiguous,"[[1,0,0,1,0,0],[1,0,0,1,0,0],[0,1,0,0,0,1]]",utterance,3,0,114,110,0.9649122807017544,0.9860305190086365,0.9861069321632385,0.9860724210739136,0.9860906004905701,0.986067533493042
md2023_e1_replication,filler ambiguous,"[[1,0,0,1,0,0],[1,0,0,1,0,0],[0,1,0,0,0,1]]",utterance,3,2,114,4,0.03508771929824561,0.013969376683235168,0.013892678543925285,0.013927910476922989,0.013909604400396347,0.01393258199095726
md2023_e1_replication,filler ambiguous,"[[1,0,0,1,0,0],[1,0,0,1,0,0],[0,1,0,0,1,0]]",utterance,0,0,57,54,0.9473684210526315,0.9860304594039917,0.9861069917678833,0.9860724210739136,0.9860906004905701,0.9860674142837524
md2023_e1_replication,filler ambiguous,"[[1,0,0,1,0,0],[1,0,0,1,0,0],[0,1,0,0,1,0]]",utterance,0,2,57,3,0.05263157894736842,0.013969373889267445,0.01389267761260271,0.013927912339568138,0.013909602537751198,0.013932578265666962
md2023_e1_replication,filler ambiguous,"[[1,0,0,1,0,0],[1,0,0,1,0,0],[0,1,0,0,1,0]]",utterance,3,0,114,110,0.9649122807017544,0.9860305190086365,0.9861069321632385,0.9860724210739136,0.9860906004905701,0.986067533493042
md2023_e1_replication,filler ambiguous,"[[1,0,0,1,0,0],[1,0,0,1,0,0],[0,1,0,0,1,0]]",utterance,3,2,114,4,0.03508771929824561,0.013969376683235168,0.013892678543925285,0.013927910476922989,0.013909604400396347,0.01393258199095726
md2023_e1_replication,filler type a,"[[0,1,0,0,1,0],[0,0,1,0,1,0],[1,0,0,1,0,0]]",utterance,1,0,57,55,0.9649122807017544,0.972061276435852,0.9722147583961487,0.9721440672874451,0.9721804261207581,0.9721346497535706
md2023_e1_replication,filler type a,"[[0,1,0,0,1,0],[0,0,1,0,1,0],[1,0,0,1,0,0]]",utterance,1,1,57,2,0.03508771929824561,0.013969373889267445,0.01389267761260271,0.013927912339568138,0.013909602537751198,0.013932578265666962
md2023_e1_replication,filler type a,"[[0,1,0,0,1,0],[0,0,1,0,1,0],[1,0,0,1,0,0]]",utterance,1,2,57,0,0.0,0.013969373889267445,0.01389267761260271,0.013927912339568138,0.013909602537751198,0.013932578265666962
md2023_e1_replication,filler type a,"[[0,1,0,1,0,0],[0,0,1,1,0,0],[1,0,0,0,1,0]]",utterance,1,0,57,56,0.9824561403508771,0.972061276435852,0.9722147583961487,0.9721440672874451,0.9721804261207581,0.9721346497535706
md2023_e1_replication,filler type a,"[[0,1,0,1,0,0],[0,0,1,1,0,0],[1,0,0,0,1,0]]",utterance,1,1,57,1,0.017543859649122806,0.013969373889267445,0.01389267761260271,0.013927912339568138,0.013909602537751198,0.013932578265666962
md2023_e1_replication,filler type a,"[[0,1,0,1,0,0],[0,0,1,1,0,0],[1,0,0,0,1,0]]",utterance,1,2,57,0,0.0,0.013969373889267445,0.01389267761260271,0.013927912339568138,0.013909602537751198,0.013932578265666962
md2023_e1_replication,filler type a,"[[1,0,0,0,1,0],[1,0,0,0,0,1],[0,1,0,1,0,0]]",utterance,4,0,114,113,0.9912280701754386,0.9720612168312073,0.9722147583961487,0.9721440672874451,0.9721804857254028,0.9721347093582153
md2023_e1_replication,filler type a,"[[1,0,0,0,1,0],[1,0,0,0,0,1],[0,1,0,1,0,0]]",utterance,4,1,114,0,0.0,0.013969376683235168,0.013892678543925285,0.013927910476922989,0.013909604400396347,0.01393258199095726
md2023_e1_replication,filler type a,"[[1,0,0,0,1,0],[1,0,0,0,0,1],[0,1,0,1,0,0]]",utterance,4,2,114,1,0.008771929824561403,0.013969376683235168,0.013892678543925285,0.013927910476922989,0.013909604400396347,0.01393258199095726
md2023_e1_replication,filler type a,"[[1,0,0,1,0,0],[1,0,0,0,0,1],[0,1,0,0,1,0]]",utterance,3,0,114,114,1.0,0.9720612168312073,0.9722147583961487,0.9721440672874451,0.9721804857254028,0.9721347093582153
md2023_e1_replication,filler type a,"[[1,0,0,1,0,0],[1,0,0,0,0,1],[0,1,0,0,1,0]]",utterance,3,1,114,0,0.0,0.013969376683235168,0.013892678543925285,0.013927910476922989,0.013909604400396347,0.01393258199095726
md2023_e1_replication,filler type a,"[[1,0,0,1,0,0],[1,0,0,0,0,1],[0,1,0,0,1,0]]",utterance,3,2,114,0,0.0,0.013969376683235168,0.013892678543925285,0.013927910476922989,0.013909604400396347,0.01393258199095726
md2023_e1_replication,filler type b,"[[0,1,0,0,1,0],[1,0,0,1,0,0],[1,0,0,0,0,1]]",utterance,1,0,57,56,0.9824561403508771,0.972061276435852,0.9722147583961487,0.9721440672874451,0.9721804261207581,0.9721346497535706
md2023_e1_replication,filler type b,"[[0,1,0,0,1,0],[1,0,0,1,0,0],[1,0,0,0,0,1]]",utterance,1,1,57,0,0.0,0.013969373889267445,0.01389267761260271,0.013927912339568138,0.013909602537751198,0.013932578265666962
md2023_e1_replication,filler type b,"[[0,1,0,0,1,0],[1,0,0,1,0,0],[1,0,0,0,0,1]]",utterance,1,2,57,1,0.017543859649122806,0.013969373889267445,0.01389267761260271,0.013927912339568138,0.013909602537751198,0.013932578265666962
md2023_e1_replication,filler type b,"[[0,1,0,1,0,0],[0,0,1,0,1,0],[1,0,0,0,1,0]]",utterance,1,0,57,57,1.0,0.972061276435852,0.9722147583961487,0.9721440672874451,0.9721804261207581,0.9721346497535706
md2023_e1_replication,filler type b,"[[0,1,0,1,0,0],[0,0,1,0,1,0],[1,0,0,0,1,0]]",utterance,1,1,57,0,0.0,0.013969373889267445,0.01389267761260271,0.013927912339568138,0.013909602537751198,0.013932578265666962
md2023_e1_replication,filler type b,"[[0,1,0,1,0,0],[0,0,1,0,1,0],[1,0,0,0,1,0]]",utterance,1,2,57,0,0.0,0.013969373889267445,0.01389267761260271,0.013927912339568138,0.013909602537751198,0.013932578265666962
md2023_e1_replication,filler type b,"[[0,1,0,1,0,0],[1,0,0,0,0,1],[1,0,0,0,1,0]]",utterance,3,0,57,57,1.0,0.972061276435852,0.9722147583961487,0.9721440672874451,0.9721804261207581,0.9721346497535706
md2023_e1_replication,filler type b,"[[0,1,0,1,0,0],[1,0,0,0,0,1],[1,0,0,0,1,0]]",utterance,3,1,57,0,0.0,0.013969373889267445,0.01389267761260271,0.013927912339568138,0.013909602537751198,0.013932578265666962
md2023_e1_replication,filler type b,"[[0,1,0,1,0,0],[1,0,0,0,0,1],[1,0,0,0,1,0]]",utterance,3,2,57,0,0.0,0.013969373889267445,0.01389267761260271,0.013927912339568138,0.013909602537751198,0.013932578265666962
md2023_e1_replication,filler type b,"[[1,0,0,0,1,0],[0,1,0,1,0,0],[0,0,1,1,0,0]]",utterance,4,0,57,57,1.0,0.972061276435852,0.9722147583961487,0.9721440672874451,0.9721804261207581,0.9721346497535706
md2023_e1_replication,filler type b,"[[1,0,0,0,1,0],[0,1,0,1,0,0],[0,0,1,1,0,0]]",utterance,4,1,57,0,0.0,0.013969373889267445,0.01389267761260271,0.013927912339568138,0.013909602537751198,0.013932578265666962
md2023_e1_replication,filler type b,"[[1,0,0,0,1,0],[0,1,0,1,0,0],[0,0,1,1,0,0]]",utterance,4,2,57,0,0.0,0.013969373889267445,0.01389267761260271,0.013927912339568138,0.013909602537751198,0.013932578265666962
md2023_e1_replication,filler type b,"[[1,0,0,1,0,0],[0,0,1,0,1,0],[0,1,0,0,1,0]]",utterance,3,0,57,57,1.0,0.972061276435852,0.9722147583961487,0.9721440672874451,0.9721804261207581,0.9721346497535706
md2023_e1_replication,filler type b,"[[1,0,0,1,0,0],[0,0,1,0,1,0],[0,1,0,0,1,0]]",utterance,3,1,57,0,0.0,0.013969373889267445,0.01389267761260271,0.013927912339568138,0.013909602537751198,0.013932578265666962
md2023_e1_replication,filler type b,"[[1,0,0,1,0,0],[0,0,1,0,1,0],[0,1,0,0,1,0]]",utterance,3,2,57,0,0.0,0.013969373889267445,0.01389267761260271,0.013927912339568138,0.013909602537751198,0.013932578265666962
md2023_e1_replication,filler type b,"[[1,0,0,1,0,0],[0,1,0,0,1,0],[0,1,0,0,0,1]]",utterance,0,0,57,55,0.9649122807017544,0.972061276435852,0.9722147583961487,0.9721440672874451,0.9721804261207581,0.9721346497535706
md2023_e1_replication,filler type b,"[[1,0,0,1,0,0],[0,1,0,0,1,0],[0,1,0,0,0,1]]",utterance,0,1,57,0,0.0,0.013969373889267445,0.01389267761260271,0.013927912339568138,0.013909602537751198,0.013932578265666962
md2023_e1_replication,filler type b,"[[1,0,0,1,0,0],[0,1,0,0,1,0],[0,1,0,0,0,1]]",utterance,0,2,57,2,0.03508771929824561,0.013969373889267445,0.01389267761260271,0.013927912339568138,0.013909602537751198,0.013932578265666962
md2023_e1_replication,filler type c,"[[0,1,0,0,1,0],[0,1,0,1,0,0],[0,0,1,1,0,0]]",utterance,4,0,114,112,0.9824561403508771,0.9720612168312073,0.9722147583961487,0.9721440672874451,0.9721804857254028,0.9721347093582153
md2023_e1_replication,filler type c,"[[0,1,0,0,1,0],[0,1,0,1,0,0],[0,0,1,1,0,0]]",utterance,4,1,114,0,0.0,0.013969376683235168,0.013892678543925285,0.013927910476922989,0.013909604400396347,0.01393258199095726
md2023_e1_replication,filler type c,"[[0,1,0,0,1,0],[0,1,0,1,0,0],[0,0,1,1,0,0]]",utterance,4,2,114,2,0.017543859649122806,0.013969376683235168,0.013892678543925285,0.013927910476922989,0.013909604400396347,0.01393258199095726
md2023_e1_replication,filler type c,"[[0,1,0,0,1,0],[1,0,0,0,1,0],[1,0,0,0,0,1]]",utterance,1,0,114,114,1.0,0.9720612168312073,0.9722147583961487,0.9721440672874451,0.9721804857254028,0.9721347093582153
md2023_e1_replication,filler type c,"[[0,1,0,0,1,0],[1,0,0,0,1,0],[1,0,0,0,0,1]]",utterance,1,1,114,0,0.0,0.013969376683235168,0.013892678543925285,0.013927910476922989,0.013909604400396347,0.01393258199095726
md2023_e1_replication,filler type c,"[[0,1,0,0,1,0],[1,0,0,0,1,0],[1,0,0,0,0,1]]",utterance,1,2,114,0,0.0,0.013969376683235168,0.013892678543925285,0.013927910476922989,0.013909604400396347,0.01393258199095726
md2023_e1_replication,filler type c,"[[0,1,0,1,0,0],[0,1,0,0,1,0],[0,0,1,0,1,0]]",utterance,3,0,114,114,1.0,0.9720612168312073,0.9722147583961487,0.9721440672874451,0.9721804857254028,0.9721347093582153
md2023_e1_replication,filler type c,"[[0,1,0,1,0,0],[0,1,0,0,1,0],[0,0,1,0,1,0]]",utterance,3,1,114,0,0.0,0.013969376683235168,0.013892678543925285,0.013927910476922989,0.013909604400396347,0.01393258199095726
md2023_e1_replication,filler type c,"[[0,1,0,1,0,0],[0,1,0,0,1,0],[0,0,1,0,1,0]]",utterance,3,2,114,0,0.0,0.013969376683235168,0.013892678543925285,0.013927910476922989,0.013909604400396347,0.01393258199095726
md2023_e1_replication,filler type c,"[[1,0,0,0,1,0],[1,0,0,1,0,0],[0,0,1,1,0,0]]",utterance,4,0,171,169,0.9883040935672515,0.9720612168312073,0.9722146987915039,0.9721440672874451,0.9721804857254028,0.9721347689628601
md2023_e1_replication,filler type c,"[[1,0,0,0,1,0],[1,0,0,1,0,0],[0,0,1,1,0,0]]",utterance,4,1,171,1,0.005847953216374269,0.013969376683235168,0.013892678543925285,0.013927911408245564,0.013909603469073772,0.013932579196989536
md2023_e1_replication,filler type c,"[[1,0,0,0,1,0],[1,0,0,1,0,0],[0,0,1,1,0,0]]",utterance,4,2,171,1,0.005847953216374269,0.013969376683235168,0.013892678543925285,0.013927911408245564,0.013909603469073772,0.013932579196989536
md2023_e1_replication,filler type c,"[[1,0,0,1,0,0],[0,1,0,1,0,0],[0,1,0,0,0,1]]",utterance,0,0,57,57,1.0,0.972061276435852,0.9722147583961487,0.9721440672874451,0.9721804261207581,0.9721346497535706
md2023_e1_replication,filler type c,"[[1,0,0,1,0,0],[0,1,0,1,0,0],[0,1,0,0,0,1]]",utterance,0,1,57,0,0.0,0.013969373889267445,0.01389267761260271,0.013927912339568138,0.013909602537751198,0.013932578265666962
md2023_e1_replication,filler type c,"[[1,0,0,1,0,0],[0,1,0,1,0,0],[0,1,0,0,0,1]]",utterance,0,2,57,0,0.0,0.013969373889267445,0.01389267761260271,0.013927912339568138,0.013909602537751198,0.013932578265666962
md2023_e1_replication,filler type c,"[[1,0,0,1,0,0],[1,0,0,0,1,0],[0,0,1,0,1,0]]",utterance,3,0,114,113,0.9912280701754386,0.9720612168312073,0.9722147583961487,0.9721440672874451,0.9721804857254028,0.9721347093582153
md2023_e1_replication,filler type c,"[[1,0,0,1,0,0],[1,0,0,0,1,0],[0,0,1,0,1,0]]",utterance,3,1,114,1,0.008771929824561403,0.013969376683235168,0.013892678543925285,0.013927910476922989,0.013909604400396347,0.01393258199095726
md2023_e1_replication,filler type c,"[[1,0,0,1,0,0],[1,0,0,0,1,0],[0,0,1,0,1,0]]",utterance,3,2,114,0,0.0,0.013969376683235168,0.013892678543925285,0.013927910476922989,0.013909604400396347,0.01393258199095726
md2023_e1_replication,filler unambiguous,"[[0,0,1,0,1,0],[0,1,0,0,0,1],[1,0,0,1,0,0]]",utterance,4,0,57,57,1.0,0.972061276435852,0.9722147583961487,0.9721440672874451,0.9721804261207581,0.9721346497535706
md2023_e1_replication,filler unambiguous,"[[0,0,1,0,1,0],[0,1,0,0,0,1],[1,0,0,1,0,0]]",utterance,4,1,57,0,0.0,0.013969373889267445,0.01389267761260271,0.013927912339568138,0.013909602537751198,0.013932578265666962
md2023_e1_replication,filler unambiguous,"[[0,0,1,0,1,0],[0,1,0,0,0,1],[1,0,0,1,0,0]]",utterance,4,2,57,0,0.0,0.013969373889267445,0.01389267761260271,0.013927912339568138,0.013909602537751198,0.013932578265666962
md2023_e1_replication,filler unambiguous,"[[0,0,1,0,1,0],[1,0,0,0,0,1],[0,1,0,1,0,0]]",utterance,4,0,57,57,1.0,0.972061276435852,0.9722147583961487,0.9721440672874451,0.9721804261207581,0.9721346497535706
md2023_e1_replication,filler unambiguous,"[[0,0,1,0,1,0],[1,0,0,0,0,1],[0,1,0,1,0,0]]",utterance,4,1,57,0,0.0,0.013969373889267445,0.01389267761260271,0.013927912339568138,0.013909602537751198,0.013932578265666962
md2023_e1_replication,filler unambiguous,"[[0,0,1,0,1,0],[1,0,0,0,0,1],[0,1,0,1,0,0]]",utterance,4,2,57,0,0.0,0.013969373889267445,0.01389267761260271,0.013927912339568138,0.013909602537751198,0.013932578265666962
md2023_e1_replication,filler unambiguous,"[[0,1,0,0,1,0],[0,0,1,0,0,1],[1,0,0,1,0,0]]",utterance,1,0,57,57,1.0,0.972061276435852,0.9722147583961487,0.9721440672874451,0.9721804261207581,0.9721346497535706
md2023_e1_replication,filler unambiguous,"[[0,1,0,0,1,0],[0,0,1,0,0,1],[1,0,0,1,0,0]]",utterance,1,1,57,0,0.0,0.013969373889267445,0.01389267761260271,0.013927912339568138,0.013909602537751198,0.013932578265666962
md2023_e1_replication,filler unambiguous,"[[0,1,0,0,1,0],[0,0,1,0,0,1],[1,0,0,1,0,0]]",utterance,1,2,57,0,0.0,0.013969373889267445,0.01389267761260271,0.013927912339568138,0.013909602537751198,0.013932578265666962
md2023_e1_replication,filler unambiguous,"[[0,1,0,1,0,0],[1,0,0,0,0,1],[0,0,1,0,1,0]]",utterance,3,0,57,57,1.0,0.972061276435852,0.9722147583961487,0.9721440672874451,0.9721804261207581,0.9721346497535706
md2023_e1_replication,filler unambiguous,"[[0,1,0,1,0,0],[1,0,0,0,0,1],[0,0,1,0,1,0]]",utterance,3,1,57,0,0.0,0.013969373889267445,0.01389267761260271,0.013927912339568138,0.013909602537751198,0.013932578265666962
md2023_e1_replication,filler unambiguous,"[[0,1,0,1,0,0],[1,0,0,0,0,1],[0,0,1,0,1,0]]",utterance,3,2,57,0,0.0,0.013969373889267445,0.01389267761260271,0.013927912339568138,0.013909602537751198,0.013932578265666962
md2023_e1_replication,filler unambiguous,"[[0,1,0,1,0,0],[1,0,0,0,1,0],[0,0,1,0,0,1]]",utterance,3,0,57,57,1.0,0.972061276435852,0.9722147583961487,0.9721440672874451,0.9721804261207581,0.9721346497535706
md2023_e1_replication,filler unambiguous,"[[0,1,0,1,0,0],[1,0,0,0,1,0],[0,0,1,0,0,1]]",utterance,3,1,57,0,0.0,0.013969373889267445,0.01389267761260271,0.013927912339568138,0.013909602537751198,0.013932578265666962
md2023_e1_replication,filler unambiguous,"[[0,1,0,1,0,0],[1,0,0,0,1,0],[0,0,1,0,0,1]]",utterance,3,2,57,0,0.0,0.013969373889267445,0.01389267761260271,0.013927912339568138,0.013909602537751198,0.013932578265666962
md2023_e1_replication,filler unambiguous,"[[1,0,0,0,1,0],[0,1,0,1,0,0],[0,0,1,0,0,1]]",utterance,4,0,57,56,0.9824561403508771,0.972061276435852,0.9722147583961487,0.9721440672874451,0.9721804261207581,0.9721346497535706
md2023_e1_replication,filler unambiguous,"[[1,0,0,0,1,0],[0,1,0,1,0,0],[0,0,1,0,0,1]]",utterance,4,1,57,1,0.017543859649122806,0.013969373889267445,0.01389267761260271,0.013927912339568138,0.013909602537751198,0.013932578265666962
md2023_e1_replication,filler unambiguous,"[[1,0,0,0,1,0],[0,1,0,1,0,0],[0,0,1,0,0,1]]",utterance,4,2,57,0,0.0,0.013969373889267445,0.01389267761260271,0.013927912339568138,0.013909602537751198,0.013932578265666962
md2023_e1_replication,filler unambiguous,"[[1,0,0,1,0,0],[0,0,1,0,0,1],[0,1,0,0,1,0]]",utterance,0,0,57,56,0.9824561403508771,0.972061276435852,0.9722147583961487,0.9721440672874451,0.9721804261207581,0.9721346497535706
md2023_e1_replication,filler unambiguous,"[[1,0,0,1,0,0],[0,0,1,0,0,1],[0,1,0,0,1,0]]",utterance,0,1,57,1,0.017543859649122806,0.013969373889267445,0.01389267761260271,0.013927912339568138,0.013909602537751198,0.013932578265666962
md2023_e1_replication,filler unambiguous,"[[1,0,0,1,0,0],[0,0,1,0,0,1],[0,1,0,0,1,0]]",utterance,0,2,57,0,0.0,0.013969373889267445,0.01389267761260271,0.013927912339568138,0.013909602537751198,0.013932578265666962
md2023_e1_replication,filler unambiguous,"[[1,0,0,1,0,0],[0,1,0,0,0,1],[0,0,1,0,1,0]]",utterance,3,0,57,57,1.0,0.972061276435852,0.9722147583961487,0.9721440672874451,0.9721804261207581,0.9721346497535706
md2023_e1_replication,filler unambiguous,"[[1,0,0,1,0,0],[0,1,0,0,0,1],[0,0,1,0,1,0]]",utterance,3,1,57,0,0.0,0.013969373889267445,0.01389267761260271,0.013927912339568138,0.013909602537751198,0.013932578265666962
md2023_e1_replication,filler unambiguous,"[[1,0,0,1,0,0],[0,1,0,0,0,1],[0,0,1,0,1,0]]",utterance,3,2,57,0,0.0,0.013969373889267445,0.01389267761260271,0.013927912339568138,0.013909602537751198,0.013932578265666962
md2023_e1_replication,filler unambiguous,"[[1,0,0,1,0,0],[0,1,0,0,1,0],[0,0,1,0,0,1]]",utterance,0,0,57,55,0.9649122807017544,0.972061276435852,0.9722147583961487,0.9721440672874451,0.9721804261207581,0.9721346497535706
md2023_e1_replication,filler unambiguous,"[[1,0,0,1,0,0],[0,1,0,0,1,0],[0,0,1,0,0,1]]",utterance,0,1,57,0,0.0,0.013969373889267445,0.01389267761260271,0.013927912339568138,0.013909602537751198,0.013932578265666962
md2023_e1_replication,filler unambiguous,"[[1,0,0,1,0,0],[0,1,0,0,1,0],[0,0,1,0,0,1]]",utterance,0,2,57,2,0.03508771929824561,0.013969373889267445,0.01389267761260271,0.013927912339568138,0.013909602537751198,0.013932578265666962
md2023_e1_replication,target complex,"[[0,1,0,0,1,0],[0,1,0,1,0,0],[0,0,1,0,1,0]]",utterance,1,0,114,60,0.5263157894736842,0.49301525950431824,0.5761516690254211,0.5845365524291992,0.5692328810691833,0.5670928359031677
md2023_e1_replication,target complex,"[[0,1,0,0,1,0],[0,1,0,1,0,0],[0,0,1,0,1,0]]",utterance,1,1,114,46,0.40350877192982454,0.49301525950431824,0.4099555015563965,0.4015354812145233,0.41685768961906433,0.4189748466014862
md2023_e1_replication,target complex,"[[0,1,0,0,1,0],[0,1,0,1,0,0],[0,0,1,0,1,0]]",utterance,1,2,114,8,0.07017543859649122,0.013969376683235168,0.013892678543925285,0.013927910476922989,0.013909604400396347,0.01393258199095726
md2023_e1_replication,target complex,"[[0,1,0,1,0,0],[0,1,0,0,1,0],[0,0,1,1,0,0]]",utterance,1,0,114,49,0.4298245614035088,0.49301525950431824,0.5761516690254211,0.5845365524291992,0.5692328810691833,0.5670928359031677
md2023_e1_replication,target complex,"[[0,1,0,1,0,0],[0,1,0,0,1,0],[0,0,1,1,0,0]]",utterance,1,1,114,56,0.49122807017543857,0.49301525950431824,0.4099555015563965,0.4015354812145233,0.41685768961906433,0.4189748466014862
md2023_e1_replication,target complex,"[[0,1,0,1,0,0],[0,1,0,0,1,0],[0,0,1,1,0,0]]",utterance,1,2,114,9,0.07894736842105263,0.013969376683235168,0.013892678543925285,0.013927910476922989,0.013909604400396347,0.01393258199095726
md2023_e1_replication,target complex,"[[0,1,0,1,0,0],[1,0,0,1,0,0],[0,1,0,0,0,1]]",utterance,3,0,57,34,0.5964912280701754,0.49301522970199585,0.5761516690254211,0.584536612033844,0.5692328810691833,0.5670928359031677
md2023_e1_replication,target complex,"[[0,1,0,1,0,0],[1,0,0,1,0,0],[0,1,0,0,0,1]]",utterance,3,1,57,20,0.3508771929824561,0.49301522970199585,0.40995559096336365,0.4015354812145233,0.41685765981674194,0.41897478699684143
md2023_e1_replication,target complex,"[[0,1,0,1,0,0],[1,0,0,1,0,0],[0,1,0,0,0,1]]",utterance,3,2,57,3,0.05263157894736842,0.013969373889267445,0.01389267761260271,0.013927912339568138,0.013909602537751198,0.013932578265666962
md2023_e1_replication,target complex,"[[1,0,0,0,1,0],[0,1,0,0,1,0],[1,0,0,0,0,1]]",utterance,4,0,114,74,0.6491228070175439,0.49301525950431824,0.5761516690254211,0.5845365524291992,0.5692328810691833,0.5670928359031677
md2023_e1_replication,target complex,"[[1,0,0,0,1,0],[0,1,0,0,1,0],[1,0,0,0,0,1]]",utterance,4,1,114,36,0.3157894736842105,0.49301525950431824,0.4099555015563965,0.4015354812145233,0.41685768961906433,0.4189748466014862
md2023_e1_replication,target complex,"[[1,0,0,0,1,0],[0,1,0,0,1,0],[1,0,0,0,0,1]]",utterance,4,2,114,4,0.03508771929824561,0.013969376683235168,0.013892678543925285,0.013927910476922989,0.013909604400396347,0.01393258199095726
md2023_e1_replication,target complex,"[[1,0,0,0,1,0],[1,0,0,1,0,0],[0,0,1,0,1,0]]",utterance,0,0,114,49,0.4298245614035088,0.49301525950431824,0.5761516690254211,0.5845365524291992,0.5692328810691833,0.5670928359031677
md2023_e1_replication,target complex,"[[1,0,0,0,1,0],[1,0,0,1,0,0],[0,0,1,0,1,0]]",utterance,0,1,114,59,0.5175438596491229,0.49301525950431824,0.4099555015563965,0.4015354812145233,0.41685768961906433,0.4189748466014862
md2023_e1_replication,target complex,"[[1,0,0,0,1,0],[1,0,0,1,0,0],[0,0,1,0,1,0]]",utterance,0,2,114,6,0.05263157894736842,0.013969376683235168,0.013892678543925285,0.013927910476922989,0.013909604400396347,0.01393258199095726
md2023_e1_replication,target complex,"[[1,0,0,1,0,0],[1,0,0,0,1,0],[0,0,1,1,0,0]]",utterance,0,0,171,83,0.4853801169590643,0.49301522970199585,0.5761517286300659,0.584536612033844,0.5692328810691833,0.5670928359031677
md2023_e1_replication,target complex,"[[1,0,0,1,0,0],[1,0,0,0,1,0],[0,0,1,1,0,0]]",utterance,0,1,171,77,0.4502923976608187,0.49301522970199585,0.40995553135871887,0.4015354812145233,0.4168577194213867,0.4189748466014862
md2023_e1_replication,target complex,"[[1,0,0,1,0,0],[1,0,0,0,1,0],[0,0,1,1,0,0]]",utterance,0,2,171,11,0.06432748538011696,0.013969376683235168,0.013892678543925285,0.013927911408245564,0.013909603469073772,0.013932579196989536
md2023_e1_replication,target simple,"[[0,0,1,0,1,0],[0,1,0,0,1,0],[1,0,0,1,0,0]]",utterance,4,0,114,83,0.7280701754385965,0.49301525950431824,0.7225952744483948,0.7339761257171631,0.7306922078132629,0.7349415421485901
md2023_e1_replication,target simple,"[[0,0,1,0,1,0],[0,1,0,0,1,0],[1,0,0,1,0,0]]",utterance,4,1,114,29,0.2543859649122807,0.49301525950431824,0.26351213455200195,0.25209593772888184,0.2553980350494385,0.25112563371658325
md2023_e1_replication,target simple,"[[0,0,1,0,1,0],[0,1,0,0,1,0],[1,0,0,1,0,0]]",utterance,4,2,114,2,0.017543859649122806,0.013969376683235168,0.013892678543925285,0.013927910476922989,0.013909604400396347,0.01393258199095726
md2023_e1_replication,target simple,"[[0,0,1,0,1,0],[1,0,0,0,1,0],[0,1,0,1,0,0]]",utterance,4,0,57,42,0.7368421052631579,0.49301522970199585,0.7225952744483948,0.7339760065078735,0.7306923270225525,0.7349416613578796
md2023_e1_replication,target simple,"[[0,0,1,0,1,0],[1,0,0,0,1,0],[0,1,0,1,0,0]]",utterance,4,1,57,14,0.24561403508771928,0.49301522970199585,0.26351216435432434,0.25209590792655945,0.2553980350494385,0.25112566351890564
md2023_e1_replication,target simple,"[[0,0,1,0,1,0],[1,0,0,0,1,0],[0,1,0,1,0,0]]",utterance,4,2,57,1,0.017543859649122806,0.013969373889267445,0.01389267761260271,0.013927912339568138,0.013909602537751198,0.013932578265666962
md2023_e1_replication,target simple,"[[0,0,1,1,0,0],[0,1,0,1,0,0],[1,0,0,0,1,0]]",utterance,3,0,114,79,0.6929824561403509,0.49301525950431824,0.7225952744483948,0.7339761257171631,0.7306922078132629,0.7349415421485901
md2023_e1_replication,target simple,"[[0,0,1,1,0,0],[0,1,0,1,0,0],[1,0,0,0,1,0]]",utterance,3,1,114,33,0.2894736842105263,0.49301525950431824,0.26351213455200195,0.25209593772888184,0.2553980350494385,0.25112563371658325
md2023_e1_replication,target simple,"[[0,0,1,1,0,0],[0,1,0,1,0,0],[1,0,0,0,1,0]]",utterance,3,2,114,2,0.017543859649122806,0.013969376683235168,0.013892678543925285,0.013927910476922989,0.013909604400396347,0.01393258199095726
md2023_e1_replication,target simple,"[[0,1,0,0,0,1],[0,1,0,0,1,0],[1,0,0,1,0,0]]",utterance,1,0,57,44,0.7719298245614035,0.49301522970199585,0.7225952744483948,0.7339760065078735,0.7306923270225525,0.7349416613578796
md2023_e1_replication,target simple,"[[0,1,0,0,0,1],[0,1,0,0,1,0],[1,0,0,1,0,0]]",utterance,1,1,57,12,0.21052631578947367,0.49301522970199585,0.26351216435432434,0.25209590792655945,0.2553980350494385,0.25112566351890564
md2023_e1_replication,target simple,"[[0,1,0,0,0,1],[0,1,0,0,1,0],[1,0,0,1,0,0]]",utterance,1,2,57,1,0.017543859649122806,0.013969373889267445,0.01389267761260271,0.013927912339568138,0.013909602537751198,0.013932578265666962
md2023_e1_replication,target simple,"[[1,0,0,0,0,1],[1,0,0,0,1,0],[0,1,0,1,0,0]]",utterance,0,0,171,148,0.8654970760233918,0.49301522970199585,0.7225952744483948,0.7339760661125183,0.7306922674179077,0.7349415421485901
md2023_e1_replication,target simple,"[[1,0,0,0,0,1],[1,0,0,0,1,0],[0,1,0,1,0,0]]",utterance,0,1,171,20,0.11695906432748537,0.49301522970199585,0.26351213455200195,0.25209590792655945,0.2553980350494385,0.25112563371658325
md2023_e1_replication,target simple,"[[1,0,0,0,0,1],[1,0,0,0,1,0],[0,1,0,1,0,0]]",utterance,0,2,171,3,0.017543859649122806,0.013969376683235168,0.013892678543925285,0.013927911408245564,0.013909603469073772,0.013932579196989536
md2023_e1_replication,target simple,"[[1,0,0,0,0,1],[1,0,0,1,0,0],[0,1,0,0,1,0]]",utterance,0,0,171,149,0.8713450292397661,0.49301522970199585,0.7225952744483948,0.7339760661125183,0.7306922674179077,0.7349415421485901
md2023_e1_replication,target simple,"[[1,0,0,0,0,1],[1,0,0,1,0,0],[0,1,0,0,1,0]]",utterance,0,1,171,18,0.10526315789473684,0.49301522970199585,0.26351213455200195,0.25209590792655945,0.2553980350494385,0.25112563371658325
md2023_e1_replication,target simple,"[[1,0,0,0,0,1],[1,0,0,1,0,0],[0,1,0,0,1,0]]",utterance,0,2,171,4,0.023391812865497075,0.013969376683235168,0.013892678543925285,0.013927911408245564,0.013909603469073772,0.013932579196989536
md2023_e2_remapped,filler ambiguous,"[[0,0,1,1,0,0],[0,0,1,1,0,0],[0,1,0,0,0,1]]",utterance,2,0,55,53,0.9636363636363636,0.9860304594039917,0.9861069917678833,0.9860724210739136,0.9860907196998596,0.986067533493042
md2023_e2_remapped,filler ambiguous,"[[0,0,1,1,0,0],[0,0,1,1,0,0],[0,1,0,0,0,1]]",utterance,2,2,55,2,0.03636363636363636,0.01396937295794487,0.013892674818634987,0.013927915133535862,0.013909599743783474,0.013932579196989536
md2023_e2_remapped,filler ambiguous,"[[0,0,1,1,0,0],[0,0,1,1,0,0],[0,1,0,0,0,1]]",utterance,3,0,110,109,0.990909090909091,0.9860305190086365,0.9861069321632385,0.9860722422599792,0.9860906600952148,0.986067533493042
md2023_e2_remapped,filler ambiguous,"[[0,0,1,1,0,0],[0,0,1,1,0,0],[0,1,0,0,0,1]]",utterance,3,2,110,1,0.00909090909090909,0.013969377614557743,0.01389267761260271,0.013927911408245564,0.013909603469073772,0.013932581059634686
md2023_e2_remapped,filler ambiguous,"[[0,0,1,1,0,0],[0,0,1,1,0,0],[0,1,0,0,1,0]]",utterance,2,0,55,54,0.9818181818181818,0.9860304594039917,0.9861069917678833,0.9860724210739136,0.9860907196998596,0.986067533493042
md2023_e2_remapped,filler ambiguous,"[[0,0,1,1,0,0],[0,0,1,1,0,0],[0,1,0,0,1,0]]",utterance,2,2,55,1,0.01818181818181818,0.01396937295794487,0.013892674818634987,0.013927915133535862,0.013909599743783474,0.013932579196989536
md2023_e2_remapped,filler ambiguous,"[[0,0,1,1,0,0],[0,0,1,1,0,0],[0,1,0,0,1,0]]",utterance,3,0,110,107,0.9727272727272728,0.9860305190086365,0.9861069321632385,0.9860722422599792,0.9860906600952148,0.986067533493042
md2023_e2_remapped,filler ambiguous,"[[0,0,1,1,0,0],[0,0,1,1,0,0],[0,1,0,0,1,0]]",utterance,3,2,110,3,0.02727272727272727,0.013969377614557743,0.01389267761260271,0.013927911408245564,0.013909603469073772,0.013932581059634686
md2023_e2_remapped,filler ambiguous,"[[0,1,0,0,0,1],[0,1,0,0,0,1],[0,0,1,0,1,0]]",utterance,1,0,110,108,0.9818181818181818,0.9860305190086365,0.9861069321632385,0.9860722422599792,0.9860906600952148,0.986067533493042
md2023_e2_remapped,filler ambiguous,"[[0,1,0,0,0,1],[0,1,0,0,0,1],[0,0,1,0,1,0]]",utterance,1,2,110,2,0.01818181818181818,0.013969377614557743,0.01389267761260271,0.013927911408245564,0.013909603469073772,0.013932581059634686
md2023_e2_remapped,filler ambiguous,"[[0,1,0,0,0,1],[0,1,0,0,0,1],[0,0,1,1,0,0]]",utterance,5,0,55,53,0.9636363636363636,0.9860304594039917,0.9861069917678833,0.9860724210739136,0.9860907196998596,0.986067533493042
md2023_e2_remapped,filler ambiguous,"[[0,1,0,0,0,1],[0,1,0,0,0,1],[0,0,1,1,0,0]]",utterance,5,2,55,2,0.03636363636363636,0.01396937295794487,0.013892674818634987,0.013927915133535862,0.013909599743783474,0.013932579196989536
md2023_e2_remapped,filler type a,"[[0,0,1,0,0,1],[0,0,1,0,1,0],[0,1,0,1,0,0]]",utterance,5,0,110,109,0.990909090909091,0.9720612168312073,0.9722146987915039,0.9721441268920898,0.9721806049346924,0.9721348285675049
md2023_e2_remapped,filler type a,"[[0,0,1,0,0,1],[0,0,1,0,1,0],[0,1,0,1,0,0]]",utterance,5,1,110,0,0.0,0.013969377614557743,0.01389267761260271,0.013927911408245564,0.013909603469073772,0.013932581059634686
md2023_e2_remapped,filler type a,"[[0,0,1,0,0,1],[0,0,1,0,1,0],[0,1,0,1,0,0]]",utterance,5,2,110,1,0.00909090909090909,0.013969377614557743,0.01389267761260271,0.013927911408245564,0.013909603469073772,0.013932581059634686
md2023_e2_remapped,filler type a,"[[0,0,1,1,0,0],[0,0,1,0,1,0],[0,1,0,0,0,1]]",utterance,3,0,110,109,0.990909090909091,0.9720612168312073,0.9722146987915039,0.9721441268920898,0.9721806049346924,0.9721348285675049
md2023_e2_remapped,filler type a,"[[0,0,1,1,0,0],[0,0,1,0,1,0],[0,1,0,0,0,1]]",utterance,3,1,110,1,0.00909090909090909,0.013969377614557743,0.01389267761260271,0.013927911408245564,0.013909603469073772,0.013932581059634686
md2023_e2_remapped,filler type a,"[[0,0,1,1,0,0],[0,0,1,0,1,0],[0,1,0,0,0,1]]",utterance,3,2,110,0,0.0,0.013969377614557743,0.01389267761260271,0.013927911408245564,0.013909603469073772,0.013932581059634686
md2023_e2_remapped,filler type a,"[[0,1,0,0,0,1],[1,0,0,0,0,1],[0,0,1,1,0,0]]",utterance,1,0,55,55,1.0,0.972061276435852,0.9722146391868591,0.9721441864967346,0.9721803069114685,0.972134530544281
md2023_e2_remapped,filler type a,"[[0,1,0,0,0,1],[1,0,0,0,0,1],[0,0,1,1,0,0]]",utterance,1,1,55,0,0.0,0.01396937295794487,0.013892674818634987,0.013927915133535862,0.013909599743783474,0.013932579196989536
md2023_e2_remapped,filler type a,"[[0,1,0,0,0,1],[1,0,0,0,0,1],[0,0,1,1,0,0]]",utterance,1,2,55,0,0.0,0.01396937295794487,0.013892674818634987,0.013927915133535862,0.013909599743783474,0.013932579196989536
md2023_e2_remapped,filler type a,"[[0,1,0,1,0,0],[1,0,0,1,0,0],[0,0,1,0,0,1]]",utterance,1,0,55,55,1.0,0.972061276435852,0.9722146391868591,0.9721441864967346,0.9721803069114685,0.972134530544281
md2023_e2_remapped,filler type a,"[[0,1,0,1,0,0],[1,0,0,1,0,0],[0,0,1,0,0,1]]",utterance,1,1,55,0,0.0,0.01396937295794487,0.013892674818634987,0.013927915133535862,0.013909599743783474,0.013932579196989536
md2023_e2_remapped,filler type a,"[[0,1,0,1,0,0],[1,0,0,1,0,0],[0,0,1,0,0,1]]",utterance,1,2,55,0,0.0,0.01396937295794487,0.013892674818634987,0.013927915133535862,0.013909599743783474,0.013932579196989536
md2023_e2_remapped,filler type b,"[[0,0,1,0,0,1],[0,1,0,1,0,0],[1,0,0,1,0,0]]",utterance,5,0,55,54,0.9818181818181818,0.972061276435852,0.9722146391868591,0.9721441864967346,0.9721803069114685,0.972134530544281
md2023_e2_remapped,filler type b,"[[0,0,1,0,0,1],[0,1,0,1,0,0],[1,0,0,1,0,0]]",utterance,5,1,55,0,0.0,0.01396937295794487,0.013892674818634987,0.013927915133535862,0.013909599743783474,0.013932579196989536
md2023_e2_remapped,filler type b,"[[0,0,1,0,0,1],[0,1,0,1,0,0],[1,0,0,1,0,0]]",utterance,5,2,55,1,0.01818181818181818,0.01396937295794487,0.013892674818634987,0.013927915133535862,0.013909599743783474,0.013932579196989536
md2023_e2_remapped,filler type b,"[[0,0,1,1,0,0],[0,1,0,0,0,1],[0,1,0,0,1,0]]",utterance,2,0,55,55,1.0,0.972061276435852,0.9722146391868591,0.9721441864967346,0.9721803069114685,0.972134530544281
md2023_e2_remapped,filler type b,"[[0,0,1,1,0,0],[0,1,0,0,0,1],[0,1,0,0,1,0]]",utterance,2,1,55,0,0.0,0.01396937295794487,0.013892674818634987,0.013927915133535862,0.013909599743783474,0.013932579196989536
md2023_e2_remapped,filler type b,"[[0,0,1,1,0,0],[0,1,0,0,0,1],[0,1,0,0,1,0]]",utterance,2,2,55,0,0.0,0.01396937295794487,0.013892674818634987,0.013927915133535862,0.013909599743783474,0.013932579196989536
md2023_e2_remapped,filler type b,"[[0,0,1,1,0,0],[1,0,0,0,0,1],[0,1,0,0,0,1]]",utterance,3,0,55,55,1.0,0.972061276435852,0.9722146391868591,0.9721441864967346,0.9721803069114685,0.972134530544281
md2023_e2_remapped,filler type b,"[[0,0,1,1,0,0],[1,0,0,0,0,1],[0,1,0,0,0,1]]",utterance,3,1,55,0,0.0,0.01396937295794487,0.013892674818634987,0.013927915133535862,0.013909599743783474,0.013932579196989536
md2023_e2_remapped,filler type b,"[[0,0,1,1,0,0],[1,0,0,0,0,1],[0,1,0,0,0,1]]",utterance,3,2,55,0,0.0,0.01396937295794487,0.013892674818634987,0.013927915133535862,0.013909599743783474,0.013932579196989536
md2023_e2_remapped,filler type b,"[[0,1,0,0,0,1],[0,0,1,1,0,0],[0,0,1,0,1,0]]",utterance,1,0,55,55,1.0,0.972061276435852,0.9722146391868591,0.9721441864967346,0.9721803069114685,0.972134530544281
md2023_e2_remapped,filler type b,"[[0,1,0,0,0,1],[0,0,1,1,0,0],[0,0,1,0,1,0]]",utterance,1,1,55,0,0.0,0.01396937295794487,0.013892674818634987,0.013927915133535862,0.013909599743783474,0.013932579196989536
md2023_e2_remapped,filler type b,"[[0,1,0,0,0,1],[0,0,1,1,0,0],[0,0,1,0,1,0]]",utterance,1,2,55,0,0.0,0.01396937295794487,0.013892674818634987,0.013927915133535862,0.013909599743783474,0.013932579196989536
md2023_e2_remapped,filler type b,"[[0,1,0,1,0,0],[0,0,1,0,1,0],[0,0,1,0,0,1]]",utterance,3,0,55,54,0.9818181818181818,0.972061276435852,0.9722146391868591,0.9721441864967346,0.9721803069114685,0.972134530544281
md2023_e2_remapped,filler type b,"[[0,1,0,1,0,0],[0,0,1,0,1,0],[0,0,1,0,0,1]]",utterance,3,1,55,1,0.01818181818181818,0.01396937295794487,0.013892674818634987,0.013927915133535862,0.013909599743783474,0.013932579196989536
md2023_e2_remapped,filler type b,"[[0,1,0,1,0,0],[0,0,1,0,1,0],[0,0,1,0,0,1]]",utterance,3,2,55,0,0.0,0.01396937295794487,0.013892674818634987,0.013927915133535862,0.013909599743783474,0.013932579196989536
md2023_e2_remapped,filler type b,"[[0,1,0,1,0,0],[1,0,0,0,0,1],[0,0,1,0,0,1]]",utterance,1,0,55,54,0.9818181818181818,0.972061276435852,0.9722146391868591,0.9721441864967346,0.9721803069114685,0.972134530544281
md2023_e2_remapped,filler type b,"[[0,1,0,1,0,0],[1,0,0,0,0,1],[0,0,1,0,0,1]]",utterance,1,1,55,0,0.0,0.01396937295794487,0.013892674818634987,0.013927915133535862,0.013909599743783474,0.013932579196989536
md2023_e2_remapped,filler type b,"[[0,1,0,1,0,0],[1,0,0,0,0,1],[0,0,1,0,0,1]]",utterance,1,2,55,1,0.01818181818181818,0.01396937295794487,0.013892674818634987,0.013927915133535862,0.013909599743783474,0.013932579196989536
md2023_e2_remapped,filler type c,"[[0,0,1,0,0,1],[0,0,1,1,0,0],[1,0,0,1,0,0]]",utterance,5,0,165,164,0.9939393939393939,0.972061276435852,0.9722147583961487,0.9721441268920898,0.9721805453300476,0.9721347689628601
md2023_e2_remapped,filler type c,"[[0,0,1,0,0,1],[0,0,1,1,0,0],[1,0,0,1,0,0]]",utterance,5,1,165,0,0.0,0.013969376683235168,0.01389267761260271,0.013927912339568138,0.013909602537751198,0.013932581059634686
md2023_e2_remapped,filler type c,"[[0,0,1,0,0,1],[0,0,1,1,0,0],[1,0,0,1,0,0]]",utterance,5,2,165,1,0.006060606060606061,0.013969376683235168,0.01389267761260271,0.013927912339568138,0.013909602537751198,0.013932581059634686
md2023_e2_remapped,filler type c,"[[0,0,1,1,0,0],[0,0,1,0,0,1],[1,0,0,0,0,1]]",utterance,3,0,110,110,1.0,0.9720612168312073,0.9722146987915039,0.9721441268920898,0.9721806049346924,0.9721348285675049
md2023_e2_remapped,filler type c,"[[0,0,1,1,0,0],[0,0,1,0,0,1],[1,0,0,0,0,1]]",utterance,3,1,110,0,0.0,0.013969377614557743,0.01389267761260271,0.013927911408245564,0.013909603469073772,0.013932581059634686
md2023_e2_remapped,filler type c,"[[0,0,1,1,0,0],[0,0,1,0,0,1],[1,0,0,0,0,1]]",utterance,3,2,110,0,0.0,0.013969377614557743,0.01389267761260271,0.013927911408245564,0.013909603469073772,0.013932581059634686
md2023_e2_remapped,filler type c,"[[0,0,1,1,0,0],[0,1,0,1,0,0],[0,1,0,0,1,0]]",utterance,2,0,55,53,0.9636363636363636,0.972061276435852,0.9722146391868591,0.9721441864967346,0.9721803069114685,0.972134530544281
md2023_e2_remapped,filler type c,"[[0,0,1,1,0,0],[0,1,0,1,0,0],[0,1,0,0,1,0]]",utterance,2,1,55,1,0.01818181818181818,0.01396937295794487,0.013892674818634987,0.013927915133535862,0.013909599743783474,0.013932579196989536
md2023_e2_remapped,filler type c,"[[0,0,1,1,0,0],[0,1,0,1,0,0],[0,1,0,0,1,0]]",utterance,2,2,55,1,0.01818181818181818,0.01396937295794487,0.013892674818634987,0.013927915133535862,0.013909599743783474,0.013932579196989536
md2023_e2_remapped,filler type c,"[[0,1,0,0,0,1],[0,0,1,0,0,1],[0,0,1,0,1,0]]",utterance,1,0,110,110,1.0,0.9720612168312073,0.9722146987915039,0.9721441268920898,0.9721806049346924,0.9721348285675049
md2023_e2_remapped,filler type c,"[[0,1,0,0,0,1],[0,0,1,0,0,1],[0,0,1,0,1,0]]",utterance,1,1,110,0,0.0,0.013969377614557743,0.01389267761260271,0.013927911408245564,0.013909603469073772,0.013932581059634686
md2023_e2_remapped,filler type c,"[[0,1,0,0,0,1],[0,0,1,0,0,1],[0,0,1,0,1,0]]",utterance,1,2,110,0,0.0,0.013969377614557743,0.01389267761260271,0.013927911408245564,0.013909603469073772,0.013932581059634686
md2023_e2_remapped,filler type c,"[[0,1,0,0,0,1],[0,1,0,1,0,0],[1,0,0,1,0,0]]",utterance,5,0,110,109,0.990909090909091,0.9720612168312073,0.9722146987915039,0.9721441268920898,0.9721806049346924,0.9721348285675049
md2023_e2_remapped,filler type c,"[[0,1,0,0,0,1],[0,1,0,1,0,0],[1,0,0,1,0,0]]",utterance,5,1,110,1,0.00909090909090909,0.013969377614557743,0.01389267761260271,0.013927911408245564,0.013909603469073772,0.013932581059634686
md2023_e2_remapped,filler type c,"[[0,1,0,0,0,1],[0,1,0,1,0,0],[1,0,0,1,0,0]]",utterance,5,2,110,0,0.0,0.013969377614557743,0.01389267761260271,0.013927911408245564,0.013909603469073772,0.013932581059634686
md2023_e2_remapped,filler type c,"[[0,1,0,1,0,0],[0,1,0,0,0,1],[1,0,0,0,0,1]]",utterance,3,0,110,105,0.9545454545454546,0.9720612168312073,0.9722146987915039,0.9721441268920898,0.9721806049346924,0.9721348285675049
md2023_e2_remapped,filler type c,"[[0,1,0,1,0,0],[0,1,0,0,0,1],[1,0,0,0,0,1]]",utterance,3,1,110,3,0.02727272727272727,0.013969377614557743,0.01389267761260271,0.013927911408245564,0.013909603469073772,0.013932581059634686
md2023_e2_remapped,filler type c,"[[0,1,0,1,0,0],[0,1,0,0,0,1],[1,0,0,0,0,1]]",utterance,3,2,110,2,0.01818181818181818,0.013969377614557743,0.01389267761260271,0.013927911408245564,0.013909603469073772,0.013932581059634686
md2023_e2_remapped,filler unambiguous,"[[0,0,1,0,0,1],[0,1,0,1,0,0],[1,0,0,0,1,0]]",utterance,5,0,55,54,0.9818181818181818,0.972061276435852,0.9722146391868591,0.9721441864967346,0.9721803069114685,0.972134530544281
md2023_e2_remapped,filler unambiguous,"[[0,0,1,0,0,1],[0,1,0,1,0,0],[1,0,0,0,1,0]]",utterance,5,1,55,1,0.01818181818181818,0.01396937295794487,0.013892674818634987,0.013927915133535862,0.013909599743783474,0.013932579196989536
md2023_e2_remapped,filler unambiguous,"[[0,0,1,0,0,1],[0,1,0,1,0,0],[1,0,0,0,1,0]]",utterance,5,2,55,0,0.0,0.01396937295794487,0.013892674818634987,0.013927915133535862,0.013909599743783474,0.013932579196989536
md2023_e2_remapped,filler unambiguous,"[[0,0,1,1,0,0],[0,1,0,0,0,1],[1,0,0,0,1,0]]",utterance,2,0,55,54,0.9818181818181818,0.972061276435852,0.9722146391868591,0.9721441864967346,0.9721803069114685,0.972134530544281
md2023_e2_remapped,filler unambiguous,"[[0,0,1,1,0,0],[0,1,0,0,0,1],[1,0,0,0,1,0]]",utterance,2,1,55,0,0.0,0.01396937295794487,0.013892674818634987,0.013927915133535862,0.013909599743783474,0.013932579196989536
md2023_e2_remapped,filler unambiguous,"[[0,0,1,1,0,0],[0,1,0,0,0,1],[1,0,0,0,1,0]]",utterance,2,2,55,1,0.01818181818181818,0.01396937295794487,0.013892674818634987,0.013927915133535862,0.013909599743783474,0.013932579196989536
md2023_e2_remapped,filler unambiguous,"[[0,0,1,1,0,0],[0,1,0,0,1,0],[1,0,0,0,0,1]]",utterance,3,0,55,54,0.9818181818181818,0.972061276435852,0.9722146391868591,0.9721441864967346,0.9721803069114685,0.972134530544281
md2023_e2_remapped,filler unambiguous,"[[0,0,1,1,0,0],[0,1,0,0,1,0],[1,0,0,0,0,1]]",utterance,3,1,55,1,0.01818181818181818,0.01396937295794487,0.013892674818634987,0.013927915133535862,0.013909599743783474,0.013932579196989536
md2023_e2_remapped,filler unambiguous,"[[0,0,1,1,0,0],[0,1,0,0,1,0],[1,0,0,0,0,1]]",utterance,3,2,55,0,0.0,0.01396937295794487,0.013892674818634987,0.013927915133535862,0.013909599743783474,0.013932579196989536
md2023_e2_remapped,filler unambiguous,"[[0,0,1,1,0,0],[1,0,0,0,1,0],[0,1,0,0,0,1]]",utterance,2,0,55,54,0.9818181818181818,0.972061276435852,0.9722146391868591,0.9721441864967346,0.9721803069114685,0.972134530544281
md2023_e2_remapped,filler unambiguous,"[[0,0,1,1,0,0],[1,0,0,0,1,0],[0,1,0,0,0,1]]",utterance,2,1,55,1,0.01818181818181818,0.01396937295794487,0.013892674818634987,0.013927915133535862,0.013909599743783474,0.013932579196989536
md2023_e2_remapped,filler unambiguous,"[[0,0,1,1,0,0],[1,0,0,0,1,0],[0,1,0,0,0,1]]",utterance,2,2,55,0,0.0,0.01396937295794487,0.013892674818634987,0.013927915133535862,0.013909599743783474,0.013932579196989536
md2023_e2_remapped,filler unambiguous,"[[0,1,0,0,0,1],[1,0,0,0,1,0],[0,0,1,1,0,0]]",utterance,1,0,55,55,1.0,0.972061276435852,0.9722146391868591,0.9721441864967346,0.9721803069114685,0.972134530544281
md2023_e2_remapped,filler unambiguous,"[[0,1,0,0,0,1],[1,0,0,0,1,0],[0,0,1,1,0,0]]",utterance,1,1,55,0,0.0,0.01396937295794487,0.013892674818634987,0.013927915133535862,0.013909599743783474,0.013932579196989536
md2023_e2_remapped,filler unambiguous,"[[0,1,0,0,0,1],[1,0,0,0,1,0],[0,0,1,1,0,0]]",utterance,1,2,55,0,0.0,0.01396937295794487,0.013892674818634987,0.013927915133535862,0.013909599743783474,0.013932579196989536
md2023_e2_remapped,filler unambiguous,"[[0,1,0,1,0,0],[0,0,1,0,0,1],[1,0,0,0,1,0]]",utterance,3,0,55,53,0.9636363636363636,0.972061276435852,0.9722146391868591,0.9721441864967346,0.9721803069114685,0.972134530544281
md2023_e2_remapped,filler unambiguous,"[[0,1,0,1,0,0],[0,0,1,0,0,1],[1,0,0,0,1,0]]",utterance,3,1,55,1,0.01818181818181818,0.01396937295794487,0.013892674818634987,0.013927915133535862,0.013909599743783474,0.013932579196989536
md2023_e2_remapped,filler unambiguous,"[[0,1,0,1,0,0],[0,0,1,0,0,1],[1,0,0,0,1,0]]",utterance,3,2,55,1,0.01818181818181818,0.01396937295794487,0.013892674818634987,0.013927915133535862,0.013909599743783474,0.013932579196989536
md2023_e2_remapped,filler unambiguous,"[[0,1,0,1,0,0],[0,0,1,0,1,0],[1,0,0,0,0,1]]",utterance,3,0,55,54,0.9818181818181818,0.972061276435852,0.9722146391868591,0.9721441864967346,0.9721803069114685,0.972134530544281
md2023_e2_remapped,filler unambiguous,"[[0,1,0,1,0,0],[0,0,1,0,1,0],[1,0,0,0,0,1]]",utterance,3,1,55,1,0.01818181818181818,0.01396937295794487,0.013892674818634987,0.013927915133535862,0.013909599743783474,0.013932579196989536
md2023_e2_remapped,filler unambiguous,"[[0,1,0,1,0,0],[0,0,1,0,1,0],[1,0,0,0,0,1]]",utterance,3,2,55,0,0.0,0.01396937295794487,0.013892674818634987,0.013927915133535862,0.013909599743783474,0.013932579196989536
md2023_e2_remapped,filler unambiguous,"[[1,0,0,0,0,1],[0,0,1,0,1,0],[0,1,0,1,0,0]]",utterance,5,0,55,54,0.9818181818181818,0.972061276435852,0.9722146391868591,0.9721441864967346,0.9721803069114685,0.972134530544281
md2023_e2_remapped,filler unambiguous,"[[1,0,0,0,0,1],[0,0,1,0,1,0],[0,1,0,1,0,0]]",utterance,5,1,55,0,0.0,0.01396937295794487,0.013892674818634987,0.013927915133535862,0.013909599743783474,0.013932579196989536
md2023_e2_remapped,filler unambiguous,"[[1,0,0,0,0,1],[0,0,1,0,1,0],[0,1,0,1,0,0]]",utterance,5,2,55,1,0.01818181818181818,0.01396937295794487,0.013892674818634987,0.013927915133535862,0.013909599743783474,0.013932579196989536
md2023_e2_remapped,filler unambiguous,"[[1,0,0,0,0,1],[0,1,0,0,1,0],[0,0,1,1,0,0]]",utterance,5,0,55,54,0.9818181818181818,0.972061276435852,0.9722146391868591,0.9721441864967346,0.9721803069114685,0.972134530544281
md2023_e2_remapped,filler unambiguous,"[[1,0,0,0,0,1],[0,1,0,0,1,0],[0,0,1,1,0,0]]",utterance,5,1,55,0,0.0,0.01396937295794487,0.013892674818634987,0.013927915133535862,0.013909599743783474,0.013932579196989536
md2023_e2_remapped,filler unambiguous,"[[1,0,0,0,0,1],[0,1,0,0,1,0],[0,0,1,1,0,0]]",utterance,5,2,55,1,0.01818181818181818,0.01396937295794487,0.013892674818634987,0.013927915133535862,0.013909599743783474,0.013932579196989536
md2023_e2_remapped,target complex,"[[0,0,1,0,0,1],[0,0,1,1,0,0],[1,0,0,0,0,1]]",utterance,2,0,110,66,0.6,0.49301525950431824,0.5761517882347107,0.584536612033844,0.5692328810691833,0.5670928359031677
md2023_e2_remapped,target complex,"[[0,0,1,0,0,1],[0,0,1,1,0,0],[1,0,0,0,0,1]]",utterance,2,1,110,43,0.39090909090909093,0.49301525950431824,0.4099554717540741,0.4015354514122009,0.4168577492237091,0.418974906206131
md2023_e2_remapped,target complex,"[[0,0,1,0,0,1],[0,0,1,1,0,0],[1,0,0,0,0,1]]",utterance,2,2,110,1,0.00909090909090909,0.013969377614557743,0.01389267761260271,0.013927911408245564,0.013909603469073772,0.013932581059634686
md2023_e2_remapped,target complex,"[[0,0,1,0,0,1],[0,1,0,0,0,1],[0,0,1,0,1,0]]",utterance,5,0,110,72,0.6545454545454545,0.49301525950431824,0.5761517882347107,0.584536612033844,0.5692328810691833,0.5670928359031677
md2023_e2_remapped,target complex,"[[0,0,1,0,0,1],[0,1,0,0,0,1],[0,0,1,0,1,0]]",utterance,5,1,110,37,0.33636363636363636,0.49301525950431824,0.4099554717540741,0.4015354514122009,0.4168577492237091,0.418974906206131
md2023_e2_remapped,target complex,"[[0,0,1,0,0,1],[0,1,0,0,0,1],[0,0,1,0,1,0]]",utterance,5,2,110,1,0.00909090909090909,0.013969377614557743,0.01389267761260271,0.013927911408245564,0.013909603469073772,0.013932581059634686
md2023_e2_remapped,target complex,"[[0,0,1,1,0,0],[0,0,1,0,0,1],[1,0,0,1,0,0]]",utterance,2,0,165,74,0.4484848484848485,0.49301525950431824,0.5761517286300659,0.5845366716384888,0.5692329406738281,0.5670928359031677
md2023_e2_remapped,target complex,"[[0,0,1,1,0,0],[0,0,1,0,0,1],[1,0,0,1,0,0]]",utterance,2,1,165,91,0.5515151515151515,0.49301525950431824,0.4099554717540741,0.4015354514122009,0.4168577194213867,0.4189748466014862
md2023_e2_remapped,target complex,"[[0,0,1,1,0,0],[0,0,1,0,0,1],[1,0,0,1,0,0]]",utterance,2,2,165,0,0.0,0.013969376683235168,0.01389267761260271,0.013927912339568138,0.013909602537751198,0.013932581059634686
md2023_e2_remapped,target complex,"[[0,1,0,0,0,1],[0,1,0,1,0,0],[1,0,0,0,0,1]]",utterance,1,0,110,61,0.5545454545454546,0.49301525950431824,0.5761517882347107,0.584536612033844,0.5692328810691833,0.5670928359031677
md2023_e2_remapped,target complex,"[[0,1,0,0,0,1],[0,1,0,1,0,0],[1,0,0,0,0,1]]",utterance,1,1,110,46,0.41818181818181815,0.49301525950431824,0.4099554717540741,0.4015354514122009,0.4168577492237091,0.418974906206131
md2023_e2_remapped,target complex,"[[0,1,0,0,0,1],[0,1,0,1,0,0],[1,0,0,0,0,1]]",utterance,1,2,110,3,0.02727272727272727,0.013969377614557743,0.01389267761260271,0.013927911408245564,0.013909603469073772,0.013932581059634686
md2023_e2_remapped,target complex,"[[0,1,0,1,0,0],[0,0,1,1,0,0],[0,1,0,0,1,0]]",utterance,3,0,55,34,0.6181818181818182,0.49301522970199585,0.5761515498161316,0.5845366716384888,0.5692328810691833,0.5670928359031677
md2023_e2_remapped,target complex,"[[0,1,0,1,0,0],[0,0,1,1,0,0],[0,1,0,0,1,0]]",utterance,3,1,55,20,0.36363636363636365,0.49301522970199585,0.40995562076568604,0.40153542160987854,0.4168575704097748,0.41897469758987427
md2023_e2_remapped,target complex,"[[0,1,0,1,0,0],[0,0,1,1,0,0],[0,1,0,0,1,0]]",utterance,3,2,55,1,0.01818181818181818,0.01396937295794487,0.013892674818634987,0.013927915133535862,0.013909599743783474,0.013932579196989536
md2023_e2_remapped,target complex,"[[0,1,0,1,0,0],[0,1,0,0,0,1],[1,0,0,1,0,0]]",utterance,1,0,110,61,0.5545454545454546,0.49301525950431824,0.5761517882347107,0.584536612033844,0.5692328810691833,0.5670928359031677
md2023_e2_remapped,target complex,"[[0,1,0,1,0,0],[0,1,0,0,0,1],[1,0,0,1,0,0]]",utterance,1,1,110,47,0.42727272727272725,0.49301525950431824,0.4099554717540741,0.4015354514122009,0.4168577492237091,0.418974906206131
md2023_e2_remapped,target complex,"[[0,1,0,1,0,0],[0,1,0,0,0,1],[1,0,0,1,0,0]]",utterance,1,2,110,2,0.01818181818181818,0.013969377614557743,0.01389267761260271,0.013927911408245564,0.013909603469073772,0.013932581059634686
md2023_e2_remapped,target simple,"[[0,0,1,0,1,0],[0,0,1,0,0,1],[0,1,0,1,0,0]]",utterance,2,0,165,94,0.5696969696969697,0.49301525950431824,0.7225952744483948,0.7339759469032288,0.7306923866271973,0.7349416017532349
md2023_e2_remapped,target simple,"[[0,0,1,0,1,0],[0,0,1,0,0,1],[0,1,0,1,0,0]]",utterance,2,1,165,68,0.4121212121212121,0.49301525950431824,0.26351213455200195,0.25209590792655945,0.2553980350494385,0.25112563371658325
md2023_e2_remapped,target simple,"[[0,0,1,0,1,0],[0,0,1,0,0,1],[0,1,0,1,0,0]]",utterance,2,2,165,3,0.01818181818181818,0.013969376683235168,0.01389267761260271,0.013927912339568138,0.013909602537751198,0.013932581059634686
md2023_e2_remapped,target simple,"[[0,0,1,0,1,0],[0,0,1,1,0,0],[0,1,0,0,0,1]]",utterance,2,0,165,107,0.6484848484848484,0.49301525950431824,0.7225952744483948,0.7339759469032288,0.7306923866271973,0.7349416017532349
md2023_e2_remapped,target simple,"[[0,0,1,0,1,0],[0,0,1,1,0,0],[0,1,0,0,0,1]]",utterance,2,1,165,55,0.3333333333333333,0.49301525950431824,0.26351213455200195,0.25209590792655945,0.2553980350494385,0.25112563371658325
md2023_e2_remapped,target simple,"[[0,0,1,0,1,0],[0,0,1,1,0,0],[0,1,0,0,0,1]]",utterance,2,2,165,3,0.01818181818181818,0.013969376683235168,0.01389267761260271,0.013927912339568138,0.013909602537751198,0.013932581059634686
md2023_e2_remapped,target simple,"[[0,1,0,0,1,0],[0,1,0,0,0,1],[0,0,1,1,0,0]]",utterance,1,0,55,30,0.5454545454545454,0.49301522970199585,0.7225952744483948,0.7339758276939392,0.7306925058364868,0.734941840171814
md2023_e2_remapped,target simple,"[[0,1,0,0,1,0],[0,1,0,0,0,1],[0,0,1,1,0,0]]",utterance,1,1,55,25,0.45454545454545453,0.49301522970199585,0.2635122239589691,0.25209593772888184,0.2553980052471161,0.25112563371658325
md2023_e2_remapped,target simple,"[[0,1,0,0,1,0],[0,1,0,0,0,1],[0,0,1,1,0,0]]",utterance,1,2,55,0,0.0,0.01396937295794487,0.013892674818634987,0.013927915133535862,0.013909599743783474,0.013932579196989536
md2023_e2_remapped,target simple,"[[1,0,0,0,0,1],[0,0,1,0,0,1],[0,1,0,1,0,0]]",utterance,5,0,55,29,0.5272727272727272,0.49301522970199585,0.7225952744483948,0.7339758276939392,0.7306925058364868,0.734941840171814
md2023_e2_remapped,target simple,"[[1,0,0,0,0,1],[0,0,1,0,0,1],[0,1,0,1,0,0]]",utterance,5,1,55,25,0.45454545454545453,0.49301522970199585,0.2635122239589691,0.25209593772888184,0.2553980052471161,0.25112563371658325
md2023_e2_remapped,target simple,"[[1,0,0,0,0,1],[0,0,1,0,0,1],[0,1,0,1,0,0]]",utterance,5,2,55,1,0.01818181818181818,0.01396937295794487,0.013892674818634987,0.013927915133535862,0.013909599743783474,0.013932579196989536
md2023_e2_remapped,target simple,"[[1,0,0,0,0,1],[0,1,0,0,0,1],[0,0,1,1,0,0]]",utterance,5,0,110,67,0.6090909090909091,0.49301525950431824,0.7225952744483948,0.7339761853218079,0.7306921482086182,0.7349414229393005
md2023_e2_remapped,target simple,"[[1,0,0,0,0,1],[0,1,0,0,0,1],[0,0,1,1,0,0]]",utterance,5,1,110,40,0.36363636363636365,0.49301525950431824,0.26351213455200195,0.25209593772888184,0.2553980350494385,0.25112560391426086
md2023_e2_remapped,target simple,"[[1,0,0,0,0,1],[0,1,0,0,0,1],[0,0,1,1,0,0]]",utterance,5,2,110,3,0.02727272727272727,0.013969377614557743,0.01389267761260271,0.013927911408245564,0.013909603469073772,0.013932581059634686
md2023_e2_remapped,target simple,"[[1,0,0,1,0,0],[0,1,0,1,0,0],[0,0,1,0,0,1]]",utterance,3,0,110,63,0.5727272727272728,0.49301525950431824,0.7225952744483948,0.7339761853218079,0.7306921482086182,0.7349414229393005
md2023_e2_remapped,target simple,"[[1,0,0,1,0,0],[0,1,0,1,0,0],[0,0,1,0,0,1]]",utterance,3,1,110,47,0.42727272727272725,0.49301525950431824,0.26351213455200195,0.25209593772888184,0.2553980350494385,0.25112560391426086
md2023_e2_remapped,target simple,"[[1,0,0,1,0,0],[0,1,0,1,0,0],[0,0,1,0,0,1]]",utterance,3,2,110,0,0.0,0.013969377614557743,0.01389267761260271,0.013927911408245564,0.013909603469073772,0.013932581059634686
md2023_e3_all_messages,filler ambiguous,"[[0,1,0,0,1,0],[0,1,0,0,1,0],[1,0,0,0,0,1]]",utterance,1,0,112,107,0.9553571428571429,0.9860305190086365,0.9861069321632385,0.9860724806785583,0.9860906004905701,0.9860674738883972
md2023_e3_all_messages,filler ambiguous,"[[0,1,0,0,1,0],[0,1,0,0,1,0],[1,0,0,0,0,1]]",utterance,1,2,112,5,0.044642857142857144,0.013969375751912594,0.01389267947524786,0.013927909545600414,0.013909605331718922,0.013932581059634686
md2023_e3_all_messages,filler ambiguous,"[[0,1,0,0,1,0],[0,1,0,0,1,0],[1,0,0,1,0,0]]",utterance,4,0,56,54,0.9642857142857143,0.9860304594039917,0.9861069917678833,0.9860724210739136,0.9860906004905701,0.9860673546791077
md2023_e3_all_messages,filler ambiguous,"[[0,1,0,0,1,0],[0,1,0,0,1,0],[1,0,0,1,0,0]]",utterance,4,2,56,2,0.03571428571428571,0.01396937482059002,0.013892678543925285,0.013927912339568138,0.013909602537751198,0.013932578265666962
md2023_e3_all_messages,filler ambiguous,"[[1,0,0,1,0,0],[1,0,0,1,0,0],[0,1,0,0,0,1]]",utterance,0,0,56,51,0.9107142857142857,0.9860304594039917,0.9861069917678833,0.9860724210739136,0.9860906004905701,0.9860673546791077
md2023_e3_all_messages,filler ambiguous,"[[1,0,0,1,0,0],[1,0,0,1,0,0],[0,1,0,0,0,1]]",utterance,0,2,56,5,0.08928571428571429,0.01396937482059002,0.013892678543925285,0.013927912339568138,0.013909602537751198,0.013932578265666962
md2023_e3_all_messages,filler ambiguous,"[[1,0,0,1,0,0],[1,0,0,1,0,0],[0,1,0,0,0,1]]",utterance,3,0,112,107,0.9553571428571429,0.9860305190086365,0.9861069321632385,0.9860724806785583,0.9860906004905701,0.9860674738883972
md2023_e3_all_messages,filler ambiguous,"[[1,0,0,1,0,0],[1,0,0,1,0,0],[0,1,0,0,0,1]]",utterance,3,2,112,5,0.044642857142857144,0.013969375751912594,0.01389267947524786,0.013927909545600414,0.013909605331718922,0.013932581059634686
md2023_e3_all_messages,filler ambiguous,"[[1,0,0,1,0,0],[1,0,0,1,0,0],[0,1,0,0,1,0]]",utterance,0,0,56,53,0.9464285714285714,0.9860304594039917,0.9861069917678833,0.9860724210739136,0.9860906004905701,0.9860673546791077
md2023_e3_all_messages,filler ambiguous,"[[1,0,0,1,0,0],[1,0,0,1,0,0],[0,1,0,0,1,0]]",utterance,0,2,56,3,0.05357142857142857,0.01396937482059002,0.013892678543925285,0.013927912339568138,0.013909602537751198,0.013932578265666962
md2023_e3_all_messages,filler ambiguous,"[[1,0,0,1,0,0],[1,0,0,1,0,0],[0,1,0,0,1,0]]",utterance,3,0,112,107,0.9553571428571429,0.9860305190086365,0.9861069321632385,0.9860724806785583,0.9860906004905701,0.9860674738883972
md2023_e3_all_messages,filler ambiguous,"[[1,0,0,1,0,0],[1,0,0,1,0,0],[0,1,0,0,1,0]]",utterance,3,2,112,5,0.044642857142857144,0.013969375751912594,0.01389267947524786,0.013927909545600414,0.013909605331718922,0.013932581059634686
md2023_e3_all_messages,filler type a,"[[0,1,0,0,1,0],[0,0,1,0,1,0],[1,0,0,1,0,0]]",utterance,1,0,56,55,0.9821428571428571,0.972061276435852,0.9722147583961487,0.9721440672874451,0.9721804261207581,0.9721346497535706
md2023_e3_all_messages,filler type a,"[[0,1,0,0,1,0],[0,0,1,0,1,0],[1,0,0,1,0,0]]",utterance,1,1,56,0,0.0,0.01396937482059002,0.013892678543925285,0.013927912339568138,0.013909602537751198,0.013932578265666962
md2023_e3_all_messages,filler type a,"[[0,1,0,0,1,0],[0,0,1,0,1,0],[1,0,0,1,0,0]]",utterance,1,2,56,1,0.017857142857142856,0.01396937482059002,0.013892678543925285,0.013927912339568138,0.013909602537751198,0.013932578265666962
md2023_e3_all_messages,filler type a,"[[0,1,0,1,0,0],[0,0,1,1,0,0],[1,0,0,0,1,0]]",utterance,1,0,56,55,0.9821428571428571,0.972061276435852,0.9722147583961487,0.9721440672874451,0.9721804261207581,0.9721346497535706
md2023_e3_all_messages,filler type a,"[[0,1,0,1,0,0],[0,0,1,1,0,0],[1,0,0,0,1,0]]",utterance,1,1,56,0,0.0,0.01396937482059002,0.013892678543925285,0.013927912339568138,0.013909602537751198,0.013932578265666962
md2023_e3_all_messages,filler type a,"[[0,1,0,1,0,0],[0,0,1,1,0,0],[1,0,0,0,1,0]]",utterance,1,2,56,1,0.017857142857142856,0.01396937482059002,0.013892678543925285,0.013927912339568138,0.013909602537751198,0.013932578265666962
md2023_e3_all_messages,filler type a,"[[1,0,0,0,1,0],[1,0,0,0,0,1],[0,1,0,1,0,0]]",utterance,4,0,112,111,0.9910714285714286,0.9720612168312073,0.9722147583961487,0.9721440672874451,0.9721804261207581,0.9721346497535706
md2023_e3_all_messages,filler type a,"[[1,0,0,0,1,0],[1,0,0,0,0,1],[0,1,0,1,0,0]]",utterance,4,1,112,0,0.0,0.013969375751912594,0.01389267947524786,0.013927909545600414,0.013909605331718922,0.013932581059634686
md2023_e3_all_messages,filler type a,"[[1,0,0,0,1,0],[1,0,0,0,0,1],[0,1,0,1,0,0]]",utterance,4,2,112,1,0.008928571428571428,0.013969375751912594,0.01389267947524786,0.013927909545600414,0.013909605331718922,0.013932581059634686
md2023_e3_all_messages,filler type a,"[[1,0,0,1,0,0],[1,0,0,0,0,1],[0,1,0,0,1,0]]",utterance,3,0,112,112,1.0,0.9720612168312073,0.9722147583961487,0.9721440672874451,0.9721804261207581,0.9721346497535706
md2023_e3_all_messages,filler type a,"[[1,0,0,1,0,0],[1,0,0,0,0,1],[0,1,0,0,1,0]]",utterance,3,1,112,0,0.0,0.013969375751912594,0.01389267947524786,0.013927909545600414,0.013909605331718922,0.013932581059634686
md2023_e3_all_messages,filler type a,"[[1,0,0,1,0,0],[1,0,0,0,0,1],[0,1,0,0,1,0]]",utterance,3,2,112,0,0.0,0.013969375751912594,0.01389267947524786,0.013927909545600414,0.013909605331718922,0.013932581059634686
md2023_e3_all_messages,filler type b,"[[0,1,0,0,1,0],[1,0,0,1,0,0],[1,0,0,0,0,1]]",utterance,1,0,56,56,1.0,0.972061276435852,0.9722147583961487,0.9721440672874451,0.9721804261207581,0.9721346497535706
md2023_e3_all_messages,filler type b,"[[0,1,0,0,1,0],[1,0,0,1,0,0],[1,0,0,0,0,1]]",utterance,1,1,56,0,0.0,0.01396937482059002,0.013892678543925285,0.013927912339568138,0.013909602537751198,0.013932578265666962
md2023_e3_all_messages,filler type b,"[[0,1,0,0,1,0],[1,0,0,1,0,0],[1,0,0,0,0,1]]",utterance,1,2,56,0,0.0,0.01396937482059002,0.013892678543925285,0.013927912339568138,0.013909602537751198,0.013932578265666962
md2023_e3_all_messages,filler type b,"[[0,1,0,1,0,0],[0,0,1,0,1,0],[1,0,0,0,1,0]]",utterance,1,0,56,56,1.0,0.972061276435852,0.9722147583961487,0.9721440672874451,0.9721804261207581,0.9721346497535706
md2023_e3_all_messages,filler type b,"[[0,1,0,1,0,0],[0,0,1,0,1,0],[1,0,0,0,1,0]]",utterance,1,1,56,0,0.0,0.01396937482059002,0.013892678543925285,0.013927912339568138,0.013909602537751198,0.013932578265666962
md2023_e3_all_messages,filler type b,"[[0,1,0,1,0,0],[0,0,1,0,1,0],[1,0,0,0,1,0]]",utterance,1,2,56,0,0.0,0.01396937482059002,0.013892678543925285,0.013927912339568138,0.013909602537751198,0.013932578265666962
md2023_e3_all_messages,filler type b,"[[0,1,0,1,0,0],[1,0,0,0,0,1],[1,0,0,0,1,0]]",utterance,3,0,56,55,0.9821428571428571,0.972061276435852,0.9722147583961487,0.9721440672874451,0.9721804261207581,0.9721346497535706
md2023_e3_all_messages,filler type b,"[[0,1,0,1,0,0],[1,0,0,0,0,1],[1,0,0,0,1,0]]",utterance,3,1,56,1,0.017857142857142856,0.01396937482059002,0.013892678543925285,0.013927912339568138,0.013909602537751198,0.013932578265666962
md2023_e3_all_messages,filler type b,"[[0,1,0,1,0,0],[1,0,0,0,0,1],[1,0,0,0,1,0]]",utterance,3,2,56,0,0.0,0.01396937482059002,0.013892678543925285,0.013927912339568138,0.013909602537751198,0.013932578265666962
md2023_e3_all_messages,filler type b,"[[1,0,0,0,1,0],[0,1,0,1,0,0],[0,0,1,1,0,0]]",utterance,4,0,56,56,1.0,0.972061276435852,0.9722147583961487,0.9721440672874451,0.9721804261207581,0.9721346497535706
md2023_e3_all_messages,filler type b,"[[1,0,0,0,1,0],[0,1,0,1,0,0],[0,0,1,1,0,0]]",utterance,4,1,56,0,0.0,0.01396937482059002,0.013892678543925285,0.013927912339568138,0.013909602537751198,0.013932578265666962
md2023_e3_all_messages,filler type b,"[[1,0,0,0,1,0],[0,1,0,1,0,0],[0,0,1,1,0,0]]",utterance,4,2,56,0,0.0,0.01396937482059002,0.013892678543925285,0.013927912339568138,0.013909602537751198,0.013932578265666962
md2023_e3_all_messages,filler type b,"[[1,0,0,1,0,0],[0,0,1,0,1,0],[0,1,0,0,1,0]]",utterance,3,0,56,56,1.0,0.972061276435852,0.9722147583961487,0.9721440672874451,0.9721804261207581,0.9721346497535706
md2023_e3_all_messages,filler type b,"[[1,0,0,1,0,0],[0,0,1,0,1,0],[0,1,0,0,1,0]]",utterance,3,1,56,0,0.0,0.01396937482059002,0.013892678543925285,0.013927912339568138,0.013909602537751198,0.013932578265666962
md2023_e3_all_messages,filler type b,"[[1,0,0,1,0,0],[0,0,1,0,1,0],[0,1,0,0,1,0]]",utterance,3,2,56,0,0.0,0.01396937482059002,0.013892678543925285,0.013927912339568138,0.013909602537751198,0.013932578265666962
md2023_e3_all_messages,filler type b,"[[1,0,0,1,0,0],[0,1,0,0,1,0],[0,1,0,0,0,1]]",utterance,0,0,56,56,1.0,0.972061276435852,0.9722147583961487,0.9721440672874451,0.9721804261207581,0.9721346497535706
md2023_e3_all_messages,filler type b,"[[1,0,0,1,0,0],[0,1,0,0,1,0],[0,1,0,0,0,1]]",utterance,0,1,56,0,0.0,0.01396937482059002,0.013892678543925285,0.013927912339568138,0.013909602537751198,0.013932578265666962
md2023_e3_all_messages,filler type b,"[[1,0,0,1,0,0],[0,1,0,0,1,0],[0,1,0,0,0,1]]",utterance,0,2,56,0,0.0,0.01396937482059002,0.013892678543925285,0.013927912339568138,0.013909602537751198,0.013932578265666962
md2023_e3_all_messages,filler type c,"[[0,1,0,0,1,0],[0,1,0,1,0,0],[0,0,1,1,0,0]]",utterance,4,0,112,109,0.9732142857142857,0.9720612168312073,0.9722147583961487,0.9721440672874451,0.9721804261207581,0.9721346497535706
md2023_e3_all_messages,filler type c,"[[0,1,0,0,1,0],[0,1,0,1,0,0],[0,0,1,1,0,0]]",utterance,4,1,112,2,0.017857142857142856,0.013969375751912594,0.01389267947524786,0.013927909545600414,0.013909605331718922,0.013932581059634686
md2023_e3_all_messages,filler type c,"[[0,1,0,0,1,0],[0,1,0,1,0,0],[0,0,1,1,0,0]]",utterance,4,2,112,1,0.008928571428571428,0.013969375751912594,0.01389267947524786,0.013927909545600414,0.013909605331718922,0.013932581059634686
md2023_e3_all_messages,filler type c,"[[0,1,0,0,1,0],[1,0,0,0,1,0],[1,0,0,0,0,1]]",utterance,1,0,112,110,0.9821428571428571,0.9720612168312073,0.9722147583961487,0.9721440672874451,0.9721804261207581,0.9721346497535706
md2023_e3_all_messages,filler type c,"[[0,1,0,0,1,0],[1,0,0,0,1,0],[1,0,0,0,0,1]]",utterance,1,1,112,1,0.008928571428571428,0.013969375751912594,0.01389267947524786,0.013927909545600414,0.013909605331718922,0.013932581059634686
md2023_e3_all_messages,filler type c,"[[0,1,0,0,1,0],[1,0,0,0,1,0],[1,0,0,0,0,1]]",utterance,1,2,112,1,0.008928571428571428,0.013969375751912594,0.01389267947524786,0.013927909545600414,0.013909605331718922,0.013932581059634686
md2023_e3_all_messages,filler type c,"[[0,1,0,1,0,0],[0,1,0,0,1,0],[0,0,1,0,1,0]]",utterance,3,0,112,112,1.0,0.9720612168312073,0.9722147583961487,0.9721440672874451,0.9721804261207581,0.9721346497535706
md2023_e3_all_messages,filler type c,"[[0,1,0,1,0,0],[0,1,0,0,1,0],[0,0,1,0,1,0]]",utterance,3,1,112,0,0.0,0.013969375751912594,0.01389267947524786,0.013927909545600414,0.013909605331718922,0.013932581059634686
md2023_e3_all_messages,filler type c,"[[0,1,0,1,0,0],[0,1,0,0,1,0],[0,0,1,0,1,0]]",utterance,3,2,112,0,0.0,0.013969375751912594,0.01389267947524786,0.013927909545600414,0.013909605331718922,0.013932581059634686
md2023_e3_all_messages,filler type c,"[[1,0,0,0,1,0],[1,0,0,1,0,0],[0,0,1,1,0,0]]",utterance,4,0,168,166,0.9880952380952381,0.972061276435852,0.9722148180007935,0.9721440076828003,0.9721804857254028,0.9721347093582153
md2023_e3_all_messages,filler type c,"[[1,0,0,0,1,0],[1,0,0,1,0,0],[0,0,1,1,0,0]]",utterance,4,1,168,1,0.005952380952380952,0.013969375751912594,0.013892678543925285,0.013927911408245564,0.013909603469073772,0.013932580128312111
md2023_e3_all_messages,filler type c,"[[1,0,0,0,1,0],[1,0,0,1,0,0],[0,0,1,1,0,0]]",utterance,4,2,168,1,0.005952380952380952,0.013969375751912594,0.013892678543925285,0.013927911408245564,0.013909603469073772,0.013932580128312111
md2023_e3_all_messages,filler type c,"[[1,0,0,1,0,0],[0,1,0,1,0,0],[0,1,0,0,0,1]]",utterance,0,0,56,56,1.0,0.972061276435852,0.9722147583961487,0.9721440672874451,0.9721804261207581,0.9721346497535706
md2023_e3_all_messages,filler type c,"[[1,0,0,1,0,0],[0,1,0,1,0,0],[0,1,0,0,0,1]]",utterance,0,1,56,0,0.0,0.01396937482059002,0.013892678543925285,0.013927912339568138,0.013909602537751198,0.013932578265666962
md2023_e3_all_messages,filler type c,"[[1,0,0,1,0,0],[0,1,0,1,0,0],[0,1,0,0,0,1]]",utterance,0,2,56,0,0.0,0.01396937482059002,0.013892678543925285,0.013927912339568138,0.013909602537751198,0.013932578265666962
md2023_e3_all_messages,filler type c,"[[1,0,0,1,0,0],[1,0,0,0,1,0],[0,0,1,0,1,0]]",utterance,3,0,112,110,0.9821428571428571,0.9720612168312073,0.9722147583961487,0.9721440672874451,0.9721804261207581,0.9721346497535706
md2023_e3_all_messages,filler type c,"[[1,0,0,1,0,0],[1,0,0,0,1,0],[0,0,1,0,1,0]]",utterance,3,1,112,0,0.0,0.013969375751912594,0.01389267947524786,0.013927909545600414,0.013909605331718922,0.013932581059634686
md2023_e3_all_messages,filler type c,"[[1,0,0,1,0,0],[1,0,0,0,1,0],[0,0,1,0,1,0]]",utterance,3,2,112,2,0.017857142857142856,0.013969375751912594,0.01389267947524786,0.013927909545600414,0.013909605331718922,0.013932581059634686
md2023_e3_all_messages,filler unambiguous,"[[0,0,1,0,1,0],[0,1,0,0,0,1],[1,0,0,1,0,0]]",utterance,4,0,56,56,1.0,0.972061276435852,0.9722147583961487,0.9721440672874451,0.9721804261207581,0.9721346497535706
md2023_e3_all_messages,filler unambiguous,"[[0,0,1,0,1,0],[0,1,0,0,0,1],[1,0,0,1,0,0]]",utterance,4,1,56,0,0.0,0.01396937482059002,0.013892678543925285,0.013927912339568138,0.013909602537751198,0.013932578265666962
md2023_e3_all_messages,filler unambiguous,"[[0,0,1,0,1,0],[0,1,0,0,0,1],[1,0,0,1,0,0]]",utterance,4,2,56,0,0.0,0.01396937482059002,0.013892678543925285,0.013927912339568138,0.013909602537751198,0.013932578265666962
md2023_e3_all_messages,filler unambiguous,"[[0,0,1,0,1,0],[1,0,0,0,0,1],[0,1,0,1,0,0]]",utterance,4,0,56,56,1.0,0.972061276435852,0.9722147583961487,0.9721440672874451,0.9721804261207581,0.9721346497535706
md2023_e3_all_messages,filler unambiguous,"[[0,0,1,0,1,0],[1,0,0,0,0,1],[0,1,0,1,0,0]]",utterance,4,1,56,0,0.0,0.01396937482059002,0.013892678543925285,0.013927912339568138,0.013909602537751198,0.013932578265666962
md2023_e3_all_messages,filler unambiguous,"[[0,0,1,0,1,0],[1,0,0,0,0,1],[0,1,0,1,0,0]]",utterance,4,2,56,0,0.0,0.01396937482059002,0.013892678543925285,0.013927912339568138,0.013909602537751198,0.013932578265666962
md2023_e3_all_messages,filler unambiguous,"[[0,1,0,0,1,0],[0,0,1,0,0,1],[1,0,0,1,0,0]]",utterance,1,0,56,54,0.9642857142857143,0.972061276435852,0.9722147583961487,0.9721440672874451,0.9721804261207581,0.9721346497535706
md2023_e3_all_messages,filler unambiguous,"[[0,1,0,0,1,0],[0,0,1,0,0,1],[1,0,0,1,0,0]]",utterance,1,1,56,1,0.017857142857142856,0.01396937482059002,0.013892678543925285,0.013927912339568138,0.013909602537751198,0.013932578265666962
md2023_e3_all_messages,filler unambiguous,"[[0,1,0,0,1,0],[0,0,1,0,0,1],[1,0,0,1,0,0]]",utterance,1,2,56,1,0.017857142857142856,0.01396937482059002,0.013892678543925285,0.013927912339568138,0.013909602537751198,0.013932578265666962
md2023_e3_all_messages,filler unambiguous,"[[0,1,0,1,0,0],[1,0,0,0,0,1],[0,0,1,0,1,0]]",utterance,3,0,56,56,1.0,0.972061276435852,0.9722147583961487,0.9721440672874451,0.9721804261207581,0.9721346497535706
md2023_e3_all_messages,filler unambiguous,"[[0,1,0,1,0,0],[1,0,0,0,0,1],[0,0,1,0,1,0]]",utterance,3,1,56,0,0.0,0.01396937482059002,0.013892678543925285,0.013927912339568138,0.013909602537751198,0.013932578265666962
md2023_e3_all_messages,filler unambiguous,"[[0,1,0,1,0,0],[1,0,0,0,0,1],[0,0,1,0,1,0]]",utterance,3,2,56,0,0.0,0.01396937482059002,0.013892678543925285,0.013927912339568138,0.013909602537751198,0.013932578265666962
md2023_e3_all_messages,filler unambiguous,"[[0,1,0,1,0,0],[1,0,0,0,1,0],[0,0,1,0,0,1]]",utterance,3,0,56,55,0.9821428571428571,0.972061276435852,0.9722147583961487,0.9721440672874451,0.9721804261207581,0.9721346497535706
md2023_e3_all_messages,filler unambiguous,"[[0,1,0,1,0,0],[1,0,0,0,1,0],[0,0,1,0,0,1]]",utterance,3,1,56,1,0.017857142857142856,0.01396937482059002,0.013892678543925285,0.013927912339568138,0.013909602537751198,0.013932578265666962
md2023_e3_all_messages,filler unambiguous,"[[0,1,0,1,0,0],[1,0,0,0,1,0],[0,0,1,0,0,1]]",utterance,3,2,56,0,0.0,0.01396937482059002,0.013892678543925285,0.013927912339568138,0.013909602537751198,0.013932578265666962
md2023_e3_all_messages,filler unambiguous,"[[1,0,0,0,1,0],[0,1,0,1,0,0],[0,0,1,0,0,1]]",utterance,4,0,56,55,0.9821428571428571,0.972061276435852,0.9722147583961487,0.9721440672874451,0.9721804261207581,0.9721346497535706
md2023_e3_all_messages,filler unambiguous,"[[1,0,0,0,1,0],[0,1,0,1,0,0],[0,0,1,0,0,1]]",utterance,4,1,56,1,0.017857142857142856,0.01396937482059002,0.013892678543925285,0.013927912339568138,0.013909602537751198,0.013932578265666962
md2023_e3_all_messages,filler unambiguous,"[[1,0,0,0,1,0],[0,1,0,1,0,0],[0,0,1,0,0,1]]",utterance,4,2,56,0,0.0,0.01396937482059002,0.013892678543925285,0.013927912339568138,0.013909602537751198,0.013932578265666962
md2023_e3_all_messages,filler unambiguous,"[[1,0,0,1,0,0],[0,0,1,0,0,1],[0,1,0,0,1,0]]",utterance,0,0,56,55,0.9821428571428571,0.972061276435852,0.9722147583961487,0.9721440672874451,0.9721804261207581,0.9721346497535706
md2023_e3_all_messages,filler unambiguous,"[[1,0,0,1,0,0],[0,0,1,0,0,1],[0,1,0,0,1,0]]",utterance,0,1,56,0,0.0,0.01396937482059002,0.013892678543925285,0.013927912339568138,0.013909602537751198,0.013932578265666962
md2023_e3_all_messages,filler unambiguous,"[[1,0,0,1,0,0],[0,0,1,0,0,1],[0,1,0,0,1,0]]",utterance,0,2,56,1,0.017857142857142856,0.01396937482059002,0.013892678543925285,0.013927912339568138,0.013909602537751198,0.013932578265666962
md2023_e3_all_messages,filler unambiguous,"[[1,0,0,1,0,0],[0,1,0,0,0,1],[0,0,1,0,1,0]]",utterance,3,0,56,56,1.0,0.972061276435852,0.9722147583961487,0.9721440672874451,0.9721804261207581,0.9721346497535706
md2023_e3_all_messages,filler unambiguous,"[[1,0,0,1,0,0],[0,1,0,0,0,1],[0,0,1,0,1,0]]",utterance,3,1,56,0,0.0,0.01396937482059002,0.013892678543925285,0.013927912339568138,0.013909602537751198,0.013932578265666962
md2023_e3_all_messages,filler unambiguous,"[[1,0,0,1,0,0],[0,1,0,0,0,1],[0,0,1,0,1,0]]",utterance,3,2,56,0,0.0,0.01396937482059002,0.013892678543925285,0.013927912339568138,0.013909602537751198,0.013932578265666962
md2023_e3_all_messages,filler unambiguous,"[[1,0,0,1,0,0],[0,1,0,0,1,0],[0,0,1,0,0,1]]",utterance,0,0,56,54,0.9642857142857143,0.972061276435852,0.9722147583961487,0.9721440672874451,0.9721804261207581,0.9721346497535706
md2023_e3_all_messages,filler unambiguous,"[[1,0,0,1,0,0],[0,1,0,0,1,0],[0,0,1,0,0,1]]",utterance,0,1,56,1,0.017857142857142856,0.01396937482059002,0.013892678543925285,0.013927912339568138,0.013909602537751198,0.013932578265666962
md2023_e3_all_messages,filler unambiguous,"[[1,0,0,1,0,0],[0,1,0,0,1,0],[0,0,1,0,0,1]]",utterance,0,2,56,1,0.017857142857142856,0.01396937482059002,0.013892678543925285,0.013927912339568138,0.013909602537751198,0.013932578265666962
md2023_e3_all_messages,target complex,"[[0,1,0,0,1,0],[0,1,0,1,0,0],[0,0,1,0,1,0]]",utterance,1,0,112,56,0.5,0.49301525950431824,0.5761517286300659,0.5534752607345581,0.5692328810691833,0.5625954866409302
md2023_e3_all_messages,target complex,"[[0,1,0,0,1,0],[0,1,0,1,0,0],[0,0,1,0,1,0]]",utterance,1,1,112,54,0.48214285714285715,0.49301525950431824,0.40995553135871887,0.43259701132774353,0.41685768961906433,0.4234718978404999
md2023_e3_all_messages,target complex,"[[0,1,0,0,1,0],[0,1,0,1,0,0],[0,0,1,0,1,0]]",utterance,1,2,112,2,0.017857142857142856,0.013969375751912594,0.01389267947524786,0.013927909545600414,0.013909605331718922,0.013932581059634686
md2023_e3_all_messages,target complex,"[[0,1,0,1,0,0],[0,1,0,0,1,0],[0,0,1,1,0,0]]",utterance,1,0,112,53,0.4732142857142857,0.49301525950431824,0.5761517286300659,0.5534752607345581,0.5692328810691833,0.5625954866409302
md2023_e3_all_messages,target complex,"[[0,1,0,1,0,0],[0,1,0,0,1,0],[0,0,1,1,0,0]]",utterance,1,1,112,57,0.5089285714285714,0.49301525950431824,0.40995553135871887,0.43259701132774353,0.41685768961906433,0.4234718978404999
md2023_e3_all_messages,target complex,"[[0,1,0,1,0,0],[0,1,0,0,1,0],[0,0,1,1,0,0]]",utterance,1,2,112,2,0.017857142857142856,0.013969375751912594,0.01389267947524786,0.013927909545600414,0.013909605331718922,0.013932581059634686
md2023_e3_all_messages,target complex,"[[0,1,0,1,0,0],[1,0,0,1,0,0],[0,1,0,0,0,1]]",utterance,3,0,56,27,0.48214285714285715,0.49301522970199585,0.5761516690254211,0.5534751415252686,0.5692328810691833,0.562595546245575
md2023_e3_all_messages,target complex,"[[0,1,0,1,0,0],[1,0,0,1,0,0],[0,1,0,0,0,1]]",utterance,3,1,56,28,0.5,0.49301522970199585,0.40995556116104126,0.43259698152542114,0.41685768961906433,0.4234718978404999
md2023_e3_all_messages,target complex,"[[0,1,0,1,0,0],[1,0,0,1,0,0],[0,1,0,0,0,1]]",utterance,3,2,56,1,0.017857142857142856,0.01396937482059002,0.013892678543925285,0.013927912339568138,0.013909602537751198,0.013932578265666962
md2023_e3_all_messages,target complex,"[[1,0,0,0,1,0],[0,1,0,0,1,0],[1,0,0,0,0,1]]",utterance,4,0,112,71,0.6339285714285714,0.49301525950431824,0.5761517286300659,0.5534752607345581,0.5692328810691833,0.5625954866409302
md2023_e3_all_messages,target complex,"[[1,0,0,0,1,0],[0,1,0,0,1,0],[1,0,0,0,0,1]]",utterance,4,1,112,38,0.3392857142857143,0.49301525950431824,0.40995553135871887,0.43259701132774353,0.41685768961906433,0.4234718978404999
md2023_e3_all_messages,target complex,"[[1,0,0,0,1,0],[0,1,0,0,1,0],[1,0,0,0,0,1]]",utterance,4,2,112,3,0.026785714285714284,0.013969375751912594,0.01389267947524786,0.013927909545600414,0.013909605331718922,0.013932581059634686
md2023_e3_all_messages,target complex,"[[1,0,0,0,1,0],[1,0,0,1,0,0],[0,0,1,0,1,0]]",utterance,0,0,112,60,0.5357142857142857,0.49301525950431824,0.5761517286300659,0.5534752607345581,0.5692328810691833,0.5625954866409302
md2023_e3_all_messages,target complex,"[[1,0,0,0,1,0],[1,0,0,1,0,0],[0,0,1,0,1,0]]",utterance,0,1,112,50,0.44642857142857145,0.49301525950431824,0.40995553135871887,0.43259701132774353,0.41685768961906433,0.4234718978404999
md2023_e3_all_messages,target complex,"[[1,0,0,0,1,0],[1,0,0,1,0,0],[0,0,1,0,1,0]]",utterance,0,2,112,2,0.017857142857142856,0.013969375751912594,0.01389267947524786,0.013927909545600414,0.013909605331718922,0.013932581059634686
md2023_e3_all_messages,target complex,"[[1,0,0,1,0,0],[1,0,0,0,1,0],[0,0,1,1,0,0]]",utterance,0,0,168,92,0.5476190476190477,0.49301522970199585,0.5761517286300659,0.5534752011299133,0.5692328810691833,0.5625954866409302
md2023_e3_all_messages,target complex,"[[1,0,0,1,0,0],[1,0,0,0,1,0],[0,0,1,1,0,0]]",utterance,0,1,168,72,0.42857142857142855,0.49301522970199585,0.40995553135871887,0.43259698152542114,0.41685765981674194,0.4234718978404999
md2023_e3_all_messages,target complex,"[[1,0,0,1,0,0],[1,0,0,0,1,0],[0,0,1,1,0,0]]",utterance,0,2,168,4,0.023809523809523808,0.013969375751912594,0.013892678543925285,0.013927911408245564,0.013909603469073772,0.013932580128312111
md2023_e3_all_messages,target simple,"[[0,0,1,0,1,0],[0,1,0,0,1,0],[1,0,0,1,0,0]]",utterance,4,0,112,65,0.5803571428571429,0.49301525950431824,0.49305346608161926,0.4930362403392792,0.49304530024528503,0.4930337369441986
md2023_e3_all_messages,target simple,"[[0,0,1,0,1,0],[0,1,0,0,1,0],[1,0,0,1,0,0]]",utterance,4,1,112,44,0.39285714285714285,0.49301525950431824,0.49305346608161926,0.4930362403392792,0.49304530024528503,0.4930337369441986
md2023_e3_all_messages,target simple,"[[0,0,1,0,1,0],[0,1,0,0,1,0],[1,0,0,1,0,0]]",utterance,4,2,112,3,0.026785714285714284,0.013969375751912594,0.01389267947524786,0.013927909545600414,0.013909605331718922,0.013932581059634686
md2023_e3_all_messages,target simple,"[[0,0,1,0,1,0],[1,0,0,0,1,0],[0,1,0,1,0,0]]",utterance,4,0,56,31,0.5535714285714286,0.49301522970199585,0.49305349588394165,0.4930362105369568,0.49304530024528503,0.49303367733955383
md2023_e3_all_messages,target simple,"[[0,0,1,0,1,0],[1,0,0,0,1,0],[0,1,0,1,0,0]]",utterance,4,1,56,21,0.375,0.49301522970199585,0.49305349588394165,0.4930362105369568,0.49304530024528503,0.49303367733955383
md2023_e3_all_messages,target simple,"[[0,0,1,0,1,0],[1,0,0,0,1,0],[0,1,0,1,0,0]]",utterance,4,2,56,4,0.07142857142857142,0.01396937482059002,0.013892678543925285,0.013927912339568138,0.013909602537751198,0.013932578265666962
md2023_e3_all_messages,target simple,"[[0,0,1,1,0,0],[0,1,0,1,0,0],[1,0,0,0,1,0]]",utterance,3,0,112,62,0.5535714285714286,0.49301525950431824,0.49305346608161926,0.4930362403392792,0.49304530024528503,0.4930337369441986
md2023_e3_all_messages,target simple,"[[0,0,1,1,0,0],[0,1,0,1,0,0],[1,0,0,0,1,0]]",utterance,3,1,112,43,0.38392857142857145,0.49301525950431824,0.49305346608161926,0.4930362403392792,0.49304530024528503,0.4930337369441986
md2023_e3_all_messages,target simple,"[[0,0,1,1,0,0],[0,1,0,1,0,0],[1,0,0,0,1,0]]",utterance,3,2,112,7,0.0625,0.013969375751912594,0.01389267947524786,0.013927909545600414,0.013909605331718922,0.013932581059634686
md2023_e3_all_messages,target simple,"[[0,1,0,0,0,1],[0,1,0,0,1,0],[1,0,0,1,0,0]]",utterance,1,0,56,40,0.7142857142857143,0.49301522970199585,0.49305349588394165,0.4930362105369568,0.49304530024528503,0.49303367733955383
md2023_e3_all_messages,target simple,"[[0,1,0,0,0,1],[0,1,0,0,1,0],[1,0,0,1,0,0]]",utterance,1,1,56,15,0.26785714285714285,0.49301522970199585,0.49305349588394165,0.4930362105369568,0.49304530024528503,0.49303367733955383
md2023_e3_all_messages,target simple,"[[0,1,0,0,0,1],[0,1,0,0,1,0],[1,0,0,1,0,0]]",utterance,1,2,56,1,0.017857142857142856,0.01396937482059002,0.013892678543925285,0.013927912339568138,0.013909602537751198,0.013932578265666962
md2023_e3_all_messages,target simple,"[[1,0,0,0,0,1],[1,0,0,0,1,0],[0,1,0,1,0,0]]",utterance,0,0,168,139,0.8273809523809523,0.49301522970199585,0.49305349588394165,0.4930362105369568,0.49304527044296265,0.4930337369441986
md2023_e3_all_messages,target simple,"[[1,0,0,0,0,1],[1,0,0,0,1,0],[0,1,0,1,0,0]]",utterance,0,1,168,26,0.15476190476190477,0.49301522970199585,0.49305349588394165,0.4930362105369568,0.49304527044296265,0.4930337369441986
md2023_e3_all_messages,target simple,"[[1,0,0,0,0,1],[1,0,0,0,1,0],[0,1,0,1,0,0]]",utterance,0,2,168,3,0.017857142857142856,0.013969375751912594,0.013892678543925285,0.013927911408245564,0.013909603469073772,0.013932580128312111
md2023_e3_all_messages,target simple,"[[1,0,0,0,0,1],[1,0,0,1,0,0],[0,1,0,0,1,0]]",utterance,0,0,168,136,0.8095238095238095,0.49301522970199585,0.49305349588394165,0.4930362105369568,0.49304527044296265,0.4930337369441986
md2023_e3_all_messages,target simple,"[[1,0,0,0,0,1],[1,0,0,1,0,0],[0,1,0,0,1,0]]",utterance,0,1,168,29,0.17261904761904762,0.49301522970199585,0.49305349588394165,0.4930362105369568,0.49304527044296265,0.4930337369441986
md2023_e3_all_messages,target simple,"[[1,0,0,0,0,1],[1,0,0,1,0,0],[0,1,0,0,1,0]]",utterance,0,2,168,3,0.017857142857142856,0.013969375751912594,0.013892678543925285,0.013927911408245564,0.013909603469073772,0.013932580128312111
md2023_e4_shapes,filler ambiguous,"[[0,1,0,0,1,0],[0,1,0,0,1,0],[1,0,0,0,0,1]]",utterance,1,0,120,118,0.9833333333333333,0.9860305190086365,0.9861069321632385,0.9860724806785583,0.9860906004905701,0.986067533493042
md2023_e4_shapes,filler ambiguous,"[[0,1,0,0,1,0],[0,1,0,0,1,0],[1,0,0,0,0,1]]",utterance,1,2,120,2,0.016666666666666666,0.013969375751912594,0.01389267947524786,0.013927909545600414,0.013909605331718922,0.01393258199095726
md2023_e4_shapes,filler ambiguous,"[[0,1,0,0,1,0],[0,1,0,0,1,0],[1,0,0,1,0,0]]",utterance,4,0,60,59,0.9833333333333333,0.9860304594039917,0.9861069917678833,0.9860724210739136,0.9860906600952148,0.9860674738883972
md2023_e4_shapes,filler ambiguous,"[[0,1,0,0,1,0],[0,1,0,0,1,0],[1,0,0,1,0,0]]",utterance,4,2,60,1,0.016666666666666666,0.013969373889267445,0.013892676681280136,0.013927913270890713,0.013909601606428623,0.013932579196989536
md2023_e4_shapes,filler ambiguous,"[[1,0,0,1,0,0],[1,0,0,1,0,0],[0,1,0,0,0,1]]",utterance,0,0,60,59,0.9833333333333333,0.9860304594039917,0.9861069917678833,0.9860724210739136,0.9860906600952148,0.9860674738883972
md2023_e4_shapes,filler ambiguous,"[[1,0,0,1,0,0],[1,0,0,1,0,0],[0,1,0,0,0,1]]",utterance,0,2,60,1,0.016666666666666666,0.013969373889267445,0.013892676681280136,0.013927913270890713,0.013909601606428623,0.013932579196989536
md2023_e4_shapes,filler ambiguous,"[[1,0,0,1,0,0],[1,0,0,1,0,0],[0,1,0,0,0,1]]",utterance,3,0,120,118,0.9833333333333333,0.9860305190086365,0.9861069321632385,0.9860724806785583,0.9860906004905701,0.986067533493042
md2023_e4_shapes,filler ambiguous,"[[1,0,0,1,0,0],[1,0,0,1,0,0],[0,1,0,0,0,1]]",utterance,3,2,120,2,0.016666666666666666,0.013969375751912594,0.01389267947524786,0.013927909545600414,0.013909605331718922,0.01393258199095726
md2023_e4_shapes,filler ambiguous,"[[1,0,0,1,0,0],[1,0,0,1,0,0],[0,1,0,0,1,0]]",utterance,0,0,60,58,0.9666666666666667,0.9860304594039917,0.9861069917678833,0.9860724210739136,0.9860906600952148,0.9860674738883972
md2023_e4_shapes,filler ambiguous,"[[1,0,0,1,0,0],[1,0,0,1,0,0],[0,1,0,0,1,0]]",utterance,0,2,60,2,0.03333333333333333,0.013969373889267445,0.013892676681280136,0.013927913270890713,0.013909601606428623,0.013932579196989536
md2023_e4_shapes,filler ambiguous,"[[1,0,0,1,0,0],[1,0,0,1,0,0],[0,1,0,0,1,0]]",utterance,3,0,120,118,0.9833333333333333,0.9860305190086365,0.9861069321632385,0.9860724806785583,0.9860906004905701,0.986067533493042
md2023_e4_shapes,filler ambiguous,"[[1,0,0,1,0,0],[1,0,0,1,0,0],[0,1,0,0,1,0]]",utterance,3,2,120,2,0.016666666666666666,0.013969375751912594,0.01389267947524786,0.013927909545600414,0.013909605331718922,0.01393258199095726
md2023_e4_shapes,filler type a,"[[0,1,0,0,1,0],[0,0,1,0,1,0],[1,0,0,1,0,0]]",utterance,1,0,60,60,1.0,0.972061276435852,0.9722146987915039,0.9721441268920898,0.9721803665161133,0.9721345901489258
md2023_e4_shapes,filler type a,"[[0,1,0,0,1,0],[0,0,1,0,1,0],[1,0,0,1,0,0]]",utterance,1,1,60,0,0.0,0.013969373889267445,0.013892676681280136,0.013927913270890713,0.013909601606428623,0.013932579196989536
md2023_e4_shapes,filler type a,"[[0,1,0,0,1,0],[0,0,1,0,1,0],[1,0,0,1,0,0]]",utterance,1,2,60,0,0.0,0.013969373889267445,0.013892676681280136,0.013927913270890713,0.013909601606428623,0.013932579196989536
md2023_e4_shapes,filler type a,"[[0,1,0,1,0,0],[0,0,1,1,0,0],[1,0,0,0,1,0]]",utterance,1,0,60,59,0.9833333333333333,0.972061276435852,0.9722146987915039,0.9721441268920898,0.9721803665161133,0.9721345901489258
md2023_e4_shapes,filler type a,"[[0,1,0,1,0,0],[0,0,1,1,0,0],[1,0,0,0,1,0]]",utterance,1,1,60,0,0.0,0.013969373889267445,0.013892676681280136,0.013927913270890713,0.013909601606428623,0.013932579196989536
md2023_e4_shapes,filler type a,"[[0,1,0,1,0,0],[0,0,1,1,0,0],[1,0,0,0,1,0]]",utterance,1,2,60,1,0.016666666666666666,0.013969373889267445,0.013892676681280136,0.013927913270890713,0.013909601606428623,0.013932579196989536
md2023_e4_shapes,filler type a,"[[1,0,0,0,1,0],[1,0,0,0,0,1],[0,1,0,1,0,0]]",utterance,4,0,120,120,1.0,0.9720612168312073,0.9722147583961487,0.9721440672874451,0.9721804261207581,0.9721346497535706
md2023_e4_shapes,filler type a,"[[1,0,0,0,1,0],[1,0,0,0,0,1],[0,1,0,1,0,0]]",utterance,4,1,120,0,0.0,0.013969375751912594,0.01389267947524786,0.013927909545600414,0.013909605331718922,0.01393258199095726
md2023_e4_shapes,filler type a,"[[1,0,0,0,1,0],[1,0,0,0,0,1],[0,1,0,1,0,0]]",utterance,4,2,120,0,0.0,0.013969375751912594,0.01389267947524786,0.013927909545600414,0.013909605331718922,0.01393258199095726
md2023_e4_shapes,filler type a,"[[1,0,0,1,0,0],[1,0,0,0,0,1],[0,1,0,0,1,0]]",utterance,3,0,120,120,1.0,0.9720612168312073,0.9722147583961487,0.9721440672874451,0.9721804261207581,0.9721346497535706
md2023_e4_shapes,filler type a,"[[1,0,0,1,0,0],[1,0,0,0,0,1],[0,1,0,0,1,0]]",utterance,3,1,120,0,0.0,0.013969375751912594,0.01389267947524786,0.013927909545600414,0.013909605331718922,0.01393258199095726
md2023_e4_shapes,filler type a,"[[1,0,0,1,0,0],[1,0,0,0,0,1],[0,1,0,0,1,0]]",utterance,3,2,120,0,0.0,0.013969375751912594,0.01389267947524786,0.013927909545600414,0.013909605331718922,0.01393258199095726
md2023_e4_shapes,filler type b,"[[0,1,0,0,1,0],[1,0,0,1,0,0],[1,0,0,0,0,1]]",utterance,1,0,60,60,1.0,0.972061276435852,0.9722146987915039,0.9721441268920898,0.9721803665161133,0.9721345901489258
md2023_e4_shapes,filler type b,"[[0,1,0,0,1,0],[1,0,0,1,0,0],[1,0,0,0,0,1]]",utterance,1,1,60,0,0.0,0.013969373889267445,0.013892676681280136,0.013927913270890713,0.013909601606428623,0.013932579196989536
md2023_e4_shapes,filler type b,"[[0,1,0,0,1,0],[1,0,0,1,0,0],[1,0,0,0,0,1]]",utterance,1,2,60,0,0.0,0.013969373889267445,0.013892676681280136,0.013927913270890713,0.013909601606428623,0.013932579196989536
md2023_e4_shapes,filler type b,"[[0,1,0,1,0,0],[0,0,1,0,1,0],[1,0,0,0,1,0]]",utterance,1,0,60,60,1.0,0.972061276435852,0.9722146987915039,0.9721441268920898,0.9721803665161133,0.9721345901489258
md2023_e4_shapes,filler type b,"[[0,1,0,1,0,0],[0,0,1,0,1,0],[1,0,0,0,1,0]]",utterance,1,1,60,0,0.0,0.013969373889267445,0.013892676681280136,0.013927913270890713,0.013909601606428623,0.013932579196989536
md2023_e4_shapes,filler type b,"[[0,1,0,1,0,0],[0,0,1,0,1,0],[1,0,0,0,1,0]]",utterance,1,2,60,0,0.0,0.013969373889267445,0.013892676681280136,0.013927913270890713,0.013909601606428623,0.013932579196989536
md2023_e4_shapes,filler type b,"[[0,1,0,1,0,0],[1,0,0,0,0,1],[1,0,0,0,1,0]]",utterance,3,0,60,60,1.0,0.972061276435852,0.9722146987915039,0.9721441268920898,0.9721803665161133,0.9721345901489258
md2023_e4_shapes,filler type b,"[[0,1,0,1,0,0],[1,0,0,0,0,1],[1,0,0,0,1,0]]",utterance,3,1,60,0,0.0,0.013969373889267445,0.013892676681280136,0.013927913270890713,0.013909601606428623,0.013932579196989536
md2023_e4_shapes,filler type b,"[[0,1,0,1,0,0],[1,0,0,0,0,1],[1,0,0,0,1,0]]",utterance,3,2,60,0,0.0,0.013969373889267445,0.013892676681280136,0.013927913270890713,0.013909601606428623,0.013932579196989536
md2023_e4_shapes,filler type b,"[[1,0,0,0,1,0],[0,1,0,1,0,0],[0,0,1,1,0,0]]",utterance,4,0,60,60,1.0,0.972061276435852,0.9722146987915039,0.9721441268920898,0.9721803665161133,0.9721345901489258
md2023_e4_shapes,filler type b,"[[1,0,0,0,1,0],[0,1,0,1,0,0],[0,0,1,1,0,0]]",utterance,4,1,60,0,0.0,0.013969373889267445,0.013892676681280136,0.013927913270890713,0.013909601606428623,0.013932579196989536
md2023_e4_shapes,filler type b,"[[1,0,0,0,1,0],[0,1,0,1,0,0],[0,0,1,1,0,0]]",utterance,4,2,60,0,0.0,0.013969373889267445,0.013892676681280136,0.013927913270890713,0.013909601606428623,0.013932579196989536
md2023_e4_shapes,filler type b,"[[1,0,0,1,0,0],[0,0,1,0,1,0],[0,1,0,0,1,0]]",utterance,3,0,60,60,1.0,0.972061276435852,0.9722146987915039,0.9721441268920898,0.9721803665161133,0.9721345901489258
md2023_e4_shapes,filler type b,"[[1,0,0,1,0,0],[0,0,1,0,1,0],[0,1,0,0,1,0]]",utterance,3,1,60,0,0.0,0.013969373889267445,0.013892676681280136,0.013927913270890713,0.013909601606428623,0.013932579196989536
md2023_e4_shapes,filler type b,"[[1,0,0,1,0,0],[0,0,1,0,1,0],[0,1,0,0,1,0]]",utterance,3,2,60,0,0.0,0.013969373889267445,0.013892676681280136,0.013927913270890713,0.013909601606428623,0.013932579196989536
md2023_e4_shapes,filler type b,"[[1,0,0,1,0,0],[0,1,0,0,1,0],[0,1,0,0,0,1]]",utterance,0,0,60,60,1.0,0.972061276435852,0.9722146987915039,0.9721441268920898,0.9721803665161133,0.9721345901489258
md2023_e4_shapes,filler type b,"[[1,0,0,1,0,0],[0,1,0,0,1,0],[0,1,0,0,0,1]]",utterance,0,1,60,0,0.0,0.013969373889267445,0.013892676681280136,0.013927913270890713,0.013909601606428623,0.013932579196989536
md2023_e4_shapes,filler type b,"[[1,0,0,1,0,0],[0,1,0,0,1,0],[0,1,0,0,0,1]]",utterance,0,2,60,0,0.0,0.013969373889267445,0.013892676681280136,0.013927913270890713,0.013909601606428623,0.013932579196989536
md2023_e4_shapes,filler type c,"[[0,1,0,0,1,0],[0,1,0,1,0,0],[0,0,1,1,0,0]]",utterance,4,0,120,120,1.0,0.9720612168312073,0.9722147583961487,0.9721440672874451,0.9721804261207581,0.9721346497535706
md2023_e4_shapes,filler type c,"[[0,1,0,0,1,0],[0,1,0,1,0,0],[0,0,1,1,0,0]]",utterance,4,1,120,0,0.0,0.013969375751912594,0.01389267947524786,0.013927909545600414,0.013909605331718922,0.01393258199095726
md2023_e4_shapes,filler type c,"[[0,1,0,0,1,0],[0,1,0,1,0,0],[0,0,1,1,0,0]]",utterance,4,2,120,0,0.0,0.013969375751912594,0.01389267947524786,0.013927909545600414,0.013909605331718922,0.01393258199095726
md2023_e4_shapes,filler type c,"[[0,1,0,0,1,0],[1,0,0,0,1,0],[1,0,0,0,0,1]]",utterance,1,0,120,120,1.0,0.9720612168312073,0.9722147583961487,0.9721440672874451,0.9721804261207581,0.9721346497535706
md2023_e4_shapes,filler type c,"[[0,1,0,0,1,0],[1,0,0,0,1,0],[1,0,0,0,0,1]]",utterance,1,1,120,0,0.0,0.013969375751912594,0.01389267947524786,0.013927909545600414,0.013909605331718922,0.01393258199095726
md2023_e4_shapes,filler type c,"[[0,1,0,0,1,0],[1,0,0,0,1,0],[1,0,0,0,0,1]]",utterance,1,2,120,0,0.0,0.013969375751912594,0.01389267947524786,0.013927909545600414,0.013909605331718922,0.01393258199095726
md2023_e4_shapes,filler type c,"[[0,1,0,1,0,0],[0,1,0,0,1,0],[0,0,1,0,1,0]]",utterance,3,0,120,120,1.0,0.9720612168312073,0.9722147583961487,0.9721440672874451,0.9721804261207581,0.9721346497535706
md2023_e4_shapes,filler type c,"[[0,1,0,1,0,0],[0,1,0,0,1,0],[0,0,1,0,1,0]]",utterance,3,1,120,0,0.0,0.013969375751912594,0.01389267947524786,0.013927909545600414,0.013909605331718922,0.01393258199095726
md2023_e4_shapes,filler type c,"[[0,1,0,1,0,0],[0,1,0,0,1,0],[0,0,1,0,1,0]]",utterance,3,2,120,0,0.0,0.013969375751912594,0.01389267947524786,0.013927909545600414,0.013909605331718922,0.01393258199095726
md2023_e4_shapes,filler type c,"[[1,0,0,0,1,0],[1,0,0,1,0,0],[0,0,1,1,0,0]]",utterance,4,0,180,179,0.9944444444444445,0.9720612168312073,0.9722147583961487,0.9721440672874451,0.9721804857254028,0.9721347093582153
md2023_e4_shapes,filler type c,"[[1,0,0,0,1,0],[1,0,0,1,0,0],[0,0,1,1,0,0]]",utterance,4,1,180,1,0.005555555555555556,0.013969376683235168,0.013892678543925285,0.013927911408245564,0.013909603469073772,0.013932580128312111
md2023_e4_shapes,filler type c,"[[1,0,0,0,1,0],[1,0,0,1,0,0],[0,0,1,1,0,0]]",utterance,4,2,180,0,0.0,0.013969376683235168,0.013892678543925285,0.013927911408245564,0.013909603469073772,0.013932580128312111
md2023_e4_shapes,filler type c,"[[1,0,0,1,0,0],[0,1,0,1,0,0],[0,1,0,0,0,1]]",utterance,0,0,60,60,1.0,0.972061276435852,0.9722146987915039,0.9721441268920898,0.9721803665161133,0.9721345901489258
md2023_e4_shapes,filler type c,"[[1,0,0,1,0,0],[0,1,0,1,0,0],[0,1,0,0,0,1]]",utterance,0,1,60,0,0.0,0.013969373889267445,0.013892676681280136,0.013927913270890713,0.013909601606428623,0.013932579196989536
md2023_e4_shapes,filler type c,"[[1,0,0,1,0,0],[0,1,0,1,0,0],[0,1,0,0,0,1]]",utterance,0,2,60,0,0.0,0.013969373889267445,0.013892676681280136,0.013927913270890713,0.013909601606428623,0.013932579196989536
md2023_e4_shapes,filler type c,"[[1,0,0,1,0,0],[1,0,0,0,1,0],[0,0,1,0,1,0]]",utterance,3,0,120,120,1.0,0.9720612168312073,0.9722147583961487,0.9721440672874451,0.9721804261207581,0.9721346497535706
md2023_e4_shapes,filler type c,"[[1,0,0,1,0,0],[1,0,0,0,1,0],[0,0,1,0,1,0]]",utterance,3,1,120,0,0.0,0.013969375751912594,0.01389267947524786,0.013927909545600414,0.013909605331718922,0.01393258199095726
md2023_e4_shapes,filler type c,"[[1,0,0,1,0,0],[1,0,0,0,1,0],[0,0,1,0,1,0]]",utterance,3,2,120,0,0.0,0.013969375751912594,0.01389267947524786,0.013927909545600414,0.013909605331718922,0.01393258199095726
md2023_e4_shapes,filler unambiguous,"[[0,0,1,0,1,0],[0,1,0,0,0,1],[1,0,0,1,0,0]]",utterance,4,0,60,58,0.9666666666666667,0.972061276435852,0.9722146987915039,0.9721441268920898,0.9721803665161133,0.9721345901489258
md2023_e4_shapes,filler unambiguous,"[[0,0,1,0,1,0],[0,1,0,0,0,1],[1,0,0,1,0,0]]",utterance,4,1,60,0,0.0,0.013969373889267445,0.013892676681280136,0.013927913270890713,0.013909601606428623,0.013932579196989536
md2023_e4_shapes,filler unambiguous,"[[0,0,1,0,1,0],[0,1,0,0,0,1],[1,0,0,1,0,0]]",utterance,4,2,60,2,0.03333333333333333,0.013969373889267445,0.013892676681280136,0.013927913270890713,0.013909601606428623,0.013932579196989536
md2023_e4_shapes,filler unambiguous,"[[0,0,1,0,1,0],[1,0,0,0,0,1],[0,1,0,1,0,0]]",utterance,4,0,60,59,0.9833333333333333,0.972061276435852,0.9722146987915039,0.9721441268920898,0.9721803665161133,0.9721345901489258
md2023_e4_shapes,filler unambiguous,"[[0,0,1,0,1,0],[1,0,0,0,0,1],[0,1,0,1,0,0]]",utterance,4,1,60,0,0.0,0.013969373889267445,0.013892676681280136,0.013927913270890713,0.013909601606428623,0.013932579196989536
md2023_e4_shapes,filler unambiguous,"[[0,0,1,0,1,0],[1,0,0,0,0,1],[0,1,0,1,0,0]]",utterance,4,2,60,1,0.016666666666666666,0.013969373889267445,0.013892676681280136,0.013927913270890713,0.013909601606428623,0.013932579196989536
md2023_e4_shapes,filler unambiguous,"[[0,1,0,0,1,0],[0,0,1,0,0,1],[1,0,0,1,0,0]]",utterance,1,0,60,60,1.0,0.972061276435852,0.9722146987915039,0.9721441268920898,0.9721803665161133,0.9721345901489258
md2023_e4_shapes,filler unambiguous,"[[0,1,0,0,1,0],[0,0,1,0,0,1],[1,0,0,1,0,0]]",utterance,1,1,60,0,0.0,0.013969373889267445,0.013892676681280136,0.013927913270890713,0.013909601606428623,0.013932579196989536
md2023_e4_shapes,filler unambiguous,"[[0,1,0,0,1,0],[0,0,1,0,0,1],[1,0,0,1,0,0]]",utterance,1,2,60,0,0.0,0.013969373889267445,0.013892676681280136,0.013927913270890713,0.013909601606428623,0.013932579196989536
md2023_e4_shapes,filler unambiguous,"[[0,1,0,1,0,0],[1,0,0,0,0,1],[0,0,1,0,1,0]]",utterance,3,0,60,60,1.0,0.972061276435852,0.9722146987915039,0.9721441268920898,0.9721803665161133,0.9721345901489258
md2023_e4_shapes,filler unambiguous,"[[0,1,0,1,0,0],[1,0,0,0,0,1],[0,0,1,0,1,0]]",utterance,3,1,60,0,0.0,0.013969373889267445,0.013892676681280136,0.013927913270890713,0.013909601606428623,0.013932579196989536
md2023_e4_shapes,filler unambiguous,"[[0,1,0,1,0,0],[1,0,0,0,0,1],[0,0,1,0,1,0]]",utterance,3,2,60,0,0.0,0.013969373889267445,0.013892676681280136,0.013927913270890713,0.013909601606428623,0.013932579196989536
md2023_e4_shapes,filler unambiguous,"[[0,1,0,1,0,0],[1,0,0,0,1,0],[0,0,1,0,0,1]]",utterance,3,0,60,60,1.0,0.972061276435852,0.9722146987915039,0.9721441268920898,0.9721803665161133,0.9721345901489258
md2023_e4_shapes,filler unambiguous,"[[0,1,0,1,0,0],[1,0,0,0,1,0],[0,0,1,0,0,1]]",utterance,3,1,60,0,0.0,0.013969373889267445,0.013892676681280136,0.013927913270890713,0.013909601606428623,0.013932579196989536
md2023_e4_shapes,filler unambiguous,"[[0,1,0,1,0,0],[1,0,0,0,1,0],[0,0,1,0,0,1]]",utterance,3,2,60,0,0.0,0.013969373889267445,0.013892676681280136,0.013927913270890713,0.013909601606428623,0.013932579196989536
md2023_e4_shapes,filler unambiguous,"[[1,0,0,0,1,0],[0,1,0,1,0,0],[0,0,1,0,0,1]]",utterance,4,0,60,58,0.9666666666666667,0.972061276435852,0.9722146987915039,0.9721441268920898,0.9721803665161133,0.9721345901489258
md2023_e4_shapes,filler unambiguous,"[[1,0,0,0,1,0],[0,1,0,1,0,0],[0,0,1,0,0,1]]",utterance,4,1,60,2,0.03333333333333333,0.013969373889267445,0.013892676681280136,0.013927913270890713,0.013909601606428623,0.013932579196989536
md2023_e4_shapes,filler unambiguous,"[[1,0,0,0,1,0],[0,1,0,1,0,0],[0,0,1,0,0,1]]",utterance,4,2,60,0,0.0,0.013969373889267445,0.013892676681280136,0.013927913270890713,0.013909601606428623,0.013932579196989536
md2023_e4_shapes,filler unambiguous,"[[1,0,0,1,0,0],[0,0,1,0,0,1],[0,1,0,0,1,0]]",utterance,0,0,60,60,1.0,0.972061276435852,0.9722146987915039,0.9721441268920898,0.9721803665161133,0.9721345901489258
md2023_e4_shapes,filler unambiguous,"[[1,0,0,1,0,0],[0,0,1,0,0,1],[0,1,0,0,1,0]]",utterance,0,1,60,0,0.0,0.013969373889267445,0.013892676681280136,0.013927913270890713,0.013909601606428623,0.013932579196989536
md2023_e4_shapes,filler unambiguous,"[[1,0,0,1,0,0],[0,0,1,0,0,1],[0,1,0,0,1,0]]",utterance,0,2,60,0,0.0,0.013969373889267445,0.013892676681280136,0.013927913270890713,0.013909601606428623,0.013932579196989536
md2023_e4_shapes,filler unambiguous,"[[1,0,0,1,0,0],[0,1,0,0,0,1],[0,0,1,0,1,0]]",utterance,3,0,60,60,1.0,0.972061276435852,0.9722146987915039,0.9721441268920898,0.9721803665161133,0.9721345901489258
md2023_e4_shapes,filler unambiguous,"[[1,0,0,1,0,0],[0,1,0,0,0,1],[0,0,1,0,1,0]]",utterance,3,1,60,0,0.0,0.013969373889267445,0.013892676681280136,0.013927913270890713,0.013909601606428623,0.013932579196989536
md2023_e4_shapes,filler unambiguous,"[[1,0,0,1,0,0],[0,1,0,0,0,1],[0,0,1,0,1,0]]",utterance,3,2,60,0,0.0,0.013969373889267445,0.013892676681280136,0.013927913270890713,0.013909601606428623,0.013932579196989536
md2023_e4_shapes,filler unambiguous,"[[1,0,0,1,0,0],[0,1,0,0,1,0],[0,0,1,0,0,1]]",utterance,0,0,60,60,1.0,0.972061276435852,0.9722146987915039,0.9721441268920898,0.9721803665161133,0.9721345901489258
md2023_e4_shapes,filler unambiguous,"[[1,0,0,1,0,0],[0,1,0,0,1,0],[0,0,1,0,0,1]]",utterance,0,1,60,0,0.0,0.013969373889267445,0.013892676681280136,0.013927913270890713,0.013909601606428623,0.013932579196989536
md2023_e4_shapes,filler unambiguous,"[[1,0,0,1,0,0],[0,1,0,0,1,0],[0,0,1,0,0,1]]",utterance,0,2,60,0,0.0,0.013969373889267445,0.013892676681280136,0.013927913270890713,0.013909601606428623,0.013932579196989536
md2023_e4_shapes,target complex,"[[0,1,0,0,1,0],[0,1,0,1,0,0],[0,0,1,0,1,0]]",utterance,1,0,120,67,0.5583333333333333,0.49301525950431824,0.5761517286300659,0.584536612033844,0.5692328810691833,0.5670928359031677
md2023_e4_shapes,target complex,"[[0,1,0,0,1,0],[0,1,0,1,0,0],[0,0,1,0,1,0]]",utterance,1,1,120,52,0.43333333333333335,0.49301525950431824,0.40995553135871887,0.4015354812145233,0.41685768961906433,0.4189748466014862
md2023_e4_shapes,target complex,"[[0,1,0,0,1,0],[0,1,0,1,0,0],[0,0,1,0,1,0]]",utterance,1,2,120,1,0.008333333333333333,0.013969375751912594,0.01389267947524786,0.013927909545600414,0.013909605331718922,0.01393258199095726
md2023_e4_shapes,target complex,"[[0,1,0,1,0,0],[0,1,0,0,1,0],[0,0,1,1,0,0]]",utterance,1,0,120,79,0.6583333333333333,0.49301525950431824,0.5761517286300659,0.584536612033844,0.5692328810691833,0.5670928359031677
md2023_e4_shapes,target complex,"[[0,1,0,1,0,0],[0,1,0,0,1,0],[0,0,1,1,0,0]]",utterance,1,1,120,38,0.31666666666666665,0.49301525950431824,0.40995553135871887,0.4015354812145233,0.41685768961906433,0.4189748466014862
md2023_e4_shapes,target complex,"[[0,1,0,1,0,0],[0,1,0,0,1,0],[0,0,1,1,0,0]]",utterance,1,2,120,3,0.025,0.013969375751912594,0.01389267947524786,0.013927909545600414,0.013909605331718922,0.01393258199095726
md2023_e4_shapes,target complex,"[[0,1,0,1,0,0],[1,0,0,1,0,0],[0,1,0,0,0,1]]",utterance,3,0,60,30,0.5,0.49301522970199585,0.5761517286300659,0.5845366716384888,0.5692328810691833,0.5670928359031677
md2023_e4_shapes,target complex,"[[0,1,0,1,0,0],[1,0,0,1,0,0],[0,1,0,0,0,1]]",utterance,3,1,60,29,0.48333333333333334,0.49301522970199585,0.40995559096336365,0.4015354514122009,0.41685763001441956,0.41897475719451904
md2023_e4_shapes,target complex,"[[0,1,0,1,0,0],[1,0,0,1,0,0],[0,1,0,0,0,1]]",utterance,3,2,60,1,0.016666666666666666,0.013969373889267445,0.013892676681280136,0.013927913270890713,0.013909601606428623,0.013932579196989536
md2023_e4_shapes,target complex,"[[1,0,0,0,1,0],[0,1,0,0,1,0],[1,0,0,0,0,1]]",utterance,4,0,120,64,0.5333333333333333,0.49301525950431824,0.5761517286300659,0.584536612033844,0.5692328810691833,0.5670928359031677
md2023_e4_shapes,target complex,"[[1,0,0,0,1,0],[0,1,0,0,1,0],[1,0,0,0,0,1]]",utterance,4,1,120,54,0.45,0.49301525950431824,0.40995553135871887,0.4015354812145233,0.41685768961906433,0.4189748466014862
md2023_e4_shapes,target complex,"[[1,0,0,0,1,0],[0,1,0,0,1,0],[1,0,0,0,0,1]]",utterance,4,2,120,2,0.016666666666666666,0.013969375751912594,0.01389267947524786,0.013927909545600414,0.013909605331718922,0.01393258199095726
md2023_e4_shapes,target complex,"[[1,0,0,0,1,0],[1,0,0,1,0,0],[0,0,1,0,1,0]]",utterance,0,0,120,69,0.575,0.49301525950431824,0.5761517286300659,0.584536612033844,0.5692328810691833,0.5670928359031677
md2023_e4_shapes,target complex,"[[1,0,0,0,1,0],[1,0,0,1,0,0],[0,0,1,0,1,0]]",utterance,0,1,120,49,0.4083333333333333,0.49301525950431824,0.40995553135871887,0.4015354812145233,0.41685768961906433,0.4189748466014862
md2023_e4_shapes,target complex,"[[1,0,0,0,1,0],[1,0,0,1,0,0],[0,0,1,0,1,0]]",utterance,0,2,120,2,0.016666666666666666,0.013969375751912594,0.01389267947524786,0.013927909545600414,0.013909605331718922,0.01393258199095726
md2023_e4_shapes,target complex,"[[1,0,0,1,0,0],[1,0,0,0,1,0],[0,0,1,1,0,0]]",utterance,0,0,180,107,0.5944444444444444,0.49301525950431824,0.5761517286300659,0.584536612033844,0.5692328810691833,0.5670928359031677
md2023_e4_shapes,target complex,"[[1,0,0,1,0,0],[1,0,0,0,1,0],[0,0,1,1,0,0]]",utterance,0,1,180,69,0.38333333333333336,0.49301525950431824,0.4099555015563965,0.4015354514122009,0.41685768961906433,0.4189748466014862
md2023_e4_shapes,target complex,"[[1,0,0,1,0,0],[1,0,0,0,1,0],[0,0,1,1,0,0]]",utterance,0,2,180,4,0.022222222222222223,0.013969376683235168,0.013892678543925285,0.013927911408245564,0.013909603469073772,0.013932580128312111
md2023_e4_shapes,target simple,"[[0,0,1,0,1,0],[0,1,0,0,1,0],[1,0,0,1,0,0]]",utterance,4,0,120,86,0.7166666666666667,0.49301525950431824,0.7225952744483948,0.7339761257171631,0.7306922078132629,0.7349415421485901
md2023_e4_shapes,target simple,"[[0,0,1,0,1,0],[0,1,0,0,1,0],[1,0,0,1,0,0]]",utterance,4,1,120,32,0.26666666666666666,0.49301525950431824,0.26351216435432434,0.25209590792655945,0.2553980350494385,0.25112563371658325
md2023_e4_shapes,target simple,"[[0,0,1,0,1,0],[0,1,0,0,1,0],[1,0,0,1,0,0]]",utterance,4,2,120,2,0.016666666666666666,0.013969375751912594,0.01389267947524786,0.013927909545600414,0.013909605331718922,0.01393258199095726
md2023_e4_shapes,target simple,"[[0,0,1,0,1,0],[1,0,0,0,1,0],[0,1,0,1,0,0]]",utterance,4,0,60,43,0.7166666666666667,0.49301522970199585,0.7225952744483948,0.7339759469032288,0.730692446231842,0.7349417209625244
md2023_e4_shapes,target simple,"[[0,0,1,0,1,0],[1,0,0,0,1,0],[0,1,0,1,0,0]]",utterance,4,1,60,16,0.26666666666666666,0.49301522970199585,0.26351219415664673,0.25209590792655945,0.2553980052471161,0.25112566351890564
md2023_e4_shapes,target simple,"[[0,0,1,0,1,0],[1,0,0,0,1,0],[0,1,0,1,0,0]]",utterance,4,2,60,1,0.016666666666666666,0.013969373889267445,0.013892676681280136,0.013927913270890713,0.013909601606428623,0.013932579196989536
md2023_e4_shapes,target simple,"[[0,0,1,1,0,0],[0,1,0,1,0,0],[1,0,0,0,1,0]]",utterance,3,0,120,87,0.725,0.49301525950431824,0.7225952744483948,0.7339761257171631,0.7306922078132629,0.7349415421485901
md2023_e4_shapes,target simple,"[[0,0,1,1,0,0],[0,1,0,1,0,0],[1,0,0,0,1,0]]",utterance,3,1,120,31,0.25833333333333336,0.49301525950431824,0.26351216435432434,0.25209590792655945,0.2553980350494385,0.25112563371658325
md2023_e4_shapes,target simple,"[[0,0,1,1,0,0],[0,1,0,1,0,0],[1,0,0,0,1,0]]",utterance,3,2,120,2,0.016666666666666666,0.013969375751912594,0.01389267947524786,0.013927909545600414,0.013909605331718922,0.01393258199095726
md2023_e4_shapes,target simple,"[[0,1,0,0,0,1],[0,1,0,0,1,0],[1,0,0,1,0,0]]",utterance,1,0,60,42,0.7,0.49301522970199585,0.7225952744483948,0.7339759469032288,0.730692446231842,0.7349417209625244
md2023_e4_shapes,target simple,"[[0,1,0,0,0,1],[0,1,0,0,1,0],[1,0,0,1,0,0]]",utterance,1,1,60,17,0.2833333333333333,0.49301522970199585,0.26351219415664673,0.25209590792655945,0.2553980052471161,0.25112566351890564
md2023_e4_shapes,target simple,"[[0,1,0,0,0,1],[0,1,0,0,1,0],[1,0,0,1,0,0]]",utterance,1,2,60,1,0.016666666666666666,0.013969373889267445,0.013892676681280136,0.013927913270890713,0.013909601606428623,0.013932579196989536
md2023_e4_shapes,target simple,"[[1,0,0,0,0,1],[1,0,0,0,1,0],[0,1,0,1,0,0]]",utterance,0,0,180,128,0.7111111111111111,0.49301525950431824,0.7225952744483948,0.7339760661125183,0.7306922674179077,0.7349415421485901
md2023_e4_shapes,target simple,"[[1,0,0,0,0,1],[1,0,0,0,1,0],[0,1,0,1,0,0]]",utterance,0,1,180,48,0.26666666666666666,0.49301525950431824,0.26351213455200195,0.25209590792655945,0.2553980350494385,0.25112563371658325
md2023_e4_shapes,target simple,"[[1,0,0,0,0,1],[1,0,0,0,1,0],[0,1,0,1,0,0]]",utterance,0,2,180,4,0.022222222222222223,0.013969376683235168,0.013892678543925285,0.013927911408245564,0.013909603469073772,0.013932580128312111
md2023_e4_shapes,target simple,"[[1,0,0,0,0,1],[1,0,0,1,0,0],[0,1,0,0,1,0]]",utterance,0,0,180,135,0.75,0.49301525950431824,0.7225952744483948,0.7339760661125183,0.7306922674179077,0.7349415421485901
md2023_e4_shapes,target simple,"[[1,0,0,0,0,1],[1,0,0,1,0,0],[0,1,0,0,1,0]]",utterance,0,1,180,42,0.23333333333333334,0.49301525950431824,0.26351213455200195,0.25209590792655945,0.2553980350494385,0.25112563371658325
md2023_e4_shapes,target simple,"[[1,0,0,0,0,1],[1,0,0,1,0,0],[0,1,0,0,1,0]]",utterance,0,2,180,3,0.016666666666666666,0.013969376683235168,0.013892678543925285,0.013927911408245564,0.013909603469073772,0.013932580128312111
md2026_shapes,filler ambiguous,"[[0,1,0,0,1,0],[0,1,0,0,1,0],[1,0,0,0,0,1]]",utterance,1,0,508,504,0.9921259842519685,0.9860305190086365,0.9861069321632385,0.9860724210739136,0.9860906004905701,0.9860674738883972
md2026_shapes,filler ambiguous,"[[0,1,0,0,1,0],[0,1,0,0,1,0],[1,0,0,0,0,1]]",utterance,1,2,508,4,0.007874015748031496,0.013969375751912594,0.013892678543925285,0.013927910476922989,0.013909604400396347,0.013932581059634686
md2026_shapes,filler ambiguous,"[[0,1,0,0,1,0],[0,1,0,0,1,0],[1,0,0,1,0,0]]",utterance,4,0,254,253,0.9960629921259843,0.9860305190086365,0.9861069321632385,0.986072301864624,0.9860906004905701,0.9860674142837524
md2026_shapes,filler ambiguous,"[[0,1,0,0,1,0],[0,1,0,0,1,0],[1,0,0,1,0,0]]",utterance,4,2,254,1,0.003937007874015748,0.01396937482059002,0.013892678543925285,0.013927912339568138,0.013909602537751198,0.013932580128312111
md2026_shapes,filler ambiguous,"[[1,0,0,1,0,0],[1,0,0,1,0,0],[0,1,0,0,0,1]]",utterance,0,0,254,250,0.984251968503937,0.9860305190086365,0.9861069321632385,0.986072301864624,0.9860906004905701,0.9860674142837524
md2026_shapes,filler ambiguous,"[[1,0,0,1,0,0],[1,0,0,1,0,0],[0,1,0,0,0,1]]",utterance,0,2,254,4,0.015748031496062992,0.01396937482059002,0.013892678543925285,0.013927912339568138,0.013909602537751198,0.013932580128312111
md2026_shapes,filler ambiguous,"[[1,0,0,1,0,0],[1,0,0,1,0,0],[0,1,0,0,0,1]]",utterance,3,0,508,501,0.9862204724409449,0.9860305190086365,0.9861069321632385,0.9860724210739136,0.9860906004905701,0.9860674738883972
md2026_shapes,filler ambiguous,"[[1,0,0,1,0,0],[1,0,0,1,0,0],[0,1,0,0,0,1]]",utterance,3,2,508,7,0.013779527559055118,0.013969375751912594,0.013892678543925285,0.013927910476922989,0.013909604400396347,0.013932581059634686
md2026_shapes,filler ambiguous,"[[1,0,0,1,0,0],[1,0,0,1,0,0],[0,1,0,0,1,0]]",utterance,0,0,254,252,0.9921259842519685,0.9860305190086365,0.9861069321632385,0.986072301864624,0.9860906004905701,0.9860674142837524
md2026_shapes,filler ambiguous,"[[1,0,0,1,0,0],[1,0,0,1,0,0],[0,1,0,0,1,0]]",utterance,0,2,254,2,0.007874015748031496,0.01396937482059002,0.013892678543925285,0.013927912339568138,0.013909602537751198,0.013932580128312111
md2026_shapes,filler ambiguous,"[[1,0,0,1,0,0],[1,0,0,1,0,0],[0,1,0,0,1,0]]",utterance,3,0,508,502,0.9881889763779528,0.9860305190086365,0.9861069321632385,0.9860724210739136,0.9860906004905701,0.9860674738883972
md2026_shapes,filler ambiguous,"[[1,0,0,1,0,0],[1,0,0,1,0,0],[0,1,0,0,1,0]]",utterance,3,2,508,6,0.011811023622047244,0.013969375751912594,0.013892678543925285,0.013927910476922989,0.013909604400396347,0.013932581059634686
md2026_shapes,filler type a,"[[0,1,0,0,1,0],[0,0,1,0,1,0],[1,0,0,1,0,0]]",utterance,1,0,254,252,0.9921259842519685,0.972061276435852,0.9722147583961487,0.9721440672874451,0.9721804857254028,0.9721347093582153
md2026_shapes,filler type a,"[[0,1,0,0,1,0],[0,0,1,0,1,0],[1,0,0,1,0,0]]",utterance,1,1,254,1,0.003937007874015748,0.01396937482059002,0.013892678543925285,0.013927912339568138,0.013909602537751198,0.013932580128312111
md2026_shapes,filler type a,"[[0,1,0,0,1,0],[0,0,1,0,1,0],[1,0,0,1,0,0]]",utterance,1,2,254,1,0.003937007874015748,0.01396937482059002,0.013892678543925285,0.013927912339568138,0.013909602537751198,0.013932580128312111
md2026_shapes,filler type a,"[[0,1,0,1,0,0],[0,0,1,1,0,0],[1,0,0,0,1,0]]",utterance,1,0,254,252,0.9921259842519685,0.972061276435852,0.9722147583961487,0.9721440672874451,0.9721804857254028,0.9721347093582153
md2026_shapes,filler type a,"[[0,1,0,1,0,0],[0,0,1,1,0,0],[1,0,0,0,1,0]]",utterance,1,1,254,2,0.007874015748031496,0.01396937482059002,0.013892678543925285,0.013927912339568138,0.013909602537751198,0.013932580128312111
md2026_shapes,filler type a,"[[0,1,0,1,0,0],[0,0,1,1,0,0],[1,0,0,0,1,0]]",utterance,1,2,254,0,0.0,0.01396937482059002,0.013892678543925285,0.013927912339568138,0.013909602537751198,0.013932580128312111
md2026_shapes,filler type a,"[[1,0,0,0,1,0],[1,0,0,0,0,1],[0,1,0,1,0,0]]",utterance,4,0,508,502,0.9881889763779528,0.972061276435852,0.9722147583961487,0.9721440672874451,0.9721804261207581,0.9721346497535706
md2026_shapes,filler type a,"[[1,0,0,0,1,0],[1,0,0,0,0,1],[0,1,0,1,0,0]]",utterance,4,1,508,3,0.005905511811023622,0.013969375751912594,0.013892678543925285,0.013927910476922989,0.013909604400396347,0.013932581059634686
md2026_shapes,filler type a,"[[1,0,0,0,1,0],[1,0,0,0,0,1],[0,1,0,1,0,0]]",utterance,4,2,508,3,0.005905511811023622,0.013969375751912594,0.013892678543925285,0.013927910476922989,0.013909604400396347,0.013932581059634686
md2026_shapes,filler type a,"[[1,0,0,1,0,0],[1,0,0,0,0,1],[0,1,0,0,1,0]]",utterance,3,0,508,502,0.9881889763779528,0.972061276435852,0.9722147583961487,0.9721440672874451,0.9721804261207581,0.9721346497535706
md2026_shapes,filler type a,"[[1,0,0,1,0,0],[1,0,0,0,0,1],[0,1,0,0,1,0]]",utterance,3,1,508,2,0.003937007874015748,0.013969375751912594,0.013892678543925285,0.013927910476922989,0.013909604400396347,0.013932581059634686
md2026_shapes,filler type a,"[[1,0,0,1,0,0],[1,0,0,0,0,1],[0,1,0,0,1,0]]",utterance,3,2,508,4,0.007874015748031496,0.013969375751912594,0.013892678543925285,0.013927910476922989,0.013909604400396347,0.013932581059634686
md2026_shapes,filler type b,"[[0,1,0,0,1,0],[1,0,0,1,0,0],[1,0,0,0,0,1]]",utterance,1,0,254,252,0.9921259842519685,0.972061276435852,0.9722147583961487,0.9721440672874451,0.9721804857254028,0.9721347093582153
md2026_shapes,filler type b,"[[0,1,0,0,1,0],[1,0,0,1,0,0],[1,0,0,0,0,1]]",utterance,1,1,254,1,0.003937007874015748,0.01396937482059002,0.013892678543925285,0.013927912339568138,0.013909602537751198,0.013932580128312111
md2026_shapes,filler type b,"[[0,1,0,0,1,0],[1,0,0,1,0,0],[1,0,0,0,0,1]]",utterance,1,2,254,1,0.003937007874015748,0.01396937482059002,0.013892678543925285,0.013927912339568138,0.013909602537751198,0.013932580128312111
md2026_shapes,filler type b,"[[0,1,0,1,0,0],[0,0,1,0,1,0],[1,0,0,0,1,0]]",utterance,1,0,254,251,0.9881889763779528,0.972061276435852,0.9722147583961487,0.9721440672874451,0.9721804857254028,0.9721347093582153
md2026_shapes,filler type b,"[[0,1,0,1,0,0],[0,0,1,0,1,0],[1,0,0,0,1,0]]",utterance,1,1,254,2,0.007874015748031496,0.01396937482059002,0.013892678543925285,0.013927912339568138,0.013909602537751198,0.013932580128312111
md2026_shapes,filler type b,"[[0,1,0,1,0,0],[0,0,1,0,1,0],[1,0,0,0,1,0]]",utterance,1,2,254,1,0.003937007874015748,0.01396937482059002,0.013892678543925285,0.013927912339568138,0.013909602537751198,0.013932580128312111
md2026_shapes,filler type b,"[[0,1,0,1,0,0],[1,0,0,0,0,1],[1,0,0,0,1,0]]",utterance,3,0,254,253,0.9960629921259843,0.972061276435852,0.9722147583961487,0.9721440672874451,0.9721804857254028,0.9721347093582153
md2026_shapes,filler type b,"[[0,1,0,1,0,0],[1,0,0,0,0,1],[1,0,0,0,1,0]]",utterance,3,1,254,1,0.003937007874015748,0.01396937482059002,0.013892678543925285,0.013927912339568138,0.013909602537751198,0.013932580128312111
md2026_shapes,filler type b,"[[0,1,0,1,0,0],[1,0,0,0,0,1],[1,0,0,0,1,0]]",utterance,3,2,254,0,0.0,0.01396937482059002,0.013892678543925285,0.013927912339568138,0.013909602537751198,0.013932580128312111
md2026_shapes,filler type b,"[[1,0,0,0,1,0],[0,1,0,1,0,0],[0,0,1,1,0,0]]",utterance,4,0,254,251,0.9881889763779528,0.972061276435852,0.9722147583961487,0.9721440672874451,0.9721804857254028,0.9721347093582153
md2026_shapes,filler type b,"[[1,0,0,0,1,0],[0,1,0,1,0,0],[0,0,1,1,0,0]]",utterance,4,1,254,0,0.0,0.01396937482059002,0.013892678543925285,0.013927912339568138,0.013909602537751198,0.013932580128312111
md2026_shapes,filler type b,"[[1,0,0,0,1,0],[0,1,0,1,0,0],[0,0,1,1,0,0]]",utterance,4,2,254,3,0.011811023622047244,0.01396937482059002,0.013892678543925285,0.013927912339568138,0.013909602537751198,0.013932580128312111
md2026_shapes,filler type b,"[[1,0,0,1,0,0],[0,0,1,0,1,0],[0,1,0,0,1,0]]",utterance,3,0,254,250,0.984251968503937,0.972061276435852,0.9722147583961487,0.9721440672874451,0.9721804857254028,0.9721347093582153
md2026_shapes,filler type b,"[[1,0,0,1,0,0],[0,0,1,0,1,0],[0,1,0,0,1,0]]",utterance,3,1,254,1,0.003937007874015748,0.01396937482059002,0.013892678543925285,0.013927912339568138,0.013909602537751198,0.013932580128312111
md2026_shapes,filler type b,"[[1,0,0,1,0,0],[0,0,1,0,1,0],[0,1,0,0,1,0]]",utterance,3,2,254,3,0.011811023622047244,0.01396937482059002,0.013892678543925285,0.013927912339568138,0.013909602537751198,0.013932580128312111
md2026_shapes,filler type b,"[[1,0,0,1,0,0],[0,1,0,0,1,0],[0,1,0,0,0,1]]",utterance,0,0,254,250,0.984251968503937,0.972061276435852,0.9722147583961487,0.9721440672874451,0.9721804857254028,0.9721347093582153
md2026_shapes,filler type b,"[[1,0,0,1,0,0],[0,1,0,0,1,0],[0,1,0,0,0,1]]",utterance,0,1,254,1,0.003937007874015748,0.01396937482059002,0.013892678543925285,0.013927912339568138,0.013909602537751198,0.013932580128312111
md2026_shapes,filler type b,"[[1,0,0,1,0,0],[0,1,0,0,1,0],[0,1,0,0,0,1]]",utterance,0,2,254,3,0.011811023622047244,0.01396937482059002,0.013892678543925285,0.013927912339568138,0.013909602537751198,0.013932580128312111
md2026_shapes,filler type c,"[[0,1,0,0,1,0],[0,1,0,1,0,0],[0,0,1,1,0,0]]",utterance,4,0,508,502,0.9881889763779528,0.972061276435852,0.9722147583961487,0.9721440672874451,0.9721804261207581,0.9721346497535706
md2026_shapes,filler type c,"[[0,1,0,0,1,0],[0,1,0,1,0,0],[0,0,1,1,0,0]]",utterance,4,1,508,2,0.003937007874015748,0.013969375751912594,0.013892678543925285,0.013927910476922989,0.013909604400396347,0.013932581059634686
md2026_shapes,filler type c,"[[0,1,0,0,1,0],[0,1,0,1,0,0],[0,0,1,1,0,0]]",utterance,4,2,508,4,0.007874015748031496,0.013969375751912594,0.013892678543925285,0.013927910476922989,0.013909604400396347,0.013932581059634686
md2026_shapes,filler type c,"[[0,1,0,0,1,0],[1,0,0,0,1,0],[1,0,0,0,0,1]]",utterance,1,0,508,502,0.9881889763779528,0.972061276435852,0.9722147583961487,0.9721440672874451,0.9721804261207581,0.9721346497535706
md2026_shapes,filler type c,"[[0,1,0,0,1,0],[1,0,0,0,1,0],[1,0,0,0,0,1]]",utterance,1,1,508,5,0.00984251968503937,0.013969375751912594,0.013892678543925285,0.013927910476922989,0.013909604400396347,0.013932581059634686
md2026_shapes,filler type c,"[[0,1,0,0,1,0],[1,0,0,0,1,0],[1,0,0,0,0,1]]",utterance,1,2,508,1,0.001968503937007874,0.013969375751912594,0.013892678543925285,0.013927910476922989,0.013909604400396347,0.013932581059634686
md2026_shapes,filler type c,"[[0,1,0,1,0,0],[0,1,0,0,1,0],[0,0,1,0,1,0]]",utterance,3,0,508,500,0.984251968503937,0.972061276435852,0.9722147583961487,0.9721440672874451,0.9721804261207581,0.9721346497535706
md2026_shapes,filler type c,"[[0,1,0,1,0,0],[0,1,0,0,1,0],[0,0,1,0,1,0]]",utterance,3,1,508,3,0.005905511811023622,0.013969375751912594,0.013892678543925285,0.013927910476922989,0.013909604400396347,0.013932581059634686
md2026_shapes,filler type c,"[[0,1,0,1,0,0],[0,1,0,0,1,0],[0,0,1,0,1,0]]",utterance,3,2,508,5,0.00984251968503937,0.013969375751912594,0.013892678543925285,0.013927910476922989,0.013909604400396347,0.013932581059634686
md2026_shapes,filler type c,"[[1,0,0,0,1,0],[1,0,0,1,0,0],[0,0,1,1,0,0]]",utterance,4,0,762,753,0.9881889763779528,0.972061276435852,0.9722147583961487,0.9721441268920898,0.9721804857254028,0.9721346497535706
md2026_shapes,filler type c,"[[1,0,0,0,1,0],[1,0,0,1,0,0],[0,0,1,1,0,0]]",utterance,4,1,762,3,0.003937007874015748,0.013969376683235168,0.01389267947524786,0.013927910476922989,0.013909604400396347,0.013932581059634686
md2026_shapes,filler type c,"[[1,0,0,0,1,0],[1,0,0,1,0,0],[0,0,1,1,0,0]]",utterance,4,2,762,6,0.007874015748031496,0.013969376683235168,0.01389267947524786,0.013927910476922989,0.013909604400396347,0.013932581059634686
md2026_shapes,filler type c,"[[1,0,0,1,0,0],[0,1,0,1,0,0],[0,1,0,0,0,1]]",utterance,0,0,254,250,0.984251968503937,0.972061276435852,0.9722147583961487,0.9721440672874451,0.9721804857254028,0.9721347093582153
md2026_shapes,filler type c,"[[1,0,0,1,0,0],[0,1,0,1,0,0],[0,1,0,0,0,1]]",utterance,0,1,254,2,0.007874015748031496,0.01396937482059002,0.013892678543925285,0.013927912339568138,0.013909602537751198,0.013932580128312111
md2026_shapes,filler type c,"[[1,0,0,1,0,0],[0,1,0,1,0,0],[0,1,0,0,0,1]]",utterance,0,2,254,2,0.007874015748031496,0.01396937482059002,0.013892678543925285,0.013927912339568138,0.013909602537751198,0.013932580128312111
md2026_shapes,filler type c,"[[1,0,0,1,0,0],[1,0,0,0,1,0],[0,0,1,0,1,0]]",utterance,3,0,508,503,0.9901574803149606,0.972061276435852,0.9722147583961487,0.9721440672874451,0.9721804261207581,0.9721346497535706
md2026_shapes,filler type c,"[[1,0,0,1,0,0],[1,0,0,0,1,0],[0,0,1,0,1,0]]",utterance,3,1,508,2,0.003937007874015748,0.013969375751912594,0.013892678543925285,0.013927910476922989,0.013909604400396347,0.013932581059634686
md2026_shapes,filler type c,"[[1,0,0,1,0,0],[1,0,0,0,1,0],[0,0,1,0,1,0]]",utterance,3,2,508,3,0.005905511811023622,0.013969375751912594,0.013892678543925285,0.013927910476922989,0.013909604400396347,0.013932581059634686
md2026_shapes,filler unambiguous,"[[0,0,1,0,1,0],[0,1,0,0,0,1],[1,0,0,1,0,0]]",utterance,4,0,254,252,0.9921259842519685,0.972061276435852,0.9722147583961487,0.9721440672874451,0.9721804857254028,0.9721347093582153
md2026_shapes,filler unambiguous,"[[0,0,1,0,1,0],[0,1,0,0,0,1],[1,0,0,1,0,0]]",utterance,4,1,254,1,0.003937007874015748,0.01396937482059002,0.013892678543925285,0.013927912339568138,0.013909602537751198,0.013932580128312111
md2026_shapes,filler unambiguous,"[[0,0,1,0,1,0],[0,1,0,0,0,1],[1,0,0,1,0,0]]",utterance,4,2,254,1,0.003937007874015748,0.01396937482059002,0.013892678543925285,0.013927912339568138,0.013909602537751198,0.013932580128312111
md2026_shapes,filler unambiguous,"[[0,0,1,0,1,0],[1,0,0,0,0,1],[0,1,0,1,0,0]]",utterance,4,0,254,253,0.9960629921259843,0.972061276435852,0.9722147583961487,0.9721440672874451,0.9721804857254028,0.9721347093582153
md2026_shapes,filler unambiguous,"[[0,0,1,0,1,0],[1,0,0,0,0,1],[0,1,0,1,0,0]]",utterance,4,1,254,1,0.003937007874015748,0.01396937482059002,0.013892678543925285,0.013927912339568138,0.013909602537751198,0.013932580128312111
md2026_shapes,filler unambiguous,"[[0,0,1,0,1,0],[1,0,0,0,0,1],[0,1,0,1,0,0]]",utterance,4,2,254,0,0.0,0.01396937482059002,0.013892678543925285,0.013927912339568138,0.013909602537751198,0.013932580128312111
md2026_shapes,filler unambiguous,"[[0,1,0,0,1,0],[0,0,1,0,0,1],[1,0,0,1,0,0]]",utterance,1,0,254,249,0.9803149606299213,0.972061276435852,0.9722147583961487,0.9721440672874451,0.9721804857254028,0.9721347093582153
md2026_shapes,filler unambiguous,"[[0,1,0,0,1,0],[0,0,1,0,0,1],[1,0,0,1,0,0]]",utterance,1,1,254,3,0.011811023622047244,0.01396937482059002,0.013892678543925285,0.013927912339568138,0.013909602537751198,0.013932580128312111
md2026_shapes,filler unambiguous,"[[0,1,0,0,1,0],[0,0,1,0,0,1],[1,0,0,1,0,0]]",utterance,1,2,254,2,0.007874015748031496,0.01396937482059002,0.013892678543925285,0.013927912339568138,0.013909602537751198,0.013932580128312111
md2026_shapes,filler unambiguous,"[[0,1,0,1,0,0],[1,0,0,0,0,1],[0,0,1,0,1,0]]",utterance,3,0,254,253,0.9960629921259843,0.972061276435852,0.9722147583961487,0.9721440672874451,0.9721804857254028,0.9721347093582153
md2026_shapes,filler unambiguous,"[[0,1,0,1,0,0],[1,0,0,0,0,1],[0,0,1,0,1,0]]",utterance,3,1,254,1,0.003937007874015748,0.01396937482059002,0.013892678543925285,0.013927912339568138,0.013909602537751198,0.013932580128312111
md2026_shapes,filler unambiguous,"[[0,1,0,1,0,0],[1,0,0,0,0,1],[0,0,1,0,1,0]]",utterance,3,2,254,0,0.0,0.01396937482059002,0.013892678543925285,0.013927912339568138,0.013909602537751198,0.013932580128312111
md2026_shapes,filler unambiguous,"[[0,1,0,1,0,0],[1,0,0,0,1,0],[0,0,1,0,0,1]]",utterance,3,0,254,250,0.984251968503937,0.972061276435852,0.9722147583961487,0.9721440672874451,0.9721804857254028,0.9721347093582153
md2026_shapes,filler unambiguous,"[[0,1,0,1,0,0],[1,0,0,0,1,0],[0,0,1,0,0,1]]",utterance,3,1,254,1,0.003937007874015748,0.01396937482059002,0.013892678543925285,0.013927912339568138,0.013909602537751198,0.013932580128312111
md2026_shapes,filler unambiguous,"[[0,1,0,1,0,0],[1,0,0,0,1,0],[0,0,1,0,0,1]]",utterance,3,2,254,3,0.011811023622047244,0.01396937482059002,0.013892678543925285,0.013927912339568138,0.013909602537751198,0.013932580128312111
md2026_shapes,filler unambiguous,"[[1,0,0,0,1,0],[0,1,0,1,0,0],[0,0,1,0,0,1]]",utterance,4,0,254,247,0.9724409448818898,0.972061276435852,0.9722147583961487,0.9721440672874451,0.9721804857254028,0.9721347093582153
md2026_shapes,filler unambiguous,"[[1,0,0,0,1,0],[0,1,0,1,0,0],[0,0,1,0,0,1]]",utterance,4,1,254,2,0.007874015748031496,0.01396937482059002,0.013892678543925285,0.013927912339568138,0.013909602537751198,0.013932580128312111
md2026_shapes,filler unambiguous,"[[1,0,0,0,1,0],[0,1,0,1,0,0],[0,0,1,0,0,1]]",utterance,4,2,254,5,0.01968503937007874,0.01396937482059002,0.013892678543925285,0.013927912339568138,0.013909602537751198,0.013932580128312111
md2026_shapes,filler unambiguous,"[[1,0,0,1,0,0],[0,0,1,0,0,1],[0,1,0,0,1,0]]",utterance,0,0,254,246,0.968503937007874,0.972061276435852,0.9722147583961487,0.9721440672874451,0.9721804857254028,0.9721347093582153
md2026_shapes,filler unambiguous,"[[1,0,0,1,0,0],[0,0,1,0,0,1],[0,1,0,0,1,0]]",utterance,0,1,254,5,0.01968503937007874,0.01396937482059002,0.013892678543925285,0.013927912339568138,0.013909602537751198,0.013932580128312111
md2026_shapes,filler unambiguous,"[[1,0,0,1,0,0],[0,0,1,0,0,1],[0,1,0,0,1,0]]",utterance,0,2,254,3,0.011811023622047244,0.01396937482059002,0.013892678543925285,0.013927912339568138,0.013909602537751198,0.013932580128312111
md2026_shapes,filler unambiguous,"[[1,0,0,1,0,0],[0,1,0,0,0,1],[0,0,1,0,1,0]]",utterance,3,0,254,253,0.9960629921259843,0.972061276435852,0.9722147583961487,0.9721440672874451,0.9721804857254028,0.9721347093582153
md2026_shapes,filler unambiguous,"[[1,0,0,1,0,0],[0,1,0,0,0,1],[0,0,1,0,1,0]]",utterance,3,1,254,0,0.0,0.01396937482059002,0.013892678543925285,0.013927912339568138,0.013909602537751198,0.013932580128312111
md2026_shapes,filler unambiguous,"[[1,0,0,1,0,0],[0,1,0,0,0,1],[0,0,1,0,1,0]]",utterance,3,2,254,1,0.003937007874015748,0.01396937482059002,0.013892678543925285,0.013927912339568138,0.013909602537751198,0.013932580128312111
md2026_shapes,filler unambiguous,"[[1,0,0,1,0,0],[0,1,0,0,1,0],[0,0,1,0,0,1]]",utterance,0,0,254,252,0.9921259842519685,0.972061276435852,0.9722147583961487,0.9721440672874451,0.9721804857254028,0.9721347093582153
md2026_shapes,filler unambiguous,"[[1,0,0,1,0,0],[0,1,0,0,1,0],[0,0,1,0,0,1]]",utterance,0,1,254,0,0.0,0.01396937482059002,0.013892678543925285,0.013927912339568138,0.013909602537751198,0.013932580128312111
md2026_shapes,filler unambiguous,"[[1,0,0,1,0,0],[0,1,0,0,1,0],[0,0,1,0,0,1]]",utterance,0,2,254,2,0.007874015748031496,0.01396937482059002,0.013892678543925285,0.013927912339568138,0.013909602537751198,0.013932580128312111
md2026_shapes,target complex,"[[0,1,0,0,1,0],[0,1,0,1,0,0],[0,0,1,0,1,0]]",utterance,1,0,508,300,0.5905511811023622,0.49301525950431824,0.5761516690254211,0.584536612033844,0.5692328214645386,0.5670928359031677
md2026_shapes,target complex,"[[0,1,0,0,1,0],[0,1,0,1,0,0],[0,0,1,0,1,0]]",utterance,1,1,508,198,0.38976377952755903,0.49301525950431824,0.40995553135871887,0.4015354514122009,0.41685768961906433,0.4189748466014862
md2026_shapes,target complex,"[[0,1,0,0,1,0],[0,1,0,1,0,0],[0,0,1,0,1,0]]",utterance,1,2,508,10,0.01968503937007874,0.013969375751912594,0.013892678543925285,0.013927910476922989,0.013909604400396347,0.013932581059634686
md2026_shapes,target complex,"[[0,1,0,1,0,0],[0,1,0,0,1,0],[0,0,1,1,0,0]]",utterance,1,0,508,341,0.6712598425196851,0.49301525950431824,0.5761516690254211,0.584536612033844,0.5692328214645386,0.5670928359031677
md2026_shapes,target complex,"[[0,1,0,1,0,0],[0,1,0,0,1,0],[0,0,1,1,0,0]]",utterance,1,1,508,148,0.29133858267716534,0.49301525950431824,0.40995553135871887,0.4015354514122009,0.41685768961906433,0.4189748466014862
md2026_shapes,target complex,"[[0,1,0,1,0,0],[0,1,0,0,1,0],[0,0,1,1,0,0]]",utterance,1,2,508,19,0.03740157480314961,0.013969375751912594,0.013892678543925285,0.013927910476922989,0.013909604400396347,0.013932581059634686
md2026_shapes,target complex,"[[0,1,0,1,0,0],[1,0,0,1,0,0],[0,1,0,0,0,1]]",utterance,3,0,254,152,0.5984251968503937,0.49301525950431824,0.5761516690254211,0.584536612033844,0.5692328214645386,0.5670928359031677
md2026_shapes,target complex,"[[0,1,0,1,0,0],[1,0,0,1,0,0],[0,1,0,0,0,1]]",utterance,3,1,254,95,0.37401574803149606,0.49301525950431824,0.40995553135871887,0.4015354514122009,0.41685768961906433,0.4189748167991638
md2026_shapes,target complex,"[[0,1,0,1,0,0],[1,0,0,1,0,0],[0,1,0,0,0,1]]",utterance,3,2,254,7,0.027559055118110236,0.01396937482059002,0.013892678543925285,0.013927912339568138,0.013909602537751198,0.013932580128312111
md2026_shapes,target complex,"[[1,0,0,0,1,0],[0,1,0,0,1,0],[1,0,0,0,0,1]]",utterance,4,0,508,316,0.6220472440944882,0.49301525950431824,0.5761516690254211,0.584536612033844,0.5692328214645386,0.5670928359031677
md2026_shapes,target complex,"[[1,0,0,0,1,0],[0,1,0,0,1,0],[1,0,0,0,0,1]]",utterance,4,1,508,177,0.3484251968503937,0.49301525950431824,0.40995553135871887,0.4015354514122009,0.41685768961906433,0.4189748466014862
md2026_shapes,target complex,"[[1,0,0,0,1,0],[0,1,0,0,1,0],[1,0,0,0,0,1]]",utterance,4,2,508,15,0.02952755905511811,0.013969375751912594,0.013892678543925285,0.013927910476922989,0.013909604400396347,0.013932581059634686
md2026_shapes,target complex,"[[1,0,0,0,1,0],[1,0,0,1,0,0],[0,0,1,0,1,0]]",utterance,0,0,508,296,0.5826771653543307,0.49301525950431824,0.5761516690254211,0.584536612033844,0.5692328214645386,0.5670928359031677
md2026_shapes,target complex,"[[1,0,0,0,1,0],[1,0,0,1,0,0],[0,0,1,0,1,0]]",utterance,0,1,508,196,0.3858267716535433,0.49301525950431824,0.40995553135871887,0.4015354514122009,0.41685768961906433,0.4189748466014862
md2026_shapes,target complex,"[[1,0,0,0,1,0],[1,0,0,1,0,0],[0,0,1,0,1,0]]",utterance,0,2,508,16,0.031496062992125984,0.013969375751912594,0.013892678543925285,0.013927910476922989,0.013909604400396347,0.013932581059634686
md2026_shapes,target complex,"[[1,0,0,1,0,0],[1,0,0,0,1,0],[0,0,1,1,0,0]]",utterance,0,0,762,486,0.6377952755905512,0.49301522970199585,0.5761517286300659,0.584536612033844,0.5692329406738281,0.5670928359031677
md2026_shapes,target complex,"[[1,0,0,1,0,0],[1,0,0,0,1,0],[0,0,1,1,0,0]]",utterance,0,1,762,248,0.32545931758530183,0.49301522970199585,0.40995553135871887,0.4015354812145233,0.41685768961906433,0.4189748764038086
md2026_shapes,target complex,"[[1,0,0,1,0,0],[1,0,0,0,1,0],[0,0,1,1,0,0]]",utterance,0,2,762,28,0.03674540682414698,0.013969376683235168,0.01389267947524786,0.013927910476922989,0.013909604400396347,0.013932581059634686
md2026_shapes,target simple,"[[0,0,1,0,1,0],[0,1,0,0,1,0],[1,0,0,1,0,0]]",utterance,4,0,508,364,0.7165354330708661,0.49301525950431824,0.7225952744483948,0.7339761257171631,0.7306922078132629,0.7349415421485901
md2026_shapes,target simple,"[[0,0,1,0,1,0],[0,1,0,0,1,0],[1,0,0,1,0,0]]",utterance,4,1,508,140,0.2755905511811024,0.49301525950431824,0.26351213455200195,0.25209590792655945,0.2553980350494385,0.25112563371658325
md2026_shapes,target simple,"[[0,0,1,0,1,0],[0,1,0,0,1,0],[1,0,0,1,0,0]]",utterance,4,2,508,4,0.007874015748031496,0.013969375751912594,0.013892678543925285,0.013927910476922989,0.013909604400396347,0.013932581059634686
md2026_shapes,target simple,"[[0,0,1,0,1,0],[1,0,0,0,1,0],[0,1,0,1,0,0]]",utterance,4,0,254,176,0.6929133858267716,0.49301525950431824,0.7225952744483948,0.7339760065078735,0.7306923270225525,0.7349416017532349
md2026_shapes,target simple,"[[0,0,1,0,1,0],[1,0,0,0,1,0],[0,1,0,1,0,0]]",utterance,4,1,254,74,0.29133858267716534,0.49301525950431824,0.26351213455200195,0.25209590792655945,0.2553980350494385,0.25112563371658325
md2026_shapes,target simple,"[[0,0,1,0,1,0],[1,0,0,0,1,0],[0,1,0,1,0,0]]",utterance,4,2,254,4,0.015748031496062992,0.01396937482059002,0.013892678543925285,0.013927912339568138,0.013909602537751198,0.013932580128312111
md2026_shapes,target simple,"[[0,0,1,1,0,0],[0,1,0,1,0,0],[1,0,0,0,1,0]]",utterance,3,0,508,363,0.7145669291338582,0.49301525950431824,0.7225952744483948,0.7339761257171631,0.7306922078132629,0.7349415421485901
md2026_shapes,target simple,"[[0,0,1,1,0,0],[0,1,0,1,0,0],[1,0,0,0,1,0]]",utterance,3,1,508,140,0.2755905511811024,0.49301525950431824,0.26351213455200195,0.25209590792655945,0.2553980350494385,0.25112563371658325
md2026_shapes,target simple,"[[0,0,1,1,0,0],[0,1,0,1,0,0],[1,0,0,0,1,0]]",utterance,3,2,508,5,0.00984251968503937,0.013969375751912594,0.013892678543925285,0.013927910476922989,0.013909604400396347,0.013932581059634686
md2026_shapes,target simple,"[[0,1,0,0,0,1],[0,1,0,0,1,0],[1,0,0,1,0,0]]",utterance,1,0,254,190,0.7480314960629921,0.49301525950431824,0.7225952744483948,0.7339760065078735,0.7306923270225525,0.7349416017532349
md2026_shapes,target simple,"[[0,1,0,0,0,1],[0,1,0,0,1,0],[1,0,0,1,0,0]]",utterance,1,1,254,62,0.2440944881889764,0.49301525950431824,0.26351213455200195,0.25209590792655945,0.2553980350494385,0.25112563371658325
md2026_shapes,target simple,"[[0,1,0,0,0,1],[0,1,0,0,1,0],[1,0,0,1,0,0]]",utterance,1,2,254,2,0.007874015748031496,0.01396937482059002,0.013892678543925285,0.013927912339568138,0.013909602537751198,0.013932580128312111
md2026_shapes,target simple,"[[1,0,0,0,0,1],[1,0,0,0,1,0],[0,1,0,1,0,0]]",utterance,0,0,762,543,0.7125984251968503,0.49301522970199585,0.7225952744483948,0.7339760065078735,0.7306923270225525,0.7349415421485901
md2026_shapes,target simple,"[[1,0,0,0,0,1],[1,0,0,0,1,0],[0,1,0,1,0,0]]",utterance,0,1,762,212,0.2782152230971129,0.49301522970199585,0.26351216435432434,0.25209590792655945,0.2553980350494385,0.25112563371658325
md2026_shapes,target simple,"[[1,0,0,0,0,1],[1,0,0,0,1,0],[0,1,0,1,0,0]]",utterance,0,2,762,7,0.009186351706036745,0.013969376683235168,0.01389267947524786,0.013927910476922989,0.013909604400396347,0.013932581059634686
md2026_shapes,target simple,"[[1,0,0,0,0,1],[1,0,0,1,0,0],[0,1,0,0,1,0]]",utterance,0,0,762,573,0.7519685039370079,0.49301522970199585,0.7225952744483948,0.7339760065078735,0.7306923270225525,0.7349415421485901
md2026_shapes,target simple,"[[1,0,0,0,0,1],[1,0,0,1,0,0],[0,1,0,0,1,0]]",utterance,0,1,762,186,0.2440944881889764,0.49301522970199585,0.26351216435432434,0.25209590792655945,0.2553980350494385,0.25112563371658325
md2026_shapes,target simple,"[[1,0,0,0,0,1],[1,0,0,1,0,0],[0,1,0,0,1,0]]",utterance,0,2,762,3,0.003937007874015748,0.013969376683235168,0.01389267947524786,0.013927910476922989,0.013909604400396347,0.013932581059634686
sequences,(0b1b)x3,"[[0,0],[0,1],[1,1]]",utterance,0,0,138,4,0.028985507246376812,0.013969375751912594,0.013892678543925285,0.013927912339568138,0.013909602537751198,0.013932579196989536
sequences,(0b1b)x3,"[[0,0],[0,1],[1,1]]",utterance,0,1,138,2,0.014492753623188406,0.013969375751912594,0.013892678543925285,0.013927912339568138,0.013909602537751198,0.013932579196989536
sequences,(0b1b)x3,"[[0,0],[0,1],[1,1]]",utterance,0,2,138,132,0.9565217391304348,0.972061276435852,0.9722147583961487,0.9721440672874451,0.9721804857254028,0.9721347093582153
sequences,(0b1b)x3,"[[0,0],[0,1],[1,1]]",utterance,1,0,138,1,0.007246376811594203,0.013969375751912594,0.013892678543925285,0.013927912339568138,0.013909602537751198,0.013932579196989536
sequences,(0b1b)x3,"[[0,0],[0,1],[1,1]]",utterance,1,1,138,108,0.782608695652174,0.49301522970199585,0.7225952744483948,0.7339759469032288,0.7306923270225525,0.7349416017532349
sequences,(0b1b)x3,"[[0,0],[0,1],[1,1]]",utterance,1,2,138,29,0.21014492753623187,0.49301522970199585,0.26351216435432434,0.25209593772888184,0.2553980052471161,0.25112566351890564
sequences,(0w1w)x3,"[[0,0],[0,1],[1,1]]",utterance,0,0,141,0,0.0,0.013969376683235168,0.01389267761260271,0.013927913270890713,0.013909601606428623,0.013932579196989536
sequences,(0w1w)x3,"[[0,0],[0,1],[1,1]]",utterance,0,1,141,1,0.0070921985815602835,0.013969376683235168,0.01389267761260271,0.013927913270890713,0.013909601606428623,0.013932579196989536
sequences,(0w1w)x3,"[[0,0],[0,1],[1,1]]",utterance,0,2,141,140,0.9929078014184397,0.972061276435852,0.9722146987915039,0.9721440672874451,0.9721805453300476,0.9721347689628601
sequences,(0w1w)x3,"[[0,0],[0,1],[1,1]]",utterance,1,0,141,6,0.0425531914893617,0.013969376683235168,0.01389267761260271,0.013927913270890713,0.013909601606428623,0.013932579196989536
sequences,(0w1w)x3,"[[0,0],[0,1],[1,1]]",utterance,1,1,141,111,0.7872340425531915,0.49301525950431824,0.7225952744483948,0.7339759469032288,0.7306923270225525,0.7349416017532349
sequences,(0w1w)x3,"[[0,0],[0,1],[1,1]]",utterance,1,2,141,24,0.1702127659574468,0.49301525950431824,0.26351213455200195,0.25209590792655945,0.2553980350494385,0.25112563371658325
sequences,0w1w1b,"[[0,0],[0,1],[1,1]]",utterance,0,0,80,3,0.0375,0.01396937482059002,0.013892678543925285,0.013927911408245564,0.013909603469073772,0.013932580128312111
sequences,0w1w1b,"[[0,0],[0,1],[1,1]]",utterance,0,1,80,2,0.025,0.01396937482059002,0.013892678543925285,0.013927911408245564,0.013909603469073772,0.013932580128312111
sequences,0w1w1b,"[[0,0],[0,1],[1,1]]",utterance,0,2,80,75,0.9375,0.972061276435852,0.9722148180007935,0.9721440076828003,0.9721804857254028,0.9721347093582153
sequences,0w1w1b,"[[0,0],[0,1],[1,1]]",utterance,1,0,160,5,0.03125,0.01396937482059002,0.013892678543925285,0.013927911408245564,0.013909603469073772,0.013932580128312111
sequences,0w1w1b,"[[0,0],[0,1],[1,1]]",utterance,1,1,160,132,0.825,0.49301522970199585,0.7225952744483948,0.7339760065078735,0.7306922674179077,0.7349416017532349
sequences,0w1w1b,"[[0,0],[0,1],[1,1]]",utterance,1,2,160,23,0.14375,0.49301522970199585,0.26351216435432434,0.25209590792655945,0.2553980350494385,0.25112563371658325
sequences,0w1w2w,"[[0,0,1],[0,1,1],[1,1,0]]",utterance,0,0,43,1,0.023255813953488372,0.01396937295794487,0.013892675749957561,0.013927913270890713,0.013909601606428623,0.013932579196989536
sequences,0w1w2w,"[[0,0,1],[0,1,1],[1,1,0]]",utterance,0,1,43,3,0.06976744186046512,0.01396937295794487,0.013892675749957561,0.013927913270890713,0.013909601606428623,0.013932579196989536
sequences,0w1w2w,"[[0,0,1],[0,1,1],[1,1,0]]",utterance,0,2,43,39,0.9069767441860465,0.9720613360404968,0.9722146987915039,0.9721441268920898,0.9721803665161133,0.9721345901489258
sequences,0w1w2w,"[[0,0,1],[0,1,1],[1,1,0]]",utterance,1,0,43,3,0.06976744186046512,0.01396937295794487,0.013892675749957561,0.013927913270890713,0.013909601606428623,0.013932579196989536
sequences,0w1w2w,"[[0,0,1],[0,1,1],[1,1,0]]",utterance,1,1,43,35,0.813953488372093,0.49301519989967346,0.5761516094207764,0.5845366716384888,0.5692328810691833,0.5670928359031677
sequences,0w1w2w,"[[0,0,1],[0,1,1],[1,1,0]]",utterance,1,2,43,5,0.11627906976744186,0.49301519989967346,0.40995562076568604,0.40153542160987854,0.41685760021209717,0.41897472739219666
sequences,0w1w2w,"[[0,0,1],[0,1,1],[1,1,0]]",utterance,2,0,43,33,0.7674418604651163,0.49301519989967346,0.6527741551399231,0.6845625042915344,0.6683273911476135,0.6780139207839966
sequences,0w1w2w,"[[0,0,1],[0,1,1],[1,1,0]]",utterance,2,1,43,8,0.18604651162790697,0.49301519989967346,0.33333292603492737,0.30150964856147766,0.31776300072669983,0.30805352330207825
sequences,0w1w2w,"[[0,0,1],[0,1,1],[1,1,0]]",utterance,2,2,43,2,0.046511627906976744,0.01396937295794487,0.013892675749957561,0.013927913270890713,0.013909601606428623,0.013932579196989536
sequences,0w2w1w,"[[0,0,1],[0,1,1],[1,1,0]]",utterance,0,0,45,2,0.044444444444444446,0.013969372026622295,0.013892674818634987,0.013927914202213287,0.013909600675106049,0.013932579196989536
sequences,0w2w1w,"[[0,0,1],[0,1,1],[1,1,0]]",utterance,0,1,45,1,0.022222222222222223,0.013969372026622295,0.013892674818634987,0.013927914202213287,0.013909600675106049,0.013932579196989536
sequences,0w2w1w,"[[0,0,1],[0,1,1],[1,1,0]]",utterance,0,2,45,42,0.9333333333333333,0.9720613360404968,0.9722146987915039,0.9721441268920898,0.9721803665161133,0.9721345901489258
sequences,0w2w1w,"[[0,0,1],[0,1,1],[1,1,0]]",utterance,1,0,45,1,0.022222222222222223,0.013969372026622295,0.013892674818634987,0.013927914202213287,0.013909600675106049,0.013932579196989536
sequences,0w2w1w,"[[0,0,1],[0,1,1],[1,1,0]]",utterance,1,1,45,30,0.6666666666666666,0.49301519989967346,0.5761515498161316,0.5845366716384888,0.5692328810691833,0.5670928359031677
sequences,0w2w1w,"[[0,0,1],[0,1,1],[1,1,0]]",utterance,1,2,45,14,0.3111111111111111,0.49301519989967346,0.4099556505680084,0.40153542160987854,0.4168575704097748,0.41897469758987427
sequences,0w2w1w,"[[0,0,1],[0,1,1],[1,1,0]]",utterance,2,0,45,35,0.7777777777777778,0.49301519989967346,0.6527741551399231,0.6845625042915344,0.6683273911476135,0.6780139207839966
sequences,0w2w1w,"[[0,0,1],[0,1,1],[1,1,0]]",utterance,2,1,45,8,0.17777777777777778,0.49301519989967346,0.33333292603492737,0.30150967836380005,0.31776300072669983,0.30805355310440063
sequences,0w2w1w,"[[0,0,1],[0,1,1],[1,1,0]]",utterance,2,2,45,2,0.044444444444444446,0.013969372026622295,0.013892674818634987,0.013927914202213287,0.013909600675106049,0.013932579196989536
sequences,1w0w1b,"[[0,0],[0,1],[1,1]]",utterance,0,0,111,0,0.0,0.013969378545880318,0.01389267761260271,0.013927911408245564,0.013909603469073772,0.013932581059634686
sequences,1w0w1b,"[[0,0],[0,1],[1,1]]",utterance,0,1,111,1,0.009009009009009009,0.013969378545880318,0.01389267761260271,0.013927911408245564,0.013909603469073772,0.013932581059634686
sequences,1w0w1b,"[[0,0],[0,1],[1,1]]",utterance,0,2,111,110,0.990990990990991,0.9720612168312073,0.9722146987915039,0.9721441268920898,0.9721806049346924,0.9721348285675049
sequences,1w0w1b,"[[0,0],[0,1],[1,1]]",utterance,1,0,222,12,0.05405405405405406,0.013969376683235168,0.013892678543925285,0.013927910476922989,0.013909604400396347,0.013932581059634686
sequences,1w0w1b,"[[0,0],[0,1],[1,1]]",utterance,1,1,222,168,0.7567567567567568,0.49301525950431824,0.7225952744483948,0.7339761257171631,0.7306921482086182,0.7349414825439453
sequences,1w0w1b,"[[0,0],[0,1],[1,1]]",utterance,1,2,222,42,0.1891891891891892,0.49301525950431824,0.26351213455200195,0.25209590792655945,0.2553980350494385,0.25112560391426086
sequences,1w2w0w,"[[0,0,1],[0,1,1],[1,1,0]]",utterance,0,0,52,1,0.019230769230769232,0.01396937295794487,0.013892675749957561,0.013927913270890713,0.013909601606428623,0.013932579196989536
sequences,1w2w0w,"[[0,0,1],[0,1,1],[1,1,0]]",utterance,0,1,52,1,0.019230769230769232,0.01396937295794487,0.013892675749957561,0.013927913270890713,0.013909601606428623,0.013932579196989536
sequences,1w2w0w,"[[0,0,1],[0,1,1],[1,1,0]]",utterance,0,2,52,50,0.9615384615384616,0.972061276435852,0.9722146987915039,0.9721441268920898,0.9721803665161133,0.9721345901489258
sequences,1w2w0w,"[[0,0,1],[0,1,1],[1,1,0]]",utterance,1,0,52,3,0.057692307692307696,0.01396937295794487,0.013892675749957561,0.013927913270890713,0.013909601606428623,0.013932579196989536
sequences,1w2w0w,"[[0,0,1],[0,1,1],[1,1,0]]",utterance,1,1,52,29,0.5576923076923077,0.49301522970199585,0.5761516094207764,0.5845366716384888,0.5692328810691833,0.5670928359031677
sequences,1w2w0w,"[[0,0,1],[0,1,1],[1,1,0]]",utterance,1,2,52,20,0.38461538461538464,0.49301522970199585,0.40995562076568604,0.4015354514122009,0.41685760021209717,0.41897472739219666
sequences,1w2w0w,"[[0,0,1],[0,1,1],[1,1,0]]",utterance,2,0,52,45,0.8653846153846154,0.49301522970199585,0.6527741551399231,0.6845625638961792,0.6683273911476135,0.678013801574707
sequences,1w2w0w,"[[0,0,1],[0,1,1],[1,1,0]]",utterance,2,1,52,5,0.09615384615384616,0.49301522970199585,0.3333328664302826,0.30150964856147766,0.31776297092437744,0.30805352330207825
sequences,1w2w0w,"[[0,0,1],[0,1,1],[1,1,0]]",utterance,2,2,52,2,0.038461538461538464,0.01396937295794487,0.013892675749957561,0.013927913270890713,0.013909601606428623,0.013932579196989536
sequences,2w1w0w,"[[0,0,1],[0,1,1],[1,1,0]]",utterance,0,0,53,1,0.018867924528301886,0.01396937295794487,0.013892675749957561,0.013927914202213287,0.013909600675106049,0.013932579196989536
sequences,2w1w0w,"[[0,0,1],[0,1,1],[1,1,0]]",utterance,0,1,53,0,0.0,0.01396937295794487,0.013892675749957561,0.013927914202213287,0.013909600675106049,0.013932579196989536
sequences,2w1w0w,"[[0,0,1],[0,1,1],[1,1,0]]",utterance,0,2,53,52,0.9811320754716981,0.972061276435852,0.9722146987915039,0.9721441268920898,0.9721803665161133,0.9721345901489258
sequences,2w1w0w,"[[0,0,1],[0,1,1],[1,1,0]]",utterance,1,0,53,2,0.03773584905660377,0.01396937295794487,0.013892675749957561,0.013927914202213287,0.013909600675106049,0.013932579196989536
sequences,2w1w0w,"[[0,0,1],[0,1,1],[1,1,0]]",utterance,1,1,53,27,0.5094339622641509,0.49301522970199585,0.5761515498161316,0.5845366716384888,0.5692328810691833,0.5670928359031677
sequences,2w1w0w,"[[0,0,1],[0,1,1],[1,1,0]]",utterance,1,2,53,24,0.4528301886792453,0.49301522970199585,0.40995562076568604,0.40153542160987854,0.41685760021209717,0.41897472739219666
sequences,2w1w0w,"[[0,0,1],[0,1,1],[1,1,0]]",utterance,2,0,53,35,0.660377358490566,0.49301522970199585,0.6527741551399231,0.6845625638961792,0.6683273911476135,0.678013801574707
sequences,2w1w0w,"[[0,0,1],[0,1,1],[1,1,0]]",utterance,2,1,53,15,0.2830188679245283,0.49301522970199585,0.3333328664302826,0.30150964856147766,0.31776294112205505,0.30805355310440063
sequences,2w1w0w,"[[0,0,1],[0,1,1],[1,1,0]]",utterance,2,2,53,3,0.05660377358490566,0.01396937295794487,0.013892675749957561,0.013927914202213287,0.013909600675106049,0.013932579196989536
sikos2021_e1,d.1s1c.c,"[[1,0,0,1,0,0],[0,1,0,0,1,0],[0,0,1,0,0,1]]",prior,-1,0,25,5,0.2,0.33333292603492737,0.33333292603492737,0.33333292603492737,0.33333292603492737,0.33333292603492737
sikos2021_e1,d.1s1c.c,"[[1,0,0,1,0,0],[0,1,0,0,1,0],[0,0,1,0,0,1]]",prior,-1,1,25,11,0.44,0.33333292603492737,0.33333292603492737,0.33333292603492737,0.33333292603492737,0.33333292603492737
sikos2021_e1,d.1s1c.c,"[[1,0,0,1,0,0],[0,1,0,0,1,0],[0,0,1,0,0,1]]",prior,-1,2,25,9,0.36,0.33333292603492737,0.33333292603492737,0.33333292603492737,0.33333292603492737,0.33333292603492737
sikos2021_e1,d.1s1c.c,"[[1,0,0,1,0,0],[0,1,0,0,1,0],[0,0,1,0,0,1]]",utterance,1,0,23,0,0.0,0.01396937109529972,0.01389267761260271,0.013927910476922989,0.013909604400396347,0.013932580128312111
sikos2021_e1,d.1s1c.c,"[[1,0,0,1,0,0],[0,1,0,0,1,0],[0,0,1,0,0,1]]",utterance,1,1,23,23,1.0,0.9720613360404968,0.9722150564193726,0.972143828868866,0.9721807241439819,0.9721349477767944
sikos2021_e1,d.1s1c.c,"[[1,0,0,1,0,0],[0,1,0,0,1,0],[0,0,1,0,0,1]]",utterance,1,2,23,0,0.0,0.01396937109529972,0.01389267761260271,0.013927910476922989,0.013909604400396347,0.013932580128312111
sikos2021_e1,d.1s1c.c,"[[1,0,0,1,0],[0,1,0,0,1],[0,0,1,1,0]]",prior,-1,0,9,1,0.1111111111111111,0.33333292603492737,0.33333292603492737,0.33333292603492737,0.33333292603492737,0.33333292603492737
sikos2021_e1,d.1s1c.c,"[[1,0,0,1,0],[0,1,0,0,1],[0,0,1,1,0]]",prior,-1,1,9,7,0.7777777777777778,0.33333292603492737,0.33333292603492737,0.33333292603492737,0.33333292603492737,0.33333292603492737
sikos2021_e1,d.1s1c.c,"[[1,0,0,1,0],[0,1,0,0,1],[0,0,1,1,0]]",prior,-1,2,9,1,0.1111111111111111,0.33333292603492737,0.33333292603492737,0.33333292603492737,0.33333292603492737,0.33333292603492737
sikos2021_e1,d.1s1c.c,"[[1,0,0,1,0],[0,1,0,0,1],[0,0,1,1,0]]",utterance,1,0,8,0,0.0,0.013969373889267445,0.013892676681280136,0.013927911408245564,0.013909603469073772,0.013932578265666962
sikos2021_e1,d.1s1c.c,"[[1,0,0,1,0],[0,1,0,0,1],[0,0,1,1,0]]",utterance,1,1,8,8,1.0,0.9720613360404968,0.9722148180007935,0.9721440672874451,0.9721804857254028,0.9721347093582153
sikos2021_e1,d.1s1c.c,"[[1,0,0,1,0],[0,1,0,0,1],[0,0,1,1,0]]",utterance,1,2,8,0,0.0,0.013969373889267445,0.013892676681280136,0.013927911408245564,0.013909603469073772,0.013932578265666962
sikos2021_e1,d.1s1c.c,"[[1,0,1,0,0],[0,1,0,1,0],[1,0,0,0,1]]",prior,-1,0,7,3,0.42857142857142855,0.33333292603492737,0.33333292603492737,0.33333292603492737,0.33333292603492737,0.33333292603492737
sikos2021_e1,d.1s1c.c,"[[1,0,1,0,0],[0,1,0,1,0],[1,0,0,0,1]]",prior,-1,1,7,4,0.5714285714285714,0.33333292603492737,0.33333292603492737,0.33333292603492737,0.33333292603492737,0.33333292603492737
sikos2021_e1,d.1s1c.c,"[[1,0,1,0,0],[0,1,0,1,0],[1,0,0,0,1]]",prior,-1,2,7,0,0.0,0.33333292603492737,0.33333292603492737,0.33333292603492737,0.33333292603492737,0.33333292603492737
sikos2021_e1,d.1s1c.c,"[[1,0,1,0,0],[0,1,0,1,0],[1,0,0,0,1]]",utterance,1,0,10,0,0.0,0.013969373889267445,0.01389267761260271,0.013927911408245564,0.013909603469073772,0.013932580128312111
sikos2021_e1,d.1s1c.c,"[[1,0,1,0,0],[0,1,0,1,0],[1,0,0,0,1]]",utterance,1,1,10,10,1.0,0.9720613360404968,0.9722148180007935,0.9721440076828003,0.9721804857254028,0.9721347093582153
sikos2021_e1,d.1s1c.c,"[[1,0,1,0,0],[0,1,0,1,0],[1,0,0,0,1]]",utterance,1,2,10,0,0.0,0.013969373889267445,0.01389267761260271,0.013927911408245564,0.013909603469073772,0.013932580128312111
sikos2021_e1,d.1s1c.c,"[[1,0,1,0],[0,1,0,1],[1,0,1,0]]",prior,-1,0,5,1,0.2,0.6666658520698547,0.6666658520698547,0.6666658520698547,0.6666658520698547,0.6666658520698547
sikos2021_e1,d.1s1c.c,"[[1,0,1,0],[0,1,0,1],[1,0,1,0]]",prior,-1,1,5,4,0.8,0.33333292603492737,0.33333292603492737,0.33333292603492737,0.33333292603492737,0.33333292603492737
sikos2021_e1,d.1s1c.c,"[[1,0,1,0],[0,1,0,1],[1,0,1,0]]",utterance,1,0,5,0,0.0,0.02793874777853489,0.02778535522520542,0.027855822816491127,0.027819206938147545,0.027865156531333923
sikos2021_e1,d.1s1c.c,"[[1,0,1,0],[0,1,0,1],[1,0,1,0]]",utterance,1,1,5,5,1.0,0.9720613360404968,0.9722148180007935,0.9721440076828003,0.9721804857254028,0.9721347093582153
sikos2021_e1,d.1s1c.s,"[[1,0,0,1,0,0],[0,1,0,0,1,0],[0,0,1,0,0,1]]",prior,-1,0,19,9,0.47368421052631576,0.33333292603492737,0.33333292603492737,0.33333292603492737,0.33333292603492737,0.33333292603492737
sikos2021_e1,d.1s1c.s,"[[1,0,0,1,0,0],[0,1,0,0,1,0],[0,0,1,0,0,1]]",prior,-1,1,19,7,0.3684210526315789,0.33333292603492737,0.33333292603492737,0.33333292603492737,0.33333292603492737,0.33333292603492737
sikos2021_e1,d.1s1c.s,"[[1,0,0,1,0,0],[0,1,0,0,1,0],[0,0,1,0,0,1]]",prior,-1,2,19,3,0.15789473684210525,0.33333292603492737,0.33333292603492737,0.33333292603492737,0.33333292603492737,0.33333292603492737
sikos2021_e1,d.1s1c.s,"[[1,0,0,1,0,0],[0,1,0,0,1,0],[0,0,1,0,0,1]]",utterance,4,0,18,0,0.0,0.01396937295794487,0.013892676681280136,0.013927911408245564,0.013909603469073772,0.013932579196989536
sikos2021_e1,d.1s1c.s,"[[1,0,0,1,0,0],[0,1,0,0,1,0],[0,0,1,0,0,1]]",utterance,4,1,18,18,1.0,0.9720613956451416,0.972214937210083,0.9721440076828003,0.9721806049346924,0.9721348285675049
sikos2021_e1,d.1s1c.s,"[[1,0,0,1,0,0],[0,1,0,0,1,0],[0,0,1,0,0,1]]",utterance,4,2,18,0,0.0,0.01396937295794487,0.013892676681280136,0.013927911408245564,0.013909603469073772,0.013932579196989536
sikos2021_e1,d.1s1c.s,"[[1,0,0,1,0],[0,1,0,0,1],[0,0,1,1,0]]",prior,-1,0,6,1,0.16666666666666666,0.33333292603492737,0.33333292603492737,0.33333292603492737,0.33333292603492737,0.33333292603492737
sikos2021_e1,d.1s1c.s,"[[1,0,0,1,0],[0,1,0,0,1],[0,0,1,1,0]]",prior,-1,1,6,5,0.8333333333333334,0.33333292603492737,0.33333292603492737,0.33333292603492737,0.33333292603492737,0.33333292603492737
sikos2021_e1,d.1s1c.s,"[[1,0,0,1,0],[0,1,0,0,1],[0,0,1,1,0]]",prior,-1,2,6,0,0.0,0.33333292603492737,0.33333292603492737,0.33333292603492737,0.33333292603492737,0.33333292603492737
sikos2021_e1,d.1s1c.s,"[[1,0,0,1,0],[0,1,0,0,1],[0,0,1,1,0]]",utterance,4,0,8,0,0.0,0.013969373889267445,0.013892676681280136,0.013927911408245564,0.013909603469073772,0.013932578265666962
sikos2021_e1,d.1s1c.s,"[[1,0,0,1,0],[0,1,0,0,1],[0,0,1,1,0]]",utterance,4,1,8,8,1.0,0.9720613360404968,0.9722148180007935,0.9721440672874451,0.9721804857254028,0.9721347093582153
sikos2021_e1,d.1s1c.s,"[[1,0,0,1,0],[0,1,0,0,1],[0,0,1,1,0]]",utterance,4,2,8,0,0.0,0.013969373889267445,0.013892676681280136,0.013927911408245564,0.013909603469073772,0.013932578265666962
sikos2021_e1,d.1s1c.s,"[[1,0,1,0,0],[0,1,0,1,0],[1,0,0,0,1]]",prior,-1,0,15,2,0.13333333333333333,0.33333295583724976,0.33333295583724976,0.33333295583724976,0.33333295583724976,0.33333295583724976
sikos2021_e1,d.1s1c.s,"[[1,0,1,0,0],[0,1,0,1,0],[1,0,0,0,1]]",prior,-1,1,15,9,0.6,0.33333295583724976,0.33333295583724976,0.33333295583724976,0.33333295583724976,0.33333295583724976
sikos2021_e1,d.1s1c.s,"[[1,0,1,0,0],[0,1,0,1,0],[1,0,0,0,1]]",prior,-1,2,15,4,0.26666666666666666,0.33333295583724976,0.33333295583724976,0.33333295583724976,0.33333295583724976,0.33333295583724976
sikos2021_e1,d.1s1c.s,"[[1,0,1,0,0],[0,1,0,1,0],[1,0,0,0,1]]",utterance,3,0,14,0,0.0,0.01396937482059002,0.013892678543925285,0.013927909545600414,0.013909605331718922,0.013932581059634686
sikos2021_e1,d.1s1c.s,"[[1,0,1,0,0],[0,1,0,1,0],[1,0,0,0,1]]",utterance,3,1,14,14,1.0,0.972061276435852,0.9722147583961487,0.9721440672874451,0.9721804261207581,0.9721346497535706
sikos2021_e1,d.1s1c.s,"[[1,0,1,0,0],[0,1,0,1,0],[1,0,0,0,1]]",utterance,3,2,14,0,0.0,0.01396937482059002,0.013892678543925285,0.013927909545600414,0.013909605331718922,0.013932581059634686
sikos2021_e1,d.1s1c.s,"[[1,0,1,0],[0,1,0,1],[1,0,1,0]]",prior,-1,0,6,0,0.0,0.6666658520698547,0.6666658520698547,0.6666658520698547,0.6666658520698547,0.6666658520698547
sikos2021_e1,d.1s1c.s,"[[1,0,1,0],[0,1,0,1],[1,0,1,0]]",prior,-1,1,6,6,1.0,0.33333292603492737,0.33333292603492737,0.33333292603492737,0.33333292603492737,0.33333292603492737
sikos2021_e1,d.1s1c.s,"[[1,0,1,0],[0,1,0,1],[1,0,1,0]]",utterance,3,0,7,0,0.0,0.02793874964118004,0.02778535708785057,0.027855824679136276,0.027819205075502396,0.027865156531333923
sikos2021_e1,d.1s1c.s,"[[1,0,1,0],[0,1,0,1],[1,0,1,0]]",utterance,3,1,7,7,1.0,0.972061276435852,0.9722147583961487,0.9721440672874451,0.9721804261207581,0.9721346497535706
sikos2021_e1,d.1s2c.cds,"[[1,0,1,0,0],[0,1,0,1,0],[0,1,0,0,1]]",prior,-1,0,19,11,0.5789473684210527,0.33333292603492737,0.33333292603492737,0.33333292603492737,0.33333292603492737,0.33333292603492737
sikos2021_e1,d.1s2c.cds,"[[1,0,1,0,0],[0,1,0,1,0],[0,1,0,0,1]]",prior,-1,1,19,5,0.2631578947368421,0.33333292603492737,0.33333292603492737,0.33333292603492737,0.33333292603492737,0.33333292603492737
sikos2021_e1,d.1s2c.cds,"[[1,0,1,0,0],[0,1,0,1,0],[0,1,0,0,1]]",prior,-1,2,19,3,0.15789473684210525,0.33333292603492737,0.33333292603492737,0.33333292603492737,0.33333292603492737,0.33333292603492737
sikos2021_e1,d.1s2c.cds,"[[1,0,1,0,0],[0,1,0,1,0],[0,1,0,0,1]]",utterance,1,0,19,0,0.0,0.01396937295794487,0.01389267761260271,0.013927911408245564,0.013909603469073772,0.013932579196989536
sikos2021_e1,d.1s2c.cds,"[[1,0,1,0,0],[0,1,0,1,0],[0,1,0,0,1]]",utterance,1,1,19,8,0.42105263157894735,0.49301519989967346,0.49305352568626404,0.4930361807346344,0.49304524064064026,0.49303364753723145
sikos2021_e1,d.1s2c.cds,"[[1,0,1,0,0],[0,1,0,1,0],[0,1,0,0,1]]",utterance,1,2,19,11,0.5789473684210527,0.49301519989967346,0.49305352568626404,0.4930361807346344,0.49304524064064026,0.49303364753723145
sikos2021_e1,d.1s2c.cds,"[[1,0,1,0,0],[1,0,0,1,0],[0,1,0,0,1]]",prior,-1,0,28,5,0.17857142857142858,0.33333295583724976,0.33333295583724976,0.33333295583724976,0.33333295583724976,0.33333295583724976
sikos2021_e1,d.1s2c.cds,"[[1,0,1,0,0],[1,0,0,1,0],[0,1,0,0,1]]",prior,-1,1,28,11,0.39285714285714285,0.33333295583724976,0.33333295583724976,0.33333295583724976,0.33333295583724976,0.33333295583724976
sikos2021_e1,d.1s2c.cds,"[[1,0,1,0,0],[1,0,0,1,0],[0,1,0,0,1]]",prior,-1,2,28,12,0.42857142857142855,0.33333295583724976,0.33333295583724976,0.33333295583724976,0.33333295583724976,0.33333295583724976
sikos2021_e1,d.1s2c.cds,"[[1,0,1,0,0],[1,0,0,1,0],[0,1,0,0,1]]",utterance,0,0,28,13,0.4642857142857143,0.49301522970199585,0.49305352568626404,0.4930361807346344,0.49304524064064026,0.49303364753723145
sikos2021_e1,d.1s2c.cds,"[[1,0,1,0,0],[1,0,0,1,0],[0,1,0,0,1]]",utterance,0,1,28,15,0.5357142857142857,0.49301522970199585,0.49305352568626404,0.4930361807346344,0.49304524064064026,0.49303364753723145
sikos2021_e1,d.1s2c.cds,"[[1,0,1,0,0],[1,0,0,1,0],[0,1,0,0,1]]",utterance,0,2,28,0,0.0,0.013969372026622295,0.01389267761260271,0.013927911408245564,0.013909603469073772,0.013932579196989536
sikos2021_e1,d.1s2c.css,"[[1,0,1,0],[0,1,0,1],[0,1,1,0]]",prior,-1,0,16,2,0.125,0.33333292603492737,0.33333292603492737,0.33333292603492737,0.33333292603492737,0.33333292603492737
sikos2021_e1,d.1s2c.css,"[[1,0,1,0],[0,1,0,1],[0,1,1,0]]",prior,-1,1,16,8,0.5,0.33333292603492737,0.33333292603492737,0.33333292603492737,0.33333292603492737,0.33333292603492737
sikos2021_e1,d.1s2c.css,"[[1,0,1,0],[0,1,0,1],[0,1,1,0]]",prior,-1,2,16,6,0.375,0.33333292603492737,0.33333292603492737,0.33333292603492737,0.33333292603492737,0.33333292603492737
sikos2021_e1,d.1s2c.css,"[[1,0,1,0],[0,1,0,1],[0,1,1,0]]",utterance,1,0,19,0,0.0,0.01396937295794487,0.01389267761260271,0.013927911408245564,0.013909603469073772,0.013932579196989536
sikos2021_e1,d.1s2c.css,"[[1,0,1,0],[0,1,0,1],[0,1,1,0]]",utterance,1,1,19,7,0.3684210526315789,0.49301519989967346,0.40995559096336365,0.43259701132774353,0.41685768961906433,0.4234718382358551
sikos2021_e1,d.1s2c.css,"[[1,0,1,0],[0,1,0,1],[0,1,1,0]]",utterance,1,2,19,12,0.631578947368421,0.49301519989967346,0.5761516690254211,0.5534752011299133,0.5692328810691833,0.562595546245575
sikos2021_e1,d.1s2c.css,"[[1,0,1,0],[1,0,0,1],[0,1,1,0]]",prior,-1,0,29,12,0.41379310344827586,0.33333295583724976,0.33333295583724976,0.33333295583724976,0.33333295583724976,0.33333295583724976
sikos2021_e1,d.1s2c.css,"[[1,0,1,0],[1,0,0,1],[0,1,1,0]]",prior,-1,1,29,12,0.41379310344827586,0.33333295583724976,0.33333295583724976,0.33333295583724976,0.33333295583724976,0.33333295583724976
sikos2021_e1,d.1s2c.css,"[[1,0,1,0],[1,0,0,1],[0,1,1,0]]",prior,-1,2,29,5,0.1724137931034483,0.33333295583724976,0.33333295583724976,0.33333295583724976,0.33333295583724976,0.33333295583724976
sikos2021_e1,d.1s2c.css,"[[1,0,1,0],[1,0,0,1],[0,1,1,0]]",utterance,0,0,28,13,0.4642857142857143,0.49301522970199585,0.5761517286300659,0.5534752011299133,0.5692328810691833,0.5625954866409302
sikos2021_e1,d.1s2c.css,"[[1,0,1,0],[1,0,0,1],[0,1,1,0]]",utterance,0,1,28,15,0.5357142857142857,0.49301522970199585,0.4099556803703308,0.43259701132774353,0.41685768961906433,0.4234717786312103
sikos2021_e1,d.1s2c.css,"[[1,0,1,0],[1,0,0,1],[0,1,1,0]]",utterance,0,2,28,0,0.0,0.013969372026622295,0.01389267761260271,0.013927911408245564,0.013909603469073772,0.013932579196989536
sikos2021_e1,d.1s2c.s,"[[1,0,1,0,0],[0,1,0,1,0],[0,1,0,0,1]]",prior,-1,0,13,9,0.6923076923076923,0.33333295583724976,0.33333295583724976,0.33333295583724976,0.33333295583724976,0.33333295583724976
sikos2021_e1,d.1s2c.s,"[[1,0,1,0,0],[0,1,0,1,0],[0,1,0,0,1]]",prior,-1,1,13,2,0.15384615384615385,0.33333295583724976,0.33333295583724976,0.33333295583724976,0.33333295583724976,0.33333295583724976
sikos2021_e1,d.1s2c.s,"[[1,0,1,0,0],[0,1,0,1,0],[0,1,0,0,1]]",prior,-1,2,13,2,0.15384615384615385,0.33333295583724976,0.33333295583724976,0.33333295583724976,0.33333295583724976,0.33333295583724976
sikos2021_e1,d.1s2c.s,"[[1,0,1,0,0],[0,1,0,1,0],[0,1,0,0,1]]",utterance,3,0,11,0,0.0,0.013969373889267445,0.01389267761260271,0.013927910476922989,0.013909604400396347,0.013932580128312111
sikos2021_e1,d.1s2c.s,"[[1,0,1,0,0],[0,1,0,1,0],[0,1,0,0,1]]",utterance,3,1,11,11,1.0,0.9720613360404968,0.9722147583961487,0.9721440672874451,0.9721804261207581,0.9721346497535706
sikos2021_e1,d.1s2c.s,"[[1,0,1,0,0],[0,1,0,1,0],[0,1,0,0,1]]",utterance,3,2,11,0,0.0,0.013969373889267445,0.01389267761260271,0.013927910476922989,0.013909604400396347,0.013932580128312111
sikos2021_e1,d.1s2c.s,"[[1,0,1,0,0],[1,0,0,1,0],[0,1,0,0,1]]",prior,-1,0,18,5,0.2777777777777778,0.33333292603492737,0.33333292603492737,0.33333292603492737,0.33333292603492737,0.33333292603492737
sikos2021_e1,d.1s2c.s,"[[1,0,1,0,0],[1,0,0,1,0],[0,1,0,0,1]]",prior,-1,1,18,3,0.16666666666666666,0.33333292603492737,0.33333292603492737,0.33333292603492737,0.33333292603492737,0.33333292603492737
sikos2021_e1,d.1s2c.s,"[[1,0,1,0,0],[1,0,0,1,0],[0,1,0,0,1]]",prior,-1,2,18,10,0.5555555555555556,0.33333292603492737,0.33333292603492737,0.33333292603492737,0.33333292603492737,0.33333292603492737
sikos2021_e1,d.1s2c.s,"[[1,0,1,0,0],[1,0,0,1,0],[0,1,0,0,1]]",utterance,3,0,14,0,0.0,0.01396937482059002,0.013892678543925285,0.013927909545600414,0.013909605331718922,0.013932581059634686
sikos2021_e1,d.1s2c.s,"[[1,0,1,0,0],[1,0,0,1,0],[0,1,0,0,1]]",utterance,3,1,14,14,1.0,0.972061276435852,0.9722147583961487,0.9721440672874451,0.9721804261207581,0.9721346497535706
sikos2021_e1,d.1s2c.s,"[[1,0,1,0,0],[1,0,0,1,0],[0,1,0,0,1]]",utterance,3,2,14,0,0.0,0.01396937482059002,0.013892678543925285,0.013927909545600414,0.013909605331718922,0.013932581059634686
sikos2021_e1,d.1s2c.s,"[[1,0,1,0],[0,1,0,1],[0,1,1,0]]",prior,-1,0,7,3,0.42857142857142855,0.33333292603492737,0.33333292603492737,0.33333292603492737,0.33333292603492737,0.33333292603492737
sikos2021_e1,d.1s2c.s,"[[1,0,1,0],[0,1,0,1],[0,1,1,0]]",prior,-1,1,7,3,0.42857142857142855,0.33333292603492737,0.33333292603492737,0.33333292603492737,0.33333292603492737,0.33333292603492737
sikos2021_e1,d.1s2c.s,"[[1,0,1,0],[0,1,0,1],[0,1,1,0]]",prior,-1,2,7,1,0.14285714285714285,0.33333292603492737,0.33333292603492737,0.33333292603492737,0.33333292603492737,0.33333292603492737
sikos2021_e1,d.1s2c.s,"[[1,0,1,0],[0,1,0,1],[0,1,1,0]]",utterance,3,0,8,0,0.0,0.013969373889267445,0.013892676681280136,0.013927911408245564,0.013909603469073772,0.013932578265666962
sikos2021_e1,d.1s2c.s,"[[1,0,1,0],[0,1,0,1],[0,1,1,0]]",utterance,3,1,8,8,1.0,0.9720613360404968,0.9722148180007935,0.9721440672874451,0.9721804857254028,0.9721347093582153
sikos2021_e1,d.1s2c.s,"[[1,0,1,0],[0,1,0,1],[0,1,1,0]]",utterance,3,2,8,0,0.0,0.013969373889267445,0.013892676681280136,0.013927911408245564,0.013909603469073772,0.013932578265666962
sikos2021_e1,d.1s2c.s,"[[1,0,1,0],[1,0,0,1],[0,1,1,0]]",prior,-1,0,11,3,0.2727272727272727,0.33333295583724976,0.33333295583724976,0.33333295583724976,0.33333295583724976,0.33333295583724976
sikos2021_e1,d.1s2c.s,"[[1,0,1,0],[1,0,0,1],[0,1,1,0]]",prior,-1,1,11,6,0.5454545454545454,0.33333295583724976,0.33333295583724976,0.33333295583724976,0.33333295583724976,0.33333295583724976
sikos2021_e1,d.1s2c.s,"[[1,0,1,0],[1,0,0,1],[0,1,1,0]]",prior,-1,2,11,2,0.18181818181818182,0.33333295583724976,0.33333295583724976,0.33333295583724976,0.33333295583724976,0.33333295583724976
sikos2021_e1,d.1s2c.s,"[[1,0,1,0],[1,0,0,1],[0,1,1,0]]",utterance,3,0,12,0,0.0,0.013969373889267445,0.01389267761260271,0.013927910476922989,0.013909604400396347,0.013932581059634686
sikos2021_e1,d.1s2c.s,"[[1,0,1,0],[1,0,0,1],[0,1,1,0]]",utterance,3,1,12,12,1.0,0.9720613360404968,0.9722147583961487,0.9721440672874451,0.9721804261207581,0.9721346497535706
sikos2021_e1,d.1s2c.s,"[[1,0,1,0],[1,0,0,1],[0,1,1,0]]",utterance,3,2,12,0,0.0,0.013969373889267445,0.01389267761260271,0.013927910476922989,0.013909604400396347,0.013932581059634686
sikos2021_e1,d.1s3c.cds,"[[1,1,0,0],[1,0,1,0],[1,0,0,1]]",prior,-1,0,49,16,0.32653061224489793,0.33333292603492737,0.33333292603492737,0.33333292603492737,0.33333292603492737,0.33333292603492737
sikos2021_e1,d.1s3c.cds,"[[1,1,0,0],[1,0,1,0],[1,0,0,1]]",prior,-1,1,49,19,0.3877551020408163,0.33333292603492737,0.33333292603492737,0.33333292603492737,0.33333292603492737,0.33333292603492737
sikos2021_e1,d.1s3c.cds,"[[1,1,0,0],[1,0,1,0],[1,0,0,1]]",prior,-1,2,49,14,0.2857142857142857,0.33333292603492737,0.33333292603492737,0.33333292603492737,0.33333292603492737,0.33333292603492737
sikos2021_e1,d.1s3c.cds,"[[1,1,0,0],[1,0,1,0],[1,0,0,1]]",utterance,0,0,47,15,0.3191489361702128,0.33333292603492737,0.33333292603492737,0.33333292603492737,0.33333292603492737,0.33333292603492737
sikos2021_e1,d.1s3c.cds,"[[1,1,0,0],[1,0,1,0],[1,0,0,1]]",utterance,0,1,47,13,0.2765957446808511,0.33333292603492737,0.33333292603492737,0.33333292603492737,0.33333292603492737,0.33333292603492737
sikos2021_e1,d.1s3c.cds,"[[1,1,0,0],[1,0,1,0],[1,0,0,1]]",utterance,0,2,47,19,0.40425531914893614,0.33333292603492737,0.33333292603492737,0.33333292603492737,0.33333292603492737,0.33333292603492737
sikos2021_e1,d.1s3c.css,"[[1,1,0],[1,0,1],[1,1,0]]",prior,-1,0,45,15,0.3333333333333333,0.6666658520698547,0.6666658520698547,0.6666658520698547,0.6666658520698547,0.6666658520698547
sikos2021_e1,d.1s3c.css,"[[1,1,0],[1,0,1],[1,1,0]]",prior,-1,1,45,30,0.6666666666666666,0.33333292603492737,0.33333292603492737,0.33333292603492737,0.33333292603492737,0.33333292603492737
sikos2021_e1,d.1s3c.css,"[[1,1,0],[1,0,1],[1,1,0]]",utterance,0,0,45,10,0.2222222222222222,0.6666658520698547,0.7457554340362549,0.7309831976890564,0.7390937805175781,0.7326828837394714
sikos2021_e1,d.1s3c.css,"[[1,1,0],[1,0,1],[1,1,0]]",utterance,0,1,45,35,0.7777777777777778,0.33333292603492737,0.25424447655677795,0.26901692152023315,0.2609063386917114,0.267316997051239
sikos2021_e1,d.1s3c.s,"[[1,1,0,0],[1,0,1,0],[1,0,0,1]]",prior,-1,0,28,8,0.2857142857142857,0.33333295583724976,0.33333295583724976,0.33333295583724976,0.33333295583724976,0.33333295583724976
sikos2021_e1,d.1s3c.s,"[[1,1,0,0],[1,0,1,0],[1,0,0,1]]",prior,-1,1,28,12,0.42857142857142855,0.33333295583724976,0.33333295583724976,0.33333295583724976,0.33333295583724976,0.33333295583724976
sikos2021_e1,d.1s3c.s,"[[1,1,0,0],[1,0,1,0],[1,0,0,1]]",prior,-1,2,28,8,0.2857142857142857,0.33333295583724976,0.33333295583724976,0.33333295583724976,0.33333295583724976,0.33333295583724976
sikos2021_e1,d.1s3c.s,"[[1,1,0,0],[1,0,1,0],[1,0,0,1]]",utterance,2,0,31,0,0.0,0.01396937109529972,0.01389267761260271,0.013927910476922989,0.013909604400396347,0.013932580128312111
sikos2021_e1,d.1s3c.s,"[[1,1,0,0],[1,0,1,0],[1,0,0,1]]",utterance,2,1,31,31,1.0,0.972061276435852,0.9722150564193726,0.972143828868866,0.9721807241439819,0.9721349477767944
sikos2021_e1,d.1s3c.s,"[[1,1,0,0],[1,0,1,0],[1,0,0,1]]",utterance,2,2,31,0,0.0,0.01396937109529972,0.01389267761260271,0.013927910476922989,0.013909604400396347,0.013932580128312111
sikos2021_e1,d.1s3c.s,"[[1,1,0],[1,0,1],[1,1,0]]",prior,-1,0,17,4,0.23529411764705882,0.6666658520698547,0.6666658520698547,0.6666658520698547,0.6666658520698547,0.6666658520698547
sikos2021_e1,d.1s3c.s,"[[1,1,0],[1,0,1],[1,1,0]]",prior,-1,1,17,13,0.7647058823529411,0.33333292603492737,0.33333292603492737,0.33333292603492737,0.33333292603492737,0.33333292603492737
sikos2021_e1,d.1s3c.s,"[[1,1,0],[1,0,1],[1,1,0]]",utterance,2,0,16,0,0.0,0.02793874777853489,0.027785353362560272,0.027855822816491127,0.027819206938147545,0.027865156531333923
sikos2021_e1,d.1s3c.s,"[[1,1,0],[1,0,1],[1,1,0]]",utterance,2,1,16,16,1.0,0.9720613360404968,0.9722148180007935,0.9721440672874451,0.9721804857254028,0.9721347093582153
sikos2021_e1,d.2s1c.c,"[[1,0,0,1,0],[0,1,0,0,1],[0,0,1,0,1]]",prior,-1,0,10,4,0.4,0.33333295583724976,0.33333295583724976,0.33333295583724976,0.33333295583724976,0.33333295583724976
sikos2021_e1,d.2s1c.c,"[[1,0,0,1,0],[0,1,0,0,1],[0,0,1,0,1]]",prior,-1,1,10,4,0.4,0.33333295583724976,0.33333295583724976,0.33333295583724976,0.33333295583724976,0.33333295583724976
sikos2021_e1,d.2s1c.c,"[[1,0,0,1,0],[0,1,0,0,1],[0,0,1,0,1]]",prior,-1,2,10,2,0.2,0.33333295583724976,0.33333295583724976,0.33333295583724976,0.33333295583724976,0.33333295583724976
sikos2021_e1,d.2s1c.c,"[[1,0,0,1,0],[0,1,0,0,1],[0,0,1,0,1]]",utterance,1,0,12,0,0.0,0.013969373889267445,0.01389267761260271,0.013927910476922989,0.013909604400396347,0.013932581059634686
sikos2021_e1,d.2s1c.c,"[[1,0,0,1,0],[0,1,0,0,1],[0,0,1,0,1]]",utterance,1,1,12,12,1.0,0.9720613360404968,0.9722147583961487,0.9721440672874451,0.9721804261207581,0.9721346497535706
sikos2021_e1,d.2s1c.c,"[[1,0,0,1,0],[0,1,0,0,1],[0,0,1,0,1]]",utterance,1,2,12,0,0.0,0.013969373889267445,0.01389267761260271,0.013927910476922989,0.013909604400396347,0.013932581059634686
sikos2021_e1,d.2s1c.c,"[[1,0,0,1,0],[0,1,0,1,0],[0,0,1,0,1]]",prior,-1,0,20,6,0.3,0.33333295583724976,0.33333295583724976,0.33333295583724976,0.33333295583724976,0.33333295583724976
sikos2021_e1,d.2s1c.c,"[[1,0,0,1,0],[0,1,0,1,0],[0,0,1,0,1]]",prior,-1,1,20,4,0.2,0.33333295583724976,0.33333295583724976,0.33333295583724976,0.33333295583724976,0.33333295583724976
sikos2021_e1,d.2s1c.c,"[[1,0,0,1,0],[0,1,0,1,0],[0,0,1,0,1]]",prior,-1,2,20,10,0.5,0.33333295583724976,0.33333295583724976,0.33333295583724976,0.33333295583724976,0.33333295583724976
sikos2021_e1,d.2s1c.c,"[[1,0,0,1,0],[0,1,0,1,0],[0,0,1,0,1]]",utterance,1,0,20,0,0.0,0.013969372026622295,0.01389267761260271,0.013927911408245564,0.013909603469073772,0.013932580128312111
sikos2021_e1,d.2s1c.c,"[[1,0,0,1,0],[0,1,0,1,0],[0,0,1,0,1]]",utterance,1,1,20,20,1.0,0.9720613360404968,0.9722149968147278,0.9721439480781555,0.9721806645393372,0.9721348881721497
sikos2021_e1,d.2s1c.c,"[[1,0,0,1,0],[0,1,0,1,0],[0,0,1,0,1]]",utterance,1,2,20,0,0.0,0.013969372026622295,0.01389267761260271,0.013927911408245564,0.013909603469073772,0.013932580128312111
sikos2021_e1,d.2s1c.c,"[[1,0,1,0],[0,1,0,1],[1,0,0,1]]",prior,-1,0,7,1,0.14285714285714285,0.33333292603492737,0.33333292603492737,0.33333292603492737,0.33333292603492737,0.33333292603492737
sikos2021_e1,d.2s1c.c,"[[1,0,1,0],[0,1,0,1],[1,0,0,1]]",prior,-1,1,7,5,0.7142857142857143,0.33333292603492737,0.33333292603492737,0.33333292603492737,0.33333292603492737,0.33333292603492737
sikos2021_e1,d.2s1c.c,"[[1,0,1,0],[0,1,0,1],[1,0,0,1]]",prior,-1,2,7,1,0.14285714285714285,0.33333292603492737,0.33333292603492737,0.33333292603492737,0.33333292603492737,0.33333292603492737
sikos2021_e1,d.2s1c.c,"[[1,0,1,0],[0,1,0,1],[1,0,0,1]]",utterance,1,0,6,0,0.0,0.013969373889267445,0.01389267761260271,0.013927911408245564,0.013909603469073772,0.013932578265666962
sikos2021_e1,d.2s1c.c,"[[1,0,1,0],[0,1,0,1],[1,0,0,1]]",utterance,1,1,6,6,1.0,0.9720613360404968,0.9722147583961487,0.9721440672874451,0.9721804261207581,0.9721346497535706
sikos2021_e1,d.2s1c.c,"[[1,0,1,0],[0,1,0,1],[1,0,0,1]]",utterance,1,2,6,0,0.0,0.013969373889267445,0.01389267761260271,0.013927911408245564,0.013909603469073772,0.013932578265666962
sikos2021_e1,d.2s1c.c,"[[1,0,1,0],[0,1,1,0],[1,0,0,1]]",prior,-1,0,10,2,0.2,0.33333295583724976,0.33333295583724976,0.33333295583724976,0.33333295583724976,0.33333295583724976
sikos2021_e1,d.2s1c.c,"[[1,0,1,0],[0,1,1,0],[1,0,0,1]]",prior,-1,1,10,2,0.2,0.33333295583724976,0.33333295583724976,0.33333295583724976,0.33333295583724976,0.33333295583724976
sikos2021_e1,d.2s1c.c,"[[1,0,1,0],[0,1,1,0],[1,0,0,1]]",prior,-1,2,10,6,0.6,0.33333295583724976,0.33333295583724976,0.33333295583724976,0.33333295583724976,0.33333295583724976
sikos2021_e1,d.2s1c.c,"[[1,0,1,0],[0,1,1,0],[1,0,0,1]]",utterance,1,0,8,0,0.0,0.013969373889267445,0.013892676681280136,0.013927911408245564,0.013909603469073772,0.013932578265666962
sikos2021_e1,d.2s1c.c,"[[1,0,1,0],[0,1,1,0],[1,0,0,1]]",utterance,1,1,8,8,1.0,0.9720613360404968,0.9722148180007935,0.9721440672874451,0.9721804857254028,0.9721347093582153
sikos2021_e1,d.2s1c.c,"[[1,0,1,0],[0,1,1,0],[1,0,0,1]]",utterance,1,2,8,0,0.0,0.013969373889267445,0.013892676681280136,0.013927911408245564,0.013909603469073772,0.013932578265666962
sikos2021_e1,d.2s1c.sdc,"[[1,0,0,1,0],[0,1,0,0,1],[0,0,1,0,1]]",prior,-1,0,18,10,0.5555555555555556,0.33333292603492737,0.33333292603492737,0.33333292603492737,0.33333292603492737,0.33333292603492737
sikos2021_e1,d.2s1c.sdc,"[[1,0,0,1,0],[0,1,0,0,1],[0,0,1,0,1]]",prior,-1,1,18,2,0.1111111111111111,0.33333292603492737,0.33333292603492737,0.33333292603492737,0.33333292603492737,0.33333292603492737
sikos2021_e1,d.2s1c.sdc,"[[1,0,0,1,0],[0,1,0,0,1],[0,0,1,0,1]]",prior,-1,2,18,6,0.3333333333333333,0.33333292603492737,0.33333292603492737,0.33333292603492737,0.33333292603492737,0.33333292603492737
sikos2021_e1,d.2s1c.sdc,"[[1,0,0,1,0],[0,1,0,0,1],[0,0,1,0,1]]",utterance,4,0,20,0,0.0,0.013969372026622295,0.01389267761260271,0.013927911408245564,0.013909603469073772,0.013932580128312111
sikos2021_e1,d.2s1c.sdc,"[[1,0,0,1,0],[0,1,0,0,1],[0,0,1,0,1]]",utterance,4,1,20,9,0.45,0.49301519989967346,0.49305352568626404,0.4930361807346344,0.49304524064064026,0.49303364753723145
sikos2021_e1,d.2s1c.sdc,"[[1,0,0,1,0],[0,1,0,0,1],[0,0,1,0,1]]",utterance,4,2,20,11,0.55,0.49301519989967346,0.49305352568626404,0.4930361807346344,0.49304524064064026,0.49303364753723145
sikos2021_e1,d.2s1c.sdc,"[[1,0,0,1,0],[0,1,0,1,0],[0,0,1,0,1]]",prior,-1,0,23,5,0.21739130434782608,0.33333295583724976,0.33333295583724976,0.33333295583724976,0.33333295583724976,0.33333295583724976
sikos2021_e1,d.2s1c.sdc,"[[1,0,0,1,0],[0,1,0,1,0],[0,0,1,0,1]]",prior,-1,1,23,6,0.2608695652173913,0.33333295583724976,0.33333295583724976,0.33333295583724976,0.33333295583724976,0.33333295583724976
sikos2021_e1,d.2s1c.sdc,"[[1,0,0,1,0],[0,1,0,1,0],[0,0,1,0,1]]",prior,-1,2,23,12,0.5217391304347826,0.33333295583724976,0.33333295583724976,0.33333295583724976,0.33333295583724976,0.33333295583724976
sikos2021_e1,d.2s1c.sdc,"[[1,0,0,1,0],[0,1,0,1,0],[0,0,1,0,1]]",utterance,3,0,27,11,0.4074074074074074,0.49301522970199585,0.4930535554885864,0.493036150932312,0.49304524064064026,0.49303364753723145
sikos2021_e1,d.2s1c.sdc,"[[1,0,0,1,0],[0,1,0,1,0],[0,0,1,0,1]]",utterance,3,1,27,16,0.5925925925925926,0.49301522970199585,0.4930535554885864,0.493036150932312,0.49304524064064026,0.49303364753723145
sikos2021_e1,d.2s1c.sdc,"[[1,0,0,1,0],[0,1,0,1,0],[0,0,1,0,1]]",utterance,3,2,27,0,0.0,0.01396937295794487,0.013892676681280136,0.013927911408245564,0.013909603469073772,0.013932579196989536
sikos2021_e1,d.2s1c.ssc,"[[1,0,1,0],[0,1,0,1],[1,0,0,1]]",prior,-1,0,19,6,0.3157894736842105,0.33333292603492737,0.33333292603492737,0.33333292603492737,0.33333292603492737,0.33333292603492737
sikos2021_e1,d.2s1c.ssc,"[[1,0,1,0],[0,1,0,1],[1,0,0,1]]",prior,-1,1,19,9,0.47368421052631576,0.33333292603492737,0.33333292603492737,0.33333292603492737,0.33333292603492737,0.33333292603492737
sikos2021_e1,d.2s1c.ssc,"[[1,0,1,0],[0,1,0,1],[1,0,0,1]]",prior,-1,2,19,4,0.21052631578947367,0.33333292603492737,0.33333292603492737,0.33333292603492737,0.33333292603492737,0.33333292603492737
sikos2021_e1,d.2s1c.ssc,"[[1,0,1,0],[0,1,0,1],[1,0,0,1]]",utterance,3,0,18,0,0.0,0.01396937295794487,0.013892676681280136,0.013927911408245564,0.013909603469073772,0.013932579196989536
sikos2021_e1,d.2s1c.ssc,"[[1,0,1,0],[0,1,0,1],[1,0,0,1]]",utterance,3,1,18,11,0.6111111111111112,0.4930151700973511,0.40995562076568604,0.4325970411300659,0.41685768961906433,0.4234718680381775
sikos2021_e1,d.2s1c.ssc,"[[1,0,1,0],[0,1,0,1],[1,0,0,1]]",utterance,3,2,18,7,0.3888888888888889,0.4930151700973511,0.5761516690254211,0.5534751415252686,0.5692328810691833,0.562595546245575
sikos2021_e1,d.2s1c.ssc,"[[1,0,1,0],[0,1,1,0],[1,0,0,1]]",prior,-1,0,28,5,0.17857142857142858,0.33333295583724976,0.33333295583724976,0.33333295583724976,0.33333295583724976,0.33333295583724976
sikos2021_e1,d.2s1c.ssc,"[[1,0,1,0],[0,1,1,0],[1,0,0,1]]",prior,-1,1,28,10,0.35714285714285715,0.33333295583724976,0.33333295583724976,0.33333295583724976,0.33333295583724976,0.33333295583724976
sikos2021_e1,d.2s1c.ssc,"[[1,0,1,0],[0,1,1,0],[1,0,0,1]]",prior,-1,2,28,13,0.4642857142857143,0.33333295583724976,0.33333295583724976,0.33333295583724976,0.33333295583724976,0.33333295583724976
sikos2021_e1,d.2s1c.ssc,"[[1,0,1,0],[0,1,1,0],[1,0,0,1]]",utterance,2,0,24,12,0.5,0.49301519989967346,0.5761516690254211,0.5534751415252686,0.5692328810691833,0.562595546245575
sikos2021_e1,d.2s1c.ssc,"[[1,0,1,0],[0,1,1,0],[1,0,0,1]]",utterance,2,1,24,12,0.5,0.49301519989967346,0.40995562076568604,0.43259701132774353,0.41685768961906433,0.4234718382358551
sikos2021_e1,d.2s1c.ssc,"[[1,0,1,0],[0,1,1,0],[1,0,0,1]]",utterance,2,2,24,0,0.0,0.013969373889267445,0.013892676681280136,0.013927911408245564,0.013909603469073772,0.013932578265666962
sikos2021_e1,d.2s2c.a.c,"[[1,0,1,0],[0,1,0,1],[0,1,0,1]]",prior,-1,0,23,16,0.6956521739130435,0.33333295583724976,0.33333295583724976,0.33333295583724976,0.33333295583724976,0.33333295583724976
sikos2021_e1,d.2s2c.a.c,"[[1,0,1,0],[0,1,0,1],[0,1,0,1]]",prior,-1,1,23,7,0.30434782608695654,0.6666659116744995,0.6666659116744995,0.6666659116744995,0.6666659116744995,0.6666659116744995
sikos2021_e1,d.2s2c.a.c,"[[1,0,1,0],[0,1,0,1],[0,1,0,1]]",utterance,1,0,17,0,0.0,0.013969373889267445,0.013892676681280136,0.013927911408245564,0.013909603469073772,0.013932578265666962
sikos2021_e1,d.2s2c.a.c,"[[1,0,1,0],[0,1,0,1],[0,1,0,1]]",utterance,1,1,17,17,1.0,0.9860303401947021,0.9861071109771729,0.986072301864624,0.9860906004905701,0.9860673546791077
sikos2021_e1,d.2s2c.a.c,"[[1,0,1,0],[1,0,1,0],[0,1,0,1]]",prior,-1,0,29,6,0.20689655172413793,0.6666659116744995,0.6666659116744995,0.6666659116744995,0.6666659116744995,0.6666659116744995
sikos2021_e1,d.2s2c.a.c,"[[1,0,1,0],[1,0,1,0],[0,1,0,1]]",prior,-1,2,29,23,0.7931034482758621,0.33333295583724976,0.33333295583724976,0.33333295583724976,0.33333295583724976,0.33333295583724976
sikos2021_e1,d.2s2c.a.c,"[[1,0,1,0],[1,0,1,0],[0,1,0,1]]",utterance,0,0,29,29,1.0,0.9860304594039917,0.9861070513725281,0.9860723614692688,0.9860904216766357,0.9860672950744629
sikos2021_e1,d.2s2c.a.c,"[[1,0,1,0],[1,0,1,0],[0,1,0,1]]",utterance,0,2,29,0,0.0,0.013969372026622295,0.01389267761260271,0.013927910476922989,0.013909604400396347,0.013932579196989536
sikos2021_e1,d.2s2c.a.s,"[[1,0,1,0],[0,1,0,1],[0,1,0,1]]",prior,-1,0,18,11,0.6111111111111112,0.33333292603492737,0.33333292603492737,0.33333292603492737,0.33333292603492737,0.33333292603492737
sikos2021_e1,d.2s2c.a.s,"[[1,0,1,0],[0,1,0,1],[0,1,0,1]]",prior,-1,1,18,7,0.3888888888888889,0.6666658520698547,0.6666658520698547,0.6666658520698547,0.6666658520698547,0.6666658520698547
sikos2021_e1,d.2s2c.a.s,"[[1,0,1,0],[0,1,0,1],[0,1,0,1]]",utterance,3,0,17,0,0.0,0.013969373889267445,0.013892676681280136,0.013927911408245564,0.013909603469073772,0.013932578265666962
sikos2021_e1,d.2s2c.a.s,"[[1,0,1,0],[0,1,0,1],[0,1,0,1]]",utterance,3,1,17,17,1.0,0.9860303401947021,0.9861071109771729,0.986072301864624,0.9860906004905701,0.9860673546791077
sikos2021_e1,d.2s2c.a.s,"[[1,0,1,0],[1,0,1,0],[0,1,0,1]]",prior,-1,0,29,12,0.41379310344827586,0.6666659116744995,0.6666659116744995,0.6666659116744995,0.6666659116744995,0.6666659116744995
sikos2021_e1,d.2s2c.a.s,"[[1,0,1,0],[1,0,1,0],[0,1,0,1]]",prior,-1,2,29,17,0.5862068965517241,0.33333295583724976,0.33333295583724976,0.33333295583724976,0.33333295583724976,0.33333295583724976
sikos2021_e1,d.2s2c.a.s,"[[1,0,1,0],[1,0,1,0],[0,1,0,1]]",utterance,2,0,26,26,1.0,0.9860304594039917,0.9861071109771729,0.986072301864624,0.9860905408859253,0.9860673546791077
sikos2021_e1,d.2s2c.a.s,"[[1,0,1,0],[1,0,1,0],[0,1,0,1]]",utterance,2,2,26,0,0.0,0.01396937295794487,0.013892676681280136,0.013927911408245564,0.013909603469073772,0.013932579196989536
sikos2021_e1,d.2s2c.b.c,"[[1,0,1,0],[0,1,1,0],[0,1,0,1]]",prior,-1,0,20,6,0.3,0.33333295583724976,0.33333295583724976,0.33333295583724976,0.33333295583724976,0.33333295583724976
sikos2021_e1,d.2s2c.b.c,"[[1,0,1,0],[0,1,1,0],[0,1,0,1]]",prior,-1,1,20,9,0.45,0.33333295583724976,0.33333295583724976,0.33333295583724976,0.33333295583724976,0.33333295583724976
sikos2021_e1,d.2s2c.b.c,"[[1,0,1,0],[0,1,1,0],[0,1,0,1]]",prior,-1,2,20,5,0.25,0.33333295583724976,0.33333295583724976,0.33333295583724976,0.33333295583724976,0.33333295583724976
sikos2021_e1,d.2s2c.b.c,"[[1,0,1,0],[0,1,1,0],[0,1,0,1]]",utterance,1,0,20,0,0.0,0.013969372026622295,0.01389267761260271,0.013927911408245564,0.013909603469073772,0.013932580128312111
sikos2021_e1,d.2s2c.b.c,"[[1,0,1,0],[0,1,1,0],[0,1,0,1]]",utterance,1,1,20,10,0.5,0.49301519989967346,0.5761517286300659,0.5534752011299133,0.5692328810691833,0.5625954866409302
sikos2021_e1,d.2s2c.b.c,"[[1,0,1,0],[0,1,1,0],[0,1,0,1]]",utterance,1,2,20,10,0.5,0.49301519989967346,0.40995559096336365,0.43259701132774353,0.41685765981674194,0.4234718382358551
sikos2021_e1,d.2s2c.b.c,"[[1,0,1,0],[1,0,0,1],[0,1,0,1]]",prior,-1,0,29,6,0.20689655172413793,0.33333295583724976,0.33333295583724976,0.33333295583724976,0.33333295583724976,0.33333295583724976
sikos2021_e1,d.2s2c.b.c,"[[1,0,1,0],[1,0,0,1],[0,1,0,1]]",prior,-1,1,29,16,0.5517241379310345,0.33333295583724976,0.33333295583724976,0.33333295583724976,0.33333295583724976,0.33333295583724976
sikos2021_e1,d.2s2c.b.c,"[[1,0,1,0],[1,0,0,1],[0,1,0,1]]",prior,-1,2,29,7,0.2413793103448276,0.33333295583724976,0.33333295583724976,0.33333295583724976,0.33333295583724976,0.33333295583724976
sikos2021_e1,d.2s2c.b.c,"[[1,0,1,0],[1,0,0,1],[0,1,0,1]]",utterance,0,0,30,17,0.5666666666666667,0.49301522970199585,0.4099556803703308,0.4325970411300659,0.41685768961906433,0.4234717786312103
sikos2021_e1,d.2s2c.b.c,"[[1,0,1,0],[1,0,0,1],[0,1,0,1]]",utterance,0,1,30,13,0.43333333333333335,0.49301522970199585,0.5761516690254211,0.5534751415252686,0.5692328810691833,0.5625954866409302
sikos2021_e1,d.2s2c.b.c,"[[1,0,1,0],[1,0,0,1],[0,1,0,1]]",utterance,0,2,30,0,0.0,0.013969372026622295,0.01389267761260271,0.013927910476922989,0.013909604400396347,0.013932580128312111
sikos2021_e1,d.2s2c.b.s,"[[1,0,1,0],[0,1,1,0],[0,1,0,1]]",prior,-1,0,19,6,0.3157894736842105,0.33333292603492737,0.33333292603492737,0.33333292603492737,0.33333292603492737,0.33333292603492737
sikos2021_e1,d.2s2c.b.s,"[[1,0,1,0],[0,1,1,0],[0,1,0,1]]",prior,-1,1,19,7,0.3684210526315789,0.33333292603492737,0.33333292603492737,0.33333292603492737,0.33333292603492737,0.33333292603492737
sikos2021_e1,d.2s2c.b.s,"[[1,0,1,0],[0,1,1,0],[0,1,0,1]]",prior,-1,2,19,6,0.3157894736842105,0.33333292603492737,0.33333292603492737,0.33333292603492737,0.33333292603492737,0.33333292603492737
sikos2021_e1,d.2s2c.b.s,"[[1,0,1,0],[0,1,1,0],[0,1,0,1]]",utterance,2,0,17,10,0.5882352941176471,0.4930151700973511,0.40995562076568604,0.43259701132774353,0.41685768961906433,0.4234718680381775
sikos2021_e1,d.2s2c.b.s,"[[1,0,1,0],[0,1,1,0],[0,1,0,1]]",utterance,2,1,17,7,0.4117647058823529,0.4930151700973511,0.5761516690254211,0.5534751415252686,0.5692328810691833,0.562595546245575
sikos2021_e1,d.2s2c.b.s,"[[1,0,1,0],[0,1,1,0],[0,1,0,1]]",utterance,2,2,17,0,0.0,0.013969373889267445,0.013892676681280136,0.013927911408245564,0.013909603469073772,0.013932578265666962
sikos2021_e1,d.2s2c.b.s,"[[1,0,1,0],[1,0,0,1],[0,1,0,1]]",prior,-1,0,28,12,0.42857142857142855,0.33333295583724976,0.33333295583724976,0.33333295583724976,0.33333295583724976,0.33333295583724976
sikos2021_e1,d.2s2c.b.s,"[[1,0,1,0],[1,0,0,1],[0,1,0,1]]",prior,-1,1,28,10,0.35714285714285715,0.33333295583724976,0.33333295583724976,0.33333295583724976,0.33333295583724976,0.33333295583724976
sikos2021_e1,d.2s2c.b.s,"[[1,0,1,0],[1,0,0,1],[0,1,0,1]]",prior,-1,2,28,6,0.21428571428571427,0.33333295583724976,0.33333295583724976,0.33333295583724976,0.33333295583724976,0.33333295583724976
sikos2021_e1,d.2s2c.b.s,"[[1,0,1,0],[1,0,0,1],[0,1,0,1]]",utterance,3,0,31,0,0.0,0.01396937109529972,0.01389267761260271,0.013927910476922989,0.013909604400396347,0.013932580128312111
sikos2021_e1,d.2s2c.b.s,"[[1,0,1,0],[1,0,0,1],[0,1,0,1]]",utterance,3,1,31,15,0.4838709677419355,0.49301522970199585,0.5761516094207764,0.5534750819206238,0.5692328810691833,0.5625954866409302
sikos2021_e1,d.2s2c.b.s,"[[1,0,1,0],[1,0,0,1],[0,1,0,1]]",utterance,3,2,31,16,0.5161290322580645,0.49301522970199585,0.4099557101726532,0.4325970411300659,0.41685768961906433,0.42347174882888794
sikos2021_e1,d.2s3c.c,"[[1,1,0],[1,0,1],[1,0,1]]",prior,-1,0,18,13,0.7222222222222222,0.33333292603492737,0.33333292603492737,0.33333292603492737,0.33333292603492737,0.33333292603492737
sikos2021_e1,d.2s3c.c,"[[1,1,0],[1,0,1],[1,0,1]]",prior,-1,1,18,5,0.2777777777777778,0.6666658520698547,0.6666658520698547,0.6666658520698547,0.6666658520698547,0.6666658520698547
sikos2021_e1,d.2s3c.c,"[[1,1,0],[1,0,1],[1,0,1]]",utterance,0,0,17,13,0.7647058823529411,0.33333292603492737,0.25424444675445557,0.26901689171791077,0.2609063386917114,0.267316997051239
sikos2021_e1,d.2s3c.c,"[[1,1,0],[1,0,1],[1,0,1]]",utterance,0,1,17,4,0.23529411764705882,0.6666658520698547,0.7457554340362549,0.7309831380844116,0.7390937805175781,0.7326828837394714
sikos2021_e1,d.2s3c.c,"[[1,1,0],[1,1,0],[1,0,1]]",prior,-1,0,27,8,0.2962962962962963,0.6666659116744995,0.6666659116744995,0.6666659116744995,0.6666659116744995,0.6666659116744995
sikos2021_e1,d.2s3c.c,"[[1,1,0],[1,1,0],[1,0,1]]",prior,-1,2,27,19,0.7037037037037037,0.33333295583724976,0.33333295583724976,0.33333295583724976,0.33333295583724976,0.33333295583724976
sikos2021_e1,d.2s3c.c,"[[1,1,0],[1,1,0],[1,0,1]]",utterance,0,0,28,5,0.17857142857142858,0.6666659116744995,0.7457555532455444,0.7309831976890564,0.7390937805175781,0.7326828837394714
sikos2021_e1,d.2s3c.c,"[[1,1,0],[1,1,0],[1,0,1]]",utterance,0,2,28,23,0.8214285714285714,0.33333295583724976,0.2542444169521332,0.26901689171791077,0.26090630888938904,0.2673169672489166
sikos2021_e1,d.2s3c.s,"[[1,1,0],[1,0,1],[1,0,1]]",prior,-1,0,19,12,0.631578947368421,0.33333292603492737,0.33333292603492737,0.33333292603492737,0.33333292603492737,0.33333292603492737
sikos2021_e1,d.2s3c.s,"[[1,1,0],[1,0,1],[1,0,1]]",prior,-1,1,19,7,0.3684210526315789,0.6666658520698547,0.6666658520698547,0.6666658520698547,0.6666658520698547,0.6666658520698547
sikos2021_e1,d.2s3c.s,"[[1,1,0],[1,0,1],[1,0,1]]",utterance,2,0,18,0,0.0,0.01396937295794487,0.013892676681280136,0.013927911408245564,0.013909603469073772,0.013932579196989536
sikos2021_e1,d.2s3c.s,"[[1,1,0],[1,0,1],[1,0,1]]",utterance,2,1,18,18,1.0,0.9860303401947021,0.9861071109771729,0.986072301864624,0.9860905408859253,0.9860673546791077
sikos2021_e1,d.2s3c.s,"[[1,1,0],[1,1,0],[1,0,1]]",prior,-1,0,30,14,0.4666666666666667,0.6666659116744995,0.6666659116744995,0.6666659116744995,0.6666659116744995,0.6666659116744995
sikos2021_e1,d.2s3c.s,"[[1,1,0],[1,1,0],[1,0,1]]",prior,-1,2,30,16,0.5333333333333333,0.33333295583724976,0.33333295583724976,0.33333295583724976,0.33333295583724976,0.33333295583724976
sikos2021_e1,d.2s3c.s,"[[1,1,0],[1,1,0],[1,0,1]]",utterance,1,0,27,27,1.0,0.9860304594039917,0.9861071109771729,0.986072301864624,0.9860904812812805,0.9860672950744629
sikos2021_e1,d.2s3c.s,"[[1,1,0],[1,1,0],[1,0,1]]",utterance,1,2,27,0,0.0,0.01396937295794487,0.013892676681280136,0.013927911408245564,0.013909603469073772,0.013932579196989536
sikos2021_e1,d.3s1c.c,"[[1,0,0,1],[0,1,0,1],[0,0,1,1]]",prior,-1,0,30,12,0.4,0.33333295583724976,0.33333295583724976,0.33333295583724976,0.33333295583724976,0.33333295583724976
sikos2021_e1,d.3s1c.c,"[[1,0,0,1],[0,1,0,1],[0,0,1,1]]",prior,-1,1,30,7,0.23333333333333334,0.33333295583724976,0.33333295583724976,0.33333295583724976,0.33333295583724976,0.33333295583724976
sikos2021_e1,d.3s1c.c,"[[1,0,0,1],[0,1,0,1],[0,0,1,1]]",prior,-1,2,30,11,0.36666666666666664,0.33333295583724976,0.33333295583724976,0.33333295583724976,0.33333295583724976,0.33333295583724976
sikos2021_e1,d.3s1c.c,"[[1,0,0,1],[0,1,0,1],[0,0,1,1]]",utterance,1,0,32,0,0.0,0.013969373889267445,0.013892676681280136,0.013927911408245564,0.013909603469073772,0.013932578265666962
sikos2021_e1,d.3s1c.c,"[[1,0,0,1],[0,1,0,1],[0,0,1,1]]",utterance,1,1,32,32,1.0,0.9720613360404968,0.9722148180007935,0.9721440672874451,0.9721804857254028,0.9721347093582153
sikos2021_e1,d.3s1c.c,"[[1,0,0,1],[0,1,0,1],[0,0,1,1]]",utterance,1,2,32,0,0.0,0.013969373889267445,0.013892676681280136,0.013927911408245564,0.013909603469073772,0.013932578265666962
sikos2021_e1,d.3s1c.c,"[[1,0,1],[0,1,1],[1,0,1]]",prior,-1,0,16,5,0.3125,0.6666658520698547,0.6666658520698547,0.6666658520698547,0.6666658520698547,0.6666658520698547
sikos2021_e1,d.3s1c.c,"[[1,0,1],[0,1,1],[1,0,1]]",prior,-1,1,16,11,0.6875,0.33333292603492737,0.33333292603492737,0.33333292603492737,0.33333292603492737,0.33333292603492737
sikos2021_e1,d.3s1c.c,"[[1,0,1],[0,1,1],[1,0,1]]",utterance,1,0,16,0,0.0,0.02793874777853489,0.027785353362560272,0.027855822816491127,0.027819206938147545,0.027865156531333923
sikos2021_e1,d.3s1c.c,"[[1,0,1],[0,1,1],[1,0,1]]",utterance,1,1,16,16,1.0,0.9720613360404968,0.9722148180007935,0.9721440672874451,0.9721804857254028,0.9721347093582153
sikos2021_e1,d.3s1c.sdc,"[[1,0,0,1],[0,1,0,1],[0,0,1,1]]",prior,-1,0,49,10,0.20408163265306123,0.33333292603492737,0.33333292603492737,0.33333292603492737,0.33333292603492737,0.33333292603492737
sikos2021_e1,d.3s1c.sdc,"[[1,0,0,1],[0,1,0,1],[0,0,1,1]]",prior,-1,1,49,25,0.5102040816326531,0.33333292603492737,0.33333292603492737,0.33333292603492737,0.33333292603492737,0.33333292603492737
sikos2021_e1,d.3s1c.sdc,"[[1,0,0,1],[0,1,0,1],[0,0,1,1]]",prior,-1,2,49,14,0.2857142857142857,0.33333292603492737,0.33333292603492737,0.33333292603492737,0.33333292603492737,0.33333292603492737
sikos2021_e1,d.3s1c.sdc,"[[1,0,0,1],[0,1,0,1],[0,0,1,1]]",utterance,3,0,46,12,0.2608695652173913,0.33333292603492737,0.33333292603492737,0.33333292603492737,0.33333292603492737,0.33333292603492737
sikos2021_e1,d.3s1c.sdc,"[[1,0,0,1],[0,1,0,1],[0,0,1,1]]",utterance,3,1,46,19,0.41304347826086957,0.33333292603492737,0.33333292603492737,0.33333292603492737,0.33333292603492737,0.33333292603492737
sikos2021_e1,d.3s1c.sdc,"[[1,0,0,1],[0,1,0,1],[0,0,1,1]]",utterance,3,2,46,15,0.32608695652173914,0.33333292603492737,0.33333292603492737,0.33333292603492737,0.33333292603492737,0.33333292603492737
sikos2021_e1,d.3s1c.ssc,"[[1,0,1],[0,1,1],[1,0,1]]",prior,-1,0,50,13,0.26,0.66666579246521,0.66666579246521,0.66666579246521,0.66666579246521,0.66666579246521
sikos2021_e1,d.3s1c.ssc,"[[1,0,1],[0,1,1],[1,0,1]]",prior,-1,1,50,37,0.74,0.333332896232605,0.333332896232605,0.333332896232605,0.333332896232605,0.333332896232605
sikos2021_e1,d.3s1c.ssc,"[[1,0,1],[0,1,1],[1,0,1]]",utterance,2,0,43,8,0.18604651162790697,0.6666658520698547,0.7457554936408997,0.7309831976890564,0.7390937805175781,0.7326829433441162
sikos2021_e1,d.3s1c.ssc,"[[1,0,1],[0,1,1],[1,0,1]]",utterance,2,1,43,35,0.813953488372093,0.33333292603492737,0.25424447655677795,0.26901692152023315,0.2609063386917114,0.267316997051239
sikos2021_e1,d.3s2c.c,"[[1,0,1],[0,1,1],[0,1,1]]",prior,-1,0,20,15,0.75,0.33333295583724976,0.33333295583724976,0.33333295583724976,0.33333295583724976,0.33333295583724976
sikos2021_e1,d.3s2c.c,"[[1,0,1],[0,1,1],[0,1,1]]",prior,-1,1,20,5,0.25,0.6666659116744995,0.6666659116744995,0.6666659116744995,0.6666659116744995,0.6666659116744995
sikos2021_e1,d.3s2c.c,"[[1,0,1],[0,1,1],[0,1,1]]",utterance,1,0,18,0,0.0,0.01396937295794487,0.013892676681280136,0.013927911408245564,0.013909603469073772,0.013932579196989536
sikos2021_e1,d.3s2c.c,"[[1,0,1],[0,1,1],[0,1,1]]",utterance,1,1,18,18,1.0,0.9860303401947021,0.9861071109771729,0.986072301864624,0.9860905408859253,0.9860673546791077
sikos2021_e1,d.3s2c.c,"[[1,0,1],[1,0,1],[0,1,1]]",prior,-1,0,31,10,0.3225806451612903,0.6666659116744995,0.6666659116744995,0.6666659116744995,0.6666659116744995,0.6666659116744995
sikos2021_e1,d.3s2c.c,"[[1,0,1],[1,0,1],[0,1,1]]",prior,-1,2,31,21,0.6774193548387096,0.33333295583724976,0.33333295583724976,0.33333295583724976,0.33333295583724976,0.33333295583724976
sikos2021_e1,d.3s2c.c,"[[1,0,1],[1,0,1],[0,1,1]]",utterance,0,0,24,24,1.0,0.9860303997993469,0.9861071109771729,0.986072301864624,0.9860906004905701,0.9860673546791077
sikos2021_e1,d.3s2c.c,"[[1,0,1],[1,0,1],[0,1,1]]",utterance,0,2,24,0,0.0,0.013969373889267445,0.013892676681280136,0.013927911408245564,0.013909603469073772,0.013932578265666962
sikos2021_e1,d.3s2c.s,"[[1,0,1],[0,1,1],[0,1,1]]",prior,-1,0,20,16,0.8,0.33333295583724976,0.33333295583724976,0.33333295583724976,0.33333295583724976,0.33333295583724976
sikos2021_e1,d.3s2c.s,"[[1,0,1],[0,1,1],[0,1,1]]",prior,-1,1,20,4,0.2,0.6666659116744995,0.6666659116744995,0.6666659116744995,0.6666659116744995,0.6666659116744995
sikos2021_e1,d.3s2c.s,"[[1,0,1],[0,1,1],[0,1,1]]",utterance,2,0,20,15,0.75,0.33333295583724976,0.2542444169521332,0.2690168619155884,0.26090630888938904,0.2673169672489166
sikos2021_e1,d.3s2c.s,"[[1,0,1],[0,1,1],[0,1,1]]",utterance,2,1,20,5,0.25,0.6666659116744995,0.7457553744316101,0.7309830784797668,0.7390937805175781,0.7326829433441162
sikos2021_e1,d.3s2c.s,"[[1,0,1],[1,0,1],[0,1,1]]",prior,-1,0,29,6,0.20689655172413793,0.6666659116744995,0.6666659116744995,0.6666659116744995,0.6666659116744995,0.6666659116744995
sikos2021_e1,d.3s2c.s,"[[1,0,1],[1,0,1],[0,1,1]]",prior,-1,2,29,23,0.7931034482758621,0.33333295583724976,0.33333295583724976,0.33333295583724976,0.33333295583724976,0.33333295583724976
sikos2021_e1,d.3s2c.s,"[[1,0,1],[1,0,1],[0,1,1]]",utterance,2,0,27,8,0.2962962962962963,0.6666659116744995,0.7457554936408997,0.7309831976890564,0.7390937805175781,0.7326828837394714
sikos2021_e1,d.3s2c.s,"[[1,0,1],[1,0,1],[0,1,1]]",utterance,2,2,27,19,0.7037037037037037,0.33333295583724976,0.25424444675445557,0.26901689171791077,0.2609063386917114,0.2673169672489166
sikos2021_e1,d.3s3c.c,"[[1,1],[1,1],[1,1]]",prior,-1,0,44,44,1.0,0.9999989867210388,0.9999989867210388,0.9999989867210388,0.9999989867210388,0.9999989867210388
sikos2021_e1,d.3s3c.c,"[[1,1],[1,1],[1,1]]",utterance,0,0,46,46,1.0,0.9999989867210388,0.9999989867210388,0.9999989867210388,0.9999989867210388,0.9999989867210388
sikos2021_e1,d.3s3c.s,"[[1,1],[1,1],[1,1]]",prior,-1,0,48,48,1.0,0.9999988675117493,0.9999988675117493,0.9999988675117493,0.9999988675117493,0.9999988675117493
sikos2021_e1,d.3s3c.s,"[[1,1],[1,1],[1,1]]",utterance,1,0,43,43,1.0,0.999998927116394,0.999998927116394,0.999998927116394,0.999998927116394,0.999998927116394
sikos2021_e2,d.2s2c.b.c,"[[1,0,1,0],[0,1,0,1],[0,1,1,0]]",prior,-1,0,80,28,0.35,0.33333295583724976,0.33333295583724976,0.33333295583724976,0.33333295583724976,0.33333295583724976
sikos2021_e2,d.2s2c.b.c,"[[1,0,1,0],[0,1,0,1],[0,1,1,0]]",prior,-1,1,80,28,0.35,0.33333295583724976,0.33333295583724976,0.33333295583724976,0.33333295583724976,0.33333295583724976
sikos2021_e2,d.2s2c.b.c,"[[1,0,1,0],[0,1,0,1],[0,1,1,0]]",prior,-1,2,80,24,0.3,0.33333295583724976,0.33333295583724976,0.33333295583724976,0.33333295583724976,0.33333295583724976
sikos2021_e2,d.2s2c.b.c,"[[1,0,1,0],[0,1,0,1],[0,1,1,0]]",utterance,1,0,80,0,0.0,0.01396937482059002,0.013892678543925285,0.013927911408245564,0.013909603469073772,0.013932580128312111
sikos2021_e2,d.2s2c.b.c,"[[1,0,1,0],[0,1,0,1],[0,1,1,0]]",utterance,1,1,80,42,0.525,0.49301522970199585,0.40995556116104126,0.43259698152542114,0.41685765981674194,0.4234718680381775
sikos2021_e2,d.2s2c.b.c,"[[1,0,1,0],[0,1,0,1],[0,1,1,0]]",utterance,1,2,80,38,0.475,0.49301522970199585,0.5761517286300659,0.5534752011299133,0.5692328810691833,0.5625954866409302
sikos2021_e2,d.2s2c.b.c,"[[1,0,1,0],[0,1,0,1],[1,0,0,1]]",prior,-1,0,80,12,0.15,0.33333295583724976,0.33333295583724976,0.33333295583724976,0.33333295583724976,0.33333295583724976
sikos2021_e2,d.2s2c.b.c,"[[1,0,1,0],[0,1,0,1],[1,0,0,1]]",prior,-1,1,80,48,0.6,0.33333295583724976,0.33333295583724976,0.33333295583724976,0.33333295583724976,0.33333295583724976
sikos2021_e2,d.2s2c.b.c,"[[1,0,1,0],[0,1,0,1],[1,0,0,1]]",prior,-1,2,80,20,0.25,0.33333295583724976,0.33333295583724976,0.33333295583724976,0.33333295583724976,0.33333295583724976
sikos2021_e2,d.2s2c.b.c,"[[1,0,1,0],[0,1,0,1],[1,0,0,1]]",utterance,0,0,80,34,0.425,0.49301522970199585,0.40995556116104126,0.43259698152542114,0.41685765981674194,0.4234718680381775
sikos2021_e2,d.2s2c.b.c,"[[1,0,1,0],[0,1,0,1],[1,0,0,1]]",utterance,0,1,80,0,0.0,0.01396937482059002,0.013892678543925285,0.013927911408245564,0.013909603469073772,0.013932580128312111
sikos2021_e2,d.2s2c.b.c,"[[1,0,1,0],[0,1,0,1],[1,0,0,1]]",utterance,0,2,80,46,0.575,0.49301522970199585,0.5761517286300659,0.5534752011299133,0.5692328810691833,0.5625954866409302
sikos2021_e2,d.2s2c.b.c,"[[1,0,1,0],[0,1,1,0],[0,1,0,1]]",prior,-1,0,80,19,0.2375,0.33333295583724976,0.33333295583724976,0.33333295583724976,0.33333295583724976,0.33333295583724976
sikos2021_e2,d.2s2c.b.c,"[[1,0,1,0],[0,1,1,0],[0,1,0,1]]",prior,-1,1,80,40,0.5,0.33333295583724976,0.33333295583724976,0.33333295583724976,0.33333295583724976,0.33333295583724976
sikos2021_e2,d.2s2c.b.c,"[[1,0,1,0],[0,1,1,0],[0,1,0,1]]",prior,-1,2,80,21,0.2625,0.33333295583724976,0.33333295583724976,0.33333295583724976,0.33333295583724976,0.33333295583724976
sikos2021_e2,d.2s2c.b.c,"[[1,0,1,0],[0,1,1,0],[0,1,0,1]]",utterance,1,0,80,0,0.0,0.01396937482059002,0.013892678543925285,0.013927911408245564,0.013909603469073772,0.013932580128312111
sikos2021_e2,d.2s2c.b.c,"[[1,0,1,0],[0,1,1,0],[0,1,0,1]]",utterance,1,1,80,52,0.65,0.49301522970199585,0.5761517286300659,0.5534752011299133,0.5692328810691833,0.5625954866409302
sikos2021_e2,d.2s2c.b.c,"[[1,0,1,0],[0,1,1,0],[0,1,0,1]]",utterance,1,2,80,28,0.35,0.49301522970199585,0.40995556116104126,0.43259698152542114,0.41685765981674194,0.4234718680381775
sikos2021_e2,d.2s2c.b.c,"[[1,0,1,0],[0,1,1,0],[1,0,0,1]]",prior,-1,0,80,20,0.25,0.33333295583724976,0.33333295583724976,0.33333295583724976,0.33333295583724976,0.33333295583724976
sikos2021_e2,d.2s2c.b.c,"[[1,0,1,0],[0,1,1,0],[1,0,0,1]]",prior,-1,1,80,37,0.4625,0.33333295583724976,0.33333295583724976,0.33333295583724976,0.33333295583724976,0.33333295583724976
sikos2021_e2,d.2s2c.b.c,"[[1,0,1,0],[0,1,1,0],[1,0,0,1]]",prior,-1,2,80,23,0.2875,0.33333295583724976,0.33333295583724976,0.33333295583724976,0.33333295583724976,0.33333295583724976
sikos2021_e2,d.2s2c.b.c,"[[1,0,1,0],[0,1,1,0],[1,0,0,1]]",utterance,0,0,80,45,0.5625,0.49301522970199585,0.5761517286300659,0.5534752011299133,0.5692328810691833,0.5625954866409302
sikos2021_e2,d.2s2c.b.c,"[[1,0,1,0],[0,1,1,0],[1,0,0,1]]",utterance,0,1,80,0,0.0,0.01396937482059002,0.013892678543925285,0.013927911408245564,0.013909603469073772,0.013932580128312111
sikos2021_e2,d.2s2c.b.c,"[[1,0,1,0],[0,1,1,0],[1,0,0,1]]",utterance,0,2,80,35,0.4375,0.49301522970199585,0.40995556116104126,0.43259698152542114,0.41685765981674194,0.4234718680381775
sikos2021_e2,d.2s2c.b.c,"[[1,0,1,0],[1,0,0,1],[0,1,0,1]]",prior,-1,0,80,21,0.2625,0.33333295583724976,0.33333295583724976,0.33333295583724976,0.33333295583724976,0.33333295583724976
sikos2021_e2,d.2s2c.b.c,"[[1,0,1,0],[1,0,0,1],[0,1,0,1]]",prior,-1,1,80,34,0.425,0.33333295583724976,0.33333295583724976,0.33333295583724976,0.33333295583724976,0.33333295583724976
sikos2021_e2,d.2s2c.b.c,"[[1,0,1,0],[1,0,0,1],[0,1,0,1]]",prior,-1,2,80,25,0.3125,0.33333295583724976,0.33333295583724976,0.33333295583724976,0.33333295583724976,0.33333295583724976
sikos2021_e2,d.2s2c.b.c,"[[1,0,1,0],[1,0,0,1],[0,1,0,1]]",utterance,0,0,80,20,0.25,0.49301522970199585,0.40995556116104126,0.43259698152542114,0.41685765981674194,0.4234718680381775
sikos2021_e2,d.2s2c.b.c,"[[1,0,1,0],[1,0,0,1],[0,1,0,1]]",utterance,0,1,80,60,0.75,0.49301522970199585,0.5761517286300659,0.5534752011299133,0.5692328810691833,0.5625954866409302
sikos2021_e2,d.2s2c.b.c,"[[1,0,1,0],[1,0,0,1],[0,1,0,1]]",utterance,0,2,80,0,0.0,0.01396937482059002,0.013892678543925285,0.013927911408245564,0.013909603469073772,0.013932580128312111
sikos2021_e2,d.2s2c.b.c,"[[1,0,1,0],[1,0,0,1],[0,1,1,0]]",prior,-1,0,80,19,0.2375,0.33333295583724976,0.33333295583724976,0.33333295583724976,0.33333295583724976,0.33333295583724976
sikos2021_e2,d.2s2c.b.c,"[[1,0,1,0],[1,0,0,1],[0,1,1,0]]",prior,-1,1,80,27,0.3375,0.33333295583724976,0.33333295583724976,0.33333295583724976,0.33333295583724976,0.33333295583724976
sikos2021_e2,d.2s2c.b.c,"[[1,0,1,0],[1,0,0,1],[0,1,1,0]]",prior,-1,2,80,34,0.425,0.33333295583724976,0.33333295583724976,0.33333295583724976,0.33333295583724976,0.33333295583724976
sikos2021_e2,d.2s2c.b.c,"[[1,0,1,0],[1,0,0,1],[0,1,1,0]]",utterance,0,0,80,48,0.6,0.49301522970199585,0.5761517286300659,0.5534752011299133,0.5692328810691833,0.5625954866409302
sikos2021_e2,d.2s2c.b.c,"[[1,0,1,0],[1,0,0,1],[0,1,1,0]]",utterance,0,1,80,32,0.4,0.49301522970199585,0.40995556116104126,0.43259698152542114,0.41685765981674194,0.4234718680381775
sikos2021_e2,d.2s2c.b.c,"[[1,0,1,0],[1,0,0,1],[0,1,1,0]]",utterance,0,2,80,0,0.0,0.01396937482059002,0.013892678543925285,0.013927911408245564,0.013909603469073772,0.013932580128312111
sikos2021_e2,d.2s2c.b.s,"[[1,0,1,0],[0,1,0,1],[0,1,1,0]]",utterance,2,0,80,42,0.525,0.49301522970199585,0.40995556116104126,0.43259698152542114,0.41685765981674194,0.4234718680381775
sikos2021_e2,d.2s2c.b.s,"[[1,0,1,0],[0,1,0,1],[0,1,1,0]]",utterance,2,1,80,0,0.0,0.01396937482059002,0.013892678543925285,0.013927911408245564,0.013909603469073772,0.013932580128312111
sikos2021_e2,d.2s2c.b.s,"[[1,0,1,0],[0,1,0,1],[0,1,1,0]]",utterance,2,2,80,38,0.475,0.49301522970199585,0.5761517286300659,0.5534752011299133,0.5692328810691833,0.5625954866409302
sikos2021_e2,d.2s2c.b.s,"[[1,0,1,0],[0,1,0,1],[1,0,0,1]]",utterance,3,0,80,0,0.0,0.01396937482059002,0.013892678543925285,0.013927911408245564,0.013909603469073772,0.013932580128312111
sikos2021_e2,d.2s2c.b.s,"[[1,0,1,0],[0,1,0,1],[1,0,0,1]]",utterance,3,1,80,47,0.5875,0.49301522970199585,0.40995556116104126,0.43259698152542114,0.41685765981674194,0.4234718680381775
sikos2021_e2,d.2s2c.b.s,"[[1,0,1,0],[0,1,0,1],[1,0,0,1]]",utterance,3,2,80,33,0.4125,0.49301522970199585,0.5761517286300659,0.5534752011299133,0.5692328810691833,0.5625954866409302
sikos2021_e2,d.2s2c.b.s,"[[1,0,1,0],[0,1,1,0],[0,1,0,1]]",utterance,2,0,80,40,0.5,0.49301522970199585,0.40995556116104126,0.43259698152542114,0.41685765981674194,0.4234718680381775
sikos2021_e2,d.2s2c.b.s,"[[1,0,1,0],[0,1,1,0],[0,1,0,1]]",utterance,2,1,80,40,0.5,0.49301522970199585,0.5761517286300659,0.5534752011299133,0.5692328810691833,0.5625954866409302
sikos2021_e2,d.2s2c.b.s,"[[1,0,1,0],[0,1,1,0],[0,1,0,1]]",utterance,2,2,80,0,0.0,0.01396937482059002,0.013892678543925285,0.013927911408245564,0.013909603469073772,0.013932580128312111
sikos2021_e2,d.2s2c.b.s,"[[1,0,1,0],[0,1,1,0],[1,0,0,1]]",utterance,2,0,80,33,0.4125,0.49301522970199585,0.5761517286300659,0.5534752011299133,0.5692328810691833,0.5625954866409302
sikos2021_e2,d.2s2c.b.s,"[[1,0,1,0],[0,1,1,0],[1,0,0,1]]",utterance,2,1,80,47,0.5875,0.49301522970199585,0.40995556116104126,0.43259698152542114,0.41685765981674194,0.4234718680381775
sikos2021_e2,d.2s2c.b.s,"[[1,0,1,0],[0,1,1,0],[1,0,0,1]]",utterance,2,2,80,0,0.0,0.01396937482059002,0.013892678543925285,0.013927911408245564,0.013909603469073772,0.013932580128312111
sikos2021_e2,d.2s2c.b.s,"[[1,0,1,0],[1,0,0,1],[0,1,0,1]]",utterance,3,0,80,0,0.0,0.01396937482059002,0.013892678543925285,0.013927911408245564,0.013909603469073772,0.013932580128312111
sikos2021_e2,d.2s2c.b.s,"[[1,0,1,0],[1,0,0,1],[0,1,0,1]]",utterance,3,1,80,35,0.4375,0.49301522970199585,0.5761517286300659,0.5534752011299133,0.5692328810691833,0.5625954866409302
sikos2021_e2,d.2s2c.b.s,"[[1,0,1,0],[1,0,0,1],[0,1,0,1]]",utterance,3,2,80,45,0.5625,0.49301522970199585,0.40995556116104126,0.43259698152542114,0.41685765981674194,0.4234718680381775
sikos2021_e2,d.2s2c.b.s,"[[1,0,1,0],[1,0,0,1],[0,1,1,0]]",utterance,2,0,80,38,0.475,0.49301522970199585,0.5761517286300659,0.5534752011299133,0.5692328810691833,0.5625954866409302
sikos2021_e2,d.2s2c.b.s,"[[1,0,1,0],[1,0,0,1],[0,1,1,0]]",utterance,2,1,80,0,0.0,0.01396937482059002,0.013892678543925285,0.013927911408245564,0.013909603469073772,0.013932580128312111
sikos2021_e2,d.2s2c.b.s,"[[1,0,1,0],[1,0,0,1],[0,1,1,0]]",utterance,2,2,80,42,0.525,0.49301522970199585,0.40995556116104126,0.43259698152542114,0.41685765981674194,0.4234718680381775
sikos2021_e3,d.1s2c.ss.dc.c,"[[1,0,1,0],[0,1,0,1],[0,1,1,0]]",prior,-1,0,25,6,0.24,0.33333292603492737,0.33333292603492737,0.33333292603492737,0.33333292603492737,0.33333292603492737
sikos2021_e3,d.1s2c.ss.dc.c,"[[1,0,1,0],[0,1,0,1],[0,1,1,0]]",prior,-1,1,25,15,0.6,0.33333292603492737,0.33333292603492737,0.33333292603492737,0.33333292603492737,0.33333292603492737
sikos2021_e3,d.1s2c.ss.dc.c,"[[1,0,1,0],[0,1,0,1],[0,1,1,0]]",prior,-1,2,25,4,0.16,0.33333292603492737,0.33333292603492737,0.33333292603492737,0.33333292603492737,0.33333292603492737
sikos2021_e3,d.1s2c.ss.dc.c,"[[1,0,1,0],[0,1,0,1],[0,1,1,0]]",utterance,1,0,24,0,0.0,0.013969373889267445,0.013892676681280136,0.013927911408245564,0.013909603469073772,0.013932578265666962
sikos2021_e3,d.1s2c.ss.dc.c,"[[1,0,1,0],[0,1,0,1],[0,1,1,0]]",utterance,1,1,24,11,0.4583333333333333,0.49301519989967346,0.40995562076568604,0.43259701132774353,0.41685768961906433,0.4234718382358551
sikos2021_e3,d.1s2c.ss.dc.c,"[[1,0,1,0],[0,1,0,1],[0,1,1,0]]",utterance,1,2,24,13,0.5416666666666666,0.49301519989967346,0.5761516690254211,0.5534751415252686,0.5692328810691833,0.562595546245575
sikos2021_e3,d.1s2c.ss.dc.c,"[[1,0,1,0],[1,0,0,1],[0,1,1,0]]",prior,-1,0,26,4,0.15384615384615385,0.33333295583724976,0.33333295583724976,0.33333295583724976,0.33333295583724976,0.33333295583724976
sikos2021_e3,d.1s2c.ss.dc.c,"[[1,0,1,0],[1,0,0,1],[0,1,1,0]]",prior,-1,1,26,14,0.5384615384615384,0.33333295583724976,0.33333295583724976,0.33333295583724976,0.33333295583724976,0.33333295583724976
sikos2021_e3,d.1s2c.ss.dc.c,"[[1,0,1,0],[1,0,0,1],[0,1,1,0]]",prior,-1,2,26,8,0.3076923076923077,0.33333295583724976,0.33333295583724976,0.33333295583724976,0.33333295583724976,0.33333295583724976
sikos2021_e3,d.1s2c.ss.dc.c,"[[1,0,1,0],[1,0,0,1],[0,1,1,0]]",utterance,0,0,25,13,0.52,0.49301519989967346,0.5761516690254211,0.5534751415252686,0.5692328810691833,0.562595546245575
sikos2021_e3,d.1s2c.ss.dc.c,"[[1,0,1,0],[1,0,0,1],[0,1,1,0]]",utterance,0,1,25,12,0.48,0.49301519989967346,0.40995562076568604,0.43259701132774353,0.41685768961906433,0.4234718382358551
sikos2021_e3,d.1s2c.ss.dc.c,"[[1,0,1,0],[1,0,0,1],[0,1,1,0]]",utterance,0,2,25,0,0.0,0.013969373889267445,0.013892676681280136,0.013927911408245564,0.013909603469073772,0.013932578265666962
sikos2021_e3,d.1s3c.ss.sc.c,"[[1,1,0],[1,0,1],[1,1,0]]",prior,-1,0,52,4,0.07692307692307693,0.6666657328605652,0.6666657328605652,0.6666657328605652,0.6666657328605652,0.6666657328605652
sikos2021_e3,d.1s3c.ss.sc.c,"[[1,1,0],[1,0,1],[1,1,0]]",prior,-1,1,52,48,0.9230769230769231,0.3333328664302826,0.3333328664302826,0.3333328664302826,0.3333328664302826,0.3333328664302826
sikos2021_e3,d.1s3c.ss.sc.c,"[[1,1,0],[1,0,1],[1,1,0]]",utterance,0,0,55,15,0.2727272727272727,0.6666656732559204,0.7457552552223206,0.7309832572937012,0.7390937805175781,0.7326826453208923
sikos2021_e3,d.1s3c.ss.sc.c,"[[1,1,0],[1,0,1],[1,1,0]]",utterance,0,1,55,40,0.7272727272727273,0.3333328366279602,0.25424450635910034,0.26901692152023315,0.26090630888938904,0.267316997051239
sikos2021_e3,d.2s1c.ds.sc.s,"[[1,0,1,0],[0,1,0,1],[1,0,0,1]]",prior,-1,0,25,7,0.28,0.33333292603492737,0.33333292603492737,0.33333292603492737,0.33333292603492737,0.33333292603492737
sikos2021_e3,d.2s1c.ds.sc.s,"[[1,0,1,0],[0,1,0,1],[1,0,0,1]]",prior,-1,1,25,14,0.56,0.33333292603492737,0.33333292603492737,0.33333292603492737,0.33333292603492737,0.33333292603492737
sikos2021_e3,d.2s1c.ds.sc.s,"[[1,0,1,0],[0,1,0,1],[1,0,0,1]]",prior,-1,2,25,4,0.16,0.33333292603492737,0.33333292603492737,0.33333292603492737,0.33333292603492737,0.33333292603492737
sikos2021_e3,d.2s1c.ds.sc.s,"[[1,0,1,0],[0,1,0,1],[1,0,0,1]]",utterance,3,0,27,0,0.0,0.01396937295794487,0.013892676681280136,0.013927911408245564,0.013909603469073772,0.013932579196989536
sikos2021_e3,d.2s1c.ds.sc.s,"[[1,0,1,0],[0,1,0,1],[1,0,0,1]]",utterance,3,1,27,23,0.8518518518518519,0.49301522970199585,0.4099556505680084,0.43259701132774353,0.41685768961906433,0.4234718084335327
sikos2021_e3,d.2s1c.ds.sc.s,"[[1,0,1,0],[0,1,0,1],[1,0,0,1]]",utterance,3,2,27,4,0.14814814814814814,0.49301522970199585,0.5761517286300659,0.5534751415252686,0.5692328810691833,0.5625954866409302
sikos2021_e3,d.2s1c.ds.sc.s,"[[1,0,1,0],[0,1,1,0],[1,0,0,1]]",prior,-1,0,26,5,0.19230769230769232,0.33333295583724976,0.33333295583724976,0.33333295583724976,0.33333295583724976,0.33333295583724976
sikos2021_e3,d.2s1c.ds.sc.s,"[[1,0,1,0],[0,1,1,0],[1,0,0,1]]",prior,-1,1,26,13,0.5,0.33333295583724976,0.33333295583724976,0.33333295583724976,0.33333295583724976,0.33333295583724976
sikos2021_e3,d.2s1c.ds.sc.s,"[[1,0,1,0],[0,1,1,0],[1,0,0,1]]",prior,-1,2,26,8,0.3076923076923077,0.33333295583724976,0.33333295583724976,0.33333295583724976,0.33333295583724976,0.33333295583724976
sikos2021_e3,d.2s1c.ds.sc.s,"[[1,0,1,0],[0,1,1,0],[1,0,0,1]]",utterance,2,0,23,8,0.34782608695652173,0.49301519989967346,0.5761517286300659,0.5534752011299133,0.5692328810691833,0.5625954866409302
sikos2021_e3,d.2s1c.ds.sc.s,"[[1,0,1,0],[0,1,1,0],[1,0,0,1]]",utterance,2,1,23,15,0.6521739130434783,0.49301519989967346,0.4099556505680084,0.4325970411300659,0.41685768961906433,0.4234717786312103
sikos2021_e3,d.2s1c.ds.sc.s,"[[1,0,1,0],[0,1,1,0],[1,0,0,1]]",utterance,2,2,23,0,0.0,0.01396937109529972,0.01389267761260271,0.013927910476922989,0.013909604400396347,0.013932580128312111
sikos2021_e3,d.2s2c.b.ds.dc.c,"[[1,0,1,0],[0,1,1,0],[0,1,0,1]]",prior,-1,0,26,6,0.23076923076923078,0.33333295583724976,0.33333295583724976,0.33333295583724976,0.33333295583724976,0.33333295583724976
sikos2021_e3,d.2s2c.b.ds.dc.c,"[[1,0,1,0],[0,1,1,0],[0,1,0,1]]",prior,-1,1,26,10,0.38461538461538464,0.33333295583724976,0.33333295583724976,0.33333295583724976,0.33333295583724976,0.33333295583724976
sikos2021_e3,d.2s2c.b.ds.dc.c,"[[1,0,1,0],[0,1,1,0],[0,1,0,1]]",prior,-1,2,26,10,0.38461538461538464,0.33333295583724976,0.33333295583724976,0.33333295583724976,0.33333295583724976,0.33333295583724976
sikos2021_e3,d.2s2c.b.ds.dc.c,"[[1,0,1,0],[0,1,1,0],[0,1,0,1]]",utterance,1,0,23,0,0.0,0.01396937109529972,0.01389267761260271,0.013927910476922989,0.013909604400396347,0.013932580128312111
sikos2021_e3,d.2s2c.b.ds.dc.c,"[[1,0,1,0],[0,1,1,0],[0,1,0,1]]",utterance,1,1,23,15,0.6521739130434783,0.49301519989967346,0.5761517286300659,0.5534752011299133,0.5692328810691833,0.5625954866409302
sikos2021_e3,d.2s2c.b.ds.dc.c,"[[1,0,1,0],[0,1,1,0],[0,1,0,1]]",utterance,1,2,23,8,0.34782608695652173,0.49301519989967346,0.4099556505680084,0.4325970411300659,0.41685768961906433,0.4234717786312103
sikos2021_e3,d.2s2c.b.ds.dc.c,"[[1,0,1,0],[1,0,0,1],[0,1,0,1]]",prior,-1,0,25,10,0.4,0.33333292603492737,0.33333292603492737,0.33333292603492737,0.33333292603492737,0.33333292603492737
sikos2021_e3,d.2s2c.b.ds.dc.c,"[[1,0,1,0],[1,0,0,1],[0,1,0,1]]",prior,-1,1,25,7,0.28,0.33333292603492737,0.33333292603492737,0.33333292603492737,0.33333292603492737,0.33333292603492737
sikos2021_e3,d.2s2c.b.ds.dc.c,"[[1,0,1,0],[1,0,0,1],[0,1,0,1]]",prior,-1,2,25,8,0.32,0.33333292603492737,0.33333292603492737,0.33333292603492737,0.33333292603492737,0.33333292603492737
sikos2021_e3,d.2s2c.b.ds.dc.c,"[[1,0,1,0],[1,0,0,1],[0,1,0,1]]",utterance,0,0,27,8,0.2962962962962963,0.49301522970199585,0.4099556505680084,0.43259701132774353,0.41685768961906433,0.4234718084335327
sikos2021_e3,d.2s2c.b.ds.dc.c,"[[1,0,1,0],[1,0,0,1],[0,1,0,1]]",utterance,0,1,27,19,0.7037037037037037,0.49301522970199585,0.5761517286300659,0.5534751415252686,0.5692328810691833,0.5625954866409302
sikos2021_e3,d.2s2c.b.ds.dc.c,"[[1,0,1,0],[1,0,0,1],[0,1,0,1]]",utterance,0,2,27,0,0.0,0.01396937295794487,0.013892676681280136,0.013927911408245564,0.013909603469073772,0.013932579196989536
sikos2021_e3,d.2s2c.b.ds.dc.s,"[[1,0,1,0],[0,1,1,0],[0,1,0,1]]",prior,-1,0,24,6,0.25,0.33333292603492737,0.33333292603492737,0.33333292603492737,0.33333292603492737,0.33333292603492737
sikos2021_e3,d.2s2c.b.ds.dc.s,"[[1,0,1,0],[0,1,1,0],[0,1,0,1]]",prior,-1,1,24,11,0.4583333333333333,0.33333292603492737,0.33333292603492737,0.33333292603492737,0.33333292603492737,0.33333292603492737
sikos2021_e3,d.2s2c.b.ds.dc.s,"[[1,0,1,0],[0,1,1,0],[0,1,0,1]]",prior,-1,2,24,7,0.2916666666666667,0.33333292603492737,0.33333292603492737,0.33333292603492737,0.33333292603492737,0.33333292603492737
sikos2021_e3,d.2s2c.b.ds.dc.s,"[[1,0,1,0],[0,1,1,0],[0,1,0,1]]",utterance,2,0,25,17,0.68,0.49301519989967346,0.40995562076568604,0.43259701132774353,0.41685768961906433,0.4234718382358551
sikos2021_e3,d.2s2c.b.ds.dc.s,"[[1,0,1,0],[0,1,1,0],[0,1,0,1]]",utterance,2,1,25,8,0.32,0.49301519989967346,0.5761516690254211,0.5534751415252686,0.5692328810691833,0.562595546245575
sikos2021_e3,d.2s2c.b.ds.dc.s,"[[1,0,1,0],[0,1,1,0],[0,1,0,1]]",utterance,2,2,25,0,0.0,0.013969373889267445,0.013892676681280136,0.013927911408245564,0.013909603469073772,0.013932578265666962
sikos2021_e3,d.2s2c.b.ds.dc.s,"[[1,0,1,0],[1,0,0,1],[0,1,0,1]]",prior,-1,0,25,6,0.24,0.33333292603492737,0.33333292603492737,0.33333292603492737,0.33333292603492737,0.33333292603492737
sikos2021_e3,d.2s2c.b.ds.dc.s,"[[1,0,1,0],[1,0,0,1],[0,1,0,1]]",prior,-1,1,25,9,0.36,0.33333292603492737,0.33333292603492737,0.33333292603492737,0.33333292603492737,0.33333292603492737
sikos2021_e3,d.2s2c.b.ds.dc.s,"[[1,0,1,0],[1,0,0,1],[0,1,0,1]]",prior,-1,2,25,10,0.4,0.33333292603492737,0.33333292603492737,0.33333292603492737,0.33333292603492737,0.33333292603492737
sikos2021_e3,d.2s2c.b.ds.dc.s,"[[1,0,1,0],[1,0,0,1],[0,1,0,1]]",utterance,3,0,26,0,0.0,0.01396937295794487,0.013892676681280136,0.013927911408245564,0.013909603469073772,0.013932579196989536
sikos2021_e3,d.2s2c.b.ds.dc.s,"[[1,0,1,0],[1,0,0,1],[0,1,0,1]]",utterance,3,1,26,16,0.6153846153846154,0.49301522970199585,0.5761517286300659,0.5534751415252686,0.5692328810691833,0.5625954866409302
sikos2021_e3,d.2s2c.b.ds.dc.s,"[[1,0,1,0],[1,0,0,1],[0,1,0,1]]",utterance,3,2,26,10,0.38461538461538464,0.49301522970199585,0.4099556505680084,0.43259701132774353,0.41685768961906433,0.4234718084335327
sikos2021_e3,d.2s3c.ds.sc.c,"[[1,1,0],[1,0,1],[1,0,1]]",prior,-1,0,26,18,0.6923076923076923,0.33333295583724976,0.33333295583724976,0.33333295583724976,0.33333295583724976,0.33333295583724976
sikos2021_e3,d.2s3c.ds.sc.c,"[[1,1,0],[1,0,1],[1,0,1]]",prior,-1,1,26,8,0.3076923076923077,0.6666659116744995,0.6666659116744995,0.6666659116744995,0.6666659116744995,0.6666659116744995
sikos2021_e3,d.2s3c.ds.sc.c,"[[1,1,0],[1,0,1],[1,0,1]]",utterance,0,0,23,16,0.6956521739130435,0.33333295583724976,0.2542444169521332,0.269016832113266,0.26090630888938904,0.26731693744659424
sikos2021_e3,d.2s3c.ds.sc.c,"[[1,1,0],[1,0,1],[1,0,1]]",utterance,0,1,23,7,0.30434782608695654,0.6666659116744995,0.7457553744316101,0.7309830784797668,0.7390937805175781,0.7326829433441162
sikos2021_e3,d.2s3c.ds.sc.c,"[[1,1,0],[1,1,0],[1,0,1]]",prior,-1,0,27,9,0.3333333333333333,0.6666659116744995,0.6666659116744995,0.6666659116744995,0.6666659116744995,0.6666659116744995
sikos2021_e3,d.2s3c.ds.sc.c,"[[1,1,0],[1,1,0],[1,0,1]]",prior,-1,2,27,18,0.6666666666666666,0.33333295583724976,0.33333295583724976,0.33333295583724976,0.33333295583724976,0.33333295583724976
sikos2021_e3,d.2s3c.ds.sc.c,"[[1,1,0],[1,1,0],[1,0,1]]",utterance,0,0,25,6,0.24,0.6666658520698547,0.7457554340362549,0.7309831380844116,0.7390937805175781,0.7326828837394714
sikos2021_e3,d.2s3c.ds.sc.c,"[[1,1,0],[1,1,0],[1,0,1]]",utterance,0,2,25,19,0.76,0.33333292603492737,0.25424444675445557,0.26901689171791077,0.2609063386917114,0.267316997051239
sikos2021_e3,d.3s1c.ss.sc.s,"[[1,0,1],[0,1,1],[1,0,1]]",prior,-1,0,50,13,0.26,0.66666579246521,0.66666579246521,0.66666579246521,0.66666579246521,0.66666579246521
sikos2021_e3,d.3s1c.ss.sc.s,"[[1,0,1],[0,1,1],[1,0,1]]",prior,-1,1,50,37,0.74,0.333332896232605,0.333332896232605,0.333332896232605,0.333332896232605,0.333332896232605
sikos2021_e3,d.3s1c.ss.sc.s,"[[1,0,1],[0,1,1],[1,0,1]]",utterance,2,0,50,4,0.08,0.66666579246521,0.7457553744316101,0.7309831976890564,0.7390937805175781,0.7326828241348267
sikos2021_e3,d.3s1c.ss.sc.s,"[[1,0,1],[0,1,1],[1,0,1]]",utterance,2,1,50,46,0.92,0.333332896232605,0.25424444675445557,0.26901689171791077,0.2609063386917114,0.267316997051239
sikos2021_e3,d.3s2c.ss.dc.s,"[[1,0,1],[0,1,1],[0,1,1]]",prior,-1,0,24,20,0.8333333333333334,0.33333292603492737,0.33333292603492737,0.33333292603492737,0.33333292603492737,0.33333292603492737
sikos2021_e3,d.3s2c.ss.dc.s,"[[1,0,1],[0,1,1],[0,1,1]]",prior,-1,1,24,4,0.16666666666666666,0.6666658520698547,0.6666658520698547,0.6666658520698547,0.6666658520698547,0.6666658520698547
sikos2021_e3,d.3s2c.ss.dc.s,"[[1,0,1],[0,1,1],[0,1,1]]",utterance,2,0,26,22,0.8461538461538461,0.33333295583724976,0.25424444675445557,0.26901689171791077,0.2609063386917114,0.267316997051239
sikos2021_e3,d.3s2c.ss.dc.s,"[[1,0,1],[0,1,1],[0,1,1]]",utterance,2,1,26,4,0.15384615384615385,0.6666659116744995,0.7457554936408997,0.7309831380844116,0.7390937805175781,0.7326828837394714
sikos2021_e3,d.3s2c.ss.dc.s,"[[1,0,1],[1,0,1],[0,1,1]]",prior,-1,0,25,6,0.24,0.6666658520698547,0.6666658520698547,0.6666658520698547,0.6666658520698547,0.6666658520698547
sikos2021_e3,d.3s2c.ss.dc.s,"[[1,0,1],[1,0,1],[0,1,1]]",prior,-1,2,25,19,0.76,0.33333292603492737,0.33333292603492737,0.33333292603492737,0.33333292603492737,0.33333292603492737
sikos2021_e3,d.3s2c.ss.dc.s,"[[1,0,1],[1,0,1],[0,1,1]]",utterance,2,0,26,4,0.15384615384615385,0.6666659116744995,0.7457554936408997,0.7309831380844116,0.7390937805175781,0.7326828837394714
sikos2021_e3,d.3s2c.ss.dc.s,"[[1,0,1],[1,0,1],[0,1,1]]",utterance,2,2,26,22,0.8461538461538461,0.33333295583724976,0.25424444675445557,0.26901689171791077,0.2609063386917114,0.267316997051239
size,inference_2obj_2feat_sl0,"[[0,1],[1,1]]",utterance,1,0,46,33,0.717391304347826,0.5,0.7295414209365845,0.7409398555755615,0.7376473546028137,0.7419078946113586
size,inference_2obj_2feat_sl0,"[[0,1],[1,1]]",utterance,1,1,46,13,0.2826086956521739,0.5,0.27045851945877075,0.259059876203537,0.2623528242111206,0.25809192657470703
size,inference_2obj_3feat_sl6,"[[0,1,1],[1,1,1]]",utterance,1,0,46,28,0.6086956521739131,0.5,0.6509299874305725,0.6468397378921509,0.6621080636978149,0.6673427224159241
size,inference_2obj_3feat_sl6,"[[0,1,1],[1,1,1]]",utterance,1,1,46,18,0.391304347826087,0.5,0.3490702211856842,0.3531605303287506,0.33789175748825073,0.33265724778175354
size,inference_2obj_4feat_sl14,"[[0,1,1,1],[1,1,1,1]]",utterance,1,0,49,27,0.5510204081632653,0.5,0.6124281287193298,0.6046083569526672,0.6251998543739319,0.6308462619781494
size,inference_2obj_4feat_sl14,"[[0,1,1,1],[1,1,1,1]]",utterance,1,1,49,22,0.4489795918367347,0.5,0.3875717520713806,0.395391583442688,0.3748001158237457,0.3691537380218506
size,inference_3obj_2feat_sl2,"[[0,0],[0,1],[1,1]]",utterance,1,0,61,2,0.03278688524590164,0.013969373889267445,0.013892675749957561,0.013927914202213287,0.013909600675106049,0.013932579196989536
size,inference_3obj_2feat_sl2,"[[0,0],[0,1],[1,1]]",utterance,1,1,61,46,0.7540983606557377,0.49301522970199585,0.7225952744483948,0.733975887298584,0.7306923866271973,0.7349417805671692
size,inference_3obj_2feat_sl2,"[[0,0],[0,1],[1,1]]",utterance,1,2,61,13,0.21311475409836064,0.49301522970199585,0.26351219415664673,0.25209593772888184,0.2553980052471161,0.25112563371658325
size,inference_3obj_3feat_sl8,"[[0,0,1],[0,1,1],[1,1,1]]",utterance,2,0,90,67,0.7444444444444445,0.33333292603492737,0.6092504858970642,0.6311319470405579,0.6254492998123169,0.63508141040802
size,inference_3obj_3feat_sl8,"[[0,0,1],[0,1,1],[1,1,1]]",utterance,2,1,90,9,0.1,0.33333292603492737,0.2590707242488861,0.2457311451435089,0.2514771521091461,0.24684856832027435
size,inference_3obj_3feat_sl8,"[[0,0,1],[0,1,1],[1,1,1]]",utterance,2,2,90,14,0.15555555555555556,0.33333292603492737,0.1316787749528885,0.12313691526651382,0.12307347357273102,0.11807014793157578
size,inference_3obj_3feat_sl9,"[[0,0,1],[0,1,1],[1,1,1]]",utterance,1,0,91,12,0.13186813186813187,0.013969376683235168,0.013892678543925285,0.013927911408245564,0.013909603469073772,0.013932580128312111
size,inference_3obj_3feat_sl9,"[[0,0,1],[0,1,1],[1,1,1]]",utterance,1,1,91,57,0.6263736263736264,0.49301525950431824,0.6612562537193298,0.6653088331222534,0.6705613732337952,0.6761680245399475
size,inference_3obj_3feat_sl9,"[[0,0,1],[0,1,1],[1,1,1]]",utterance,1,2,91,22,0.24175824175824176,0.49301525950431824,0.32485145330429077,0.32076331973075867,0.31552910804748535,0.3098992705345154
size,inference_3obj_4feat_sl16,"[[0,0,1,1],[0,1,1,1],[1,1,1,1]]",utterance,2,0,89,66,0.7415730337078652,0.33333292603492737,0.5146676898002625,0.5159898400306702,0.5337271690368652,0.5439053177833557
size,inference_3obj_4feat_sl16,"[[0,0,1,1],[0,1,1,1],[1,1,1,1]]",utterance,2,1,89,7,0.07865168539325842,0.33333292603492737,0.3060328960418701,0.30265912413597107,0.298631876707077,0.2947685718536377
size,inference_3obj_4feat_sl16,"[[0,0,1,1],[0,1,1,1],[1,1,1,1]]",utterance,2,2,89,16,0.1797752808988764,0.33333292603492737,0.17929930984973907,0.1813509613275528,0.16764096915721893,0.16132602095603943
size,inference_3obj_4feat_sl17,"[[0,0,1,1],[0,1,1,1],[1,1,1,1]]",utterance,1,0,98,15,0.15306122448979592,0.013969376683235168,0.013892678543925285,0.013927911408245564,0.013909603469073772,0.013932581059634686
size,inference_3obj_4feat_sl17,"[[0,0,1,1],[0,1,1,1],[1,1,1,1]]",utterance,1,1,98,57,0.5816326530612245,0.49301525950431824,0.6257925033569336,0.6204619407653809,0.6362611651420593,0.6424025297164917
size,inference_3obj_4feat_sl17,"[[0,0,1,1],[0,1,1,1],[1,1,1,1]]",utterance,1,2,98,26,0.2653061224489796,0.49301525950431824,0.36031484603881836,0.3656100332736969,0.3498288094997406,0.34366515278816223
size,inference_4obj_2feat_sl4,"[[0,0],[0,0],[0,1],[1,1]]",utterance,1,0,64,0,0.0,0.020954061299562454,0.020839013159275055,0.02089187130331993,0.020864399150013924,0.02089887112379074
size,inference_4obj_2feat_sl4,"[[0,0],[0,0],[0,1],[1,1]]",utterance,1,2,64,48,0.75,0.48952293395996094,0.7191221714019775,0.7304940819740295,0.7272148132324219,0.7314587235450745
size,inference_4obj_2feat_sl4,"[[0,0],[0,0],[0,1],[1,1]]",utterance,1,3,64,16,0.25,0.48952293395996094,0.2600390613079071,0.24861392378807068,0.2519207298755646,0.24764251708984375
size,inference_4obj_3feat_sl11,"[[0,0,1],[0,0,1],[0,1,1],[1,1,1]]",utterance,2,0,92,61,0.6630434782608695,0.5,0.7835322022438049,0.8056223392486572,0.7922287583351135,0.7988060712814331
size,inference_4obj_3feat_sl11,"[[0,0,1],[0,0,1],[0,1,1],[1,1,1]]",utterance,2,2,92,7,0.07608695652173914,0.25,0.14473699033260345,0.13072672486305237,0.14037056267261505,0.1368180811405182
size,inference_4obj_3feat_sl11,"[[0,0,1],[0,0,1],[0,1,1],[1,1,1]]",utterance,2,3,92,24,0.2608695652173913,0.25,0.07173097133636475,0.06365089863538742,0.06740076839923859,0.0643760934472084
size,inference_4obj_3feat_sl12,"[[0,0,1],[0,0,1],[0,1,1],[1,1,1]]",utterance,1,0,93,4,0.043010752688172046,0.020954057574272156,0.020839009433984756,0.02089187316596508,0.020864397287368774,0.02089887112379074
size,inference_4obj_3feat_sl12,"[[0,0,1],[0,0,1],[0,1,1],[1,1,1]]",utterance,1,2,93,60,0.6451612903225806,0.4895230233669281,0.6684603691101074,0.6748725175857544,0.6767376661300659,0.682170033454895
size,inference_4obj_3feat_sl12,"[[0,0,1],[0,0,1],[0,1,1],[1,1,1]]",utterance,1,3,93,29,0.3118279569892473,0.4895230233669281,0.3107007145881653,0.3042353689670563,0.3023982048034668,0.2969311475753784
size,inference_4obj_4feat_sl19,"[[0,0,1,1],[0,0,1,1],[0,1,1,1],[1,1,1,1]]",utterance,2,0,83,54,0.6506024096385542,0.5,0.7058706283569336,0.7083210945129395,0.7186620831489563,0.7267990708351135
size,inference_4obj_4feat_sl19,"[[0,0,1,1],[0,0,1,1],[0,1,1,1],[1,1,1,1]]",utterance,2,2,83,7,0.08433734939759036,0.25,0.18884281814098358,0.18603478372097015,0.1829230934381485,0.17910952866077423
size,inference_4obj_4feat_sl19,"[[0,0,1,1],[0,0,1,1],[0,1,1,1],[1,1,1,1]]",utterance,2,3,83,22,0.26506024096385544,0.25,0.1052866131067276,0.10564427077770233,0.0984150767326355,0.09409163147211075
size,inference_4obj_4feat_sl20,"[[0,0,1,1],[0,0,1,1],[0,1,1,1],[1,1,1,1]]",utterance,1,0,83,1,0.012048192771084338,0.020954059436917305,0.020839011296629906,0.02089187316596508,0.020864397287368774,0.02089887112379074
size,inference_4obj_4feat_sl20,"[[0,0,1,1],[0,0,1,1],[0,1,1,1],[1,1,1,1]]",utterance,1,2,83,50,0.6024096385542169,0.4895229935646057,0.6361279487609863,0.6318296194076538,0.645119845867157,0.6510998606681824
size,inference_4obj_4feat_sl20,"[[0,0,1,1],[0,0,1,1],[0,1,1,1],[1,1,1,1]]",utterance,1,3,83,32,0.3855421686746988,0.4895229935646057,0.3430330157279968,0.347278356552124,0.33401545882225037,0.3280012607574463
size,prior_2obj_2feat,"[[0,1],[1,1]]",prior,-1,0,48,14,0.2916666666666667,0.5,0.5,0.5,0.5177558064460754,0.5243623852729797
size,prior_2obj_2feat,"[[0,1],[1,1]]",prior,-1,1,48,34,0.7083333333333334,0.5,0.5,0.5,0.48224422335624695,0.47563764452934265
size,prior_2obj_3feat,"[[0,1,1],[1,1,1]]",prior,-1,0,37,8,0.21621621621621623,0.5,0.5,0.5,0.5177557468414307,0.5243623852729797
size,prior_2obj_3feat,"[[0,1,1],[1,1,1]]",prior,-1,1,37,29,0.7837837837837838,0.5,0.5,0.5,0.48224422335624695,0.4756375849246979
size,prior_2obj_4feat,"[[0,1,1,1],[1,1,1,1]]",prior,-1,0,44,16,0.36363636363636365,0.5,0.5,0.5,0.5177557468414307,0.5243623852729797
size,prior_2obj_4feat,"[[0,1,1,1],[1,1,1,1]]",prior,-1,1,44,28,0.6363636363636364,0.5,0.5,0.5,0.48224422335624695,0.47563761472702026
size,prior_3obj_2feat,"[[0,0],[0,1],[1,1]]",prior,-1,0,41,5,0.12195121951219512,0.33333292603492737,0.33333292603492737,0.33333292603492737,0.3573167026042938,0.36635997891426086
size,prior_3obj_2feat,"[[0,0],[0,1],[1,1]]",prior,-1,1,41,14,0.34146341463414637,0.33333292603492737,0.33333292603492737,0.33333292603492737,0.33268678188323975,0.33218228816986084
size,prior_3obj_2feat,"[[0,0],[0,1],[1,1]]",prior,-1,2,41,22,0.5365853658536586,0.33333292603492737,0.33333292603492737,0.33333292603492737,0.30999651551246643,0.30145764350891113
size,prior_3obj_3feat,"[[0,0,1],[0,1,1],[1,1,1]]",prior,-1,0,38,9,0.23684210526315788,0.33333292603492737,0.33333292603492737,0.33333292603492737,0.3573167324066162,0.3663599491119385
size,prior_3obj_3feat,"[[0,0,1],[0,1,1],[1,1,1]]",prior,-1,1,38,8,0.21052631578947367,0.33333292603492737,0.33333292603492737,0.33333292603492737,0.33268675208091736,0.33218225836753845
size,prior_3obj_3feat,"[[0,0,1],[0,1,1],[1,1,1]]",prior,-1,2,38,21,0.5526315789473685,0.33333292603492737,0.33333292603492737,0.33333292603492737,0.30999651551246643,0.30145761370658875
size,prior_3obj_4feat,"[[0,0,1,1],[0,1,1,1],[1,1,1,1]]",prior,-1,0,38,10,0.2631578947368421,0.33333292603492737,0.33333292603492737,0.33333292603492737,0.3573167324066162,0.3663599491119385
size,prior_3obj_4feat,"[[0,0,1,1],[0,1,1,1],[1,1,1,1]]",prior,-1,1,38,6,0.15789473684210525,0.33333292603492737,0.33333292603492737,0.33333292603492737,0.33268675208091736,0.33218225836753845
size,prior_3obj_4feat,"[[0,0,1,1],[0,1,1,1],[1,1,1,1]]",prior,-1,2,38,22,0.5789473684210527,0.33333292603492737,0.33333292603492737,0.33333292603492737,0.30999651551246643,0.30145761370658875
size,prior_4obj_2feat,"[[0,0],[0,0],[0,1],[1,1]]",prior,-1,0,45,12,0.26666666666666666,0.5,0.5,0.5,0.5264322757720947,0.5361764430999756
size,prior_4obj_2feat,"[[0,0],[0,0],[0,1],[1,1]]",prior,-1,2,45,7,0.15555555555555556,0.25,0.25,0.25,0.24512028694152832,0.24313098192214966
size,prior_4obj_2feat,"[[0,0],[0,0],[0,1],[1,1]]",prior,-1,3,45,26,0.5777777777777777,0.25,0.25,0.25,0.2284473031759262,0.22069276869297028
size,prior_4obj_3feat,"[[0,0,1],[0,0,1],[0,1,1],[1,1,1]]",prior,-1,0,49,14,0.2857142857142857,0.5,0.5,0.5,0.5264322757720947,0.5361763834953308
size,prior_4obj_3feat,"[[0,0,1],[0,0,1],[0,1,1],[1,1,1]]",prior,-1,2,49,16,0.32653061224489793,0.25,0.25,0.25,0.24512030184268951,0.24313101172447205
size,prior_4obj_3feat,"[[0,0,1],[0,0,1],[0,1,1],[1,1,1]]",prior,-1,3,49,19,0.3877551020408163,0.25,0.25,0.25,0.2284473329782486,0.22069276869297028
size,prior_4obj_4feat,"[[0,0,1,1],[0,0,1,1],[0,1,1,1],[1,1,1,1]]",prior,-1,0,43,13,0.3023255813953488,0.5,0.5,0.5,0.5264322757720947,0.5361764430999756
size,prior_4obj_4feat,"[[0,0,1,1],[0,0,1,1],[0,1,1,1],[1,1,1,1]]",prior,-1,2,43,9,0.20930232558139536,0.25,0.25,0.25,0.24512028694152832,0.24313099682331085
size,prior_4obj_4feat,"[[0,0,1,1],[0,0,1,1],[0,1,1,1],[1,1,1,1]]",prior,-1,3,43,21,0.4883720930232558,0.25,0.25,0.25,0.2284473180770874,0.22069276869297028
speakers,seq_L2:checkbox,"[[0,0,1],[0,1,1],[1,1,0]]",utterance,1,0,136,8,0.058823529411764705,0.01396937482059002,0.013892678543925285,0.013927912339568138,0.013909602537751198,0.013932578265666962
speakers,seq_L2:checkbox,"[[0,0,1],[0,1,1],[1,1,0]]",utterance,1,1,136,61,0.4485294117647059,0.49301522970199585,0.5761516690254211,0.584536612033844,0.5692328810691833,0.5670928359031677
speakers,seq_L2:checkbox,"[[0,0,1],[0,1,1],[1,1,0]]",utterance,1,2,136,67,0.49264705882352944,0.49301522970199585,0.40995556116104126,0.4015354812145233,0.41685768961906433,0.4189748167991638
speakers,seq_L2:text,"[[0,0,1],[0,1,1],[1,1,0]]",utterance,1,0,135,12,0.08888888888888889,0.013969373889267445,0.013892676681280136,0.013927913270890713,0.013909601606428623,0.013932578265666962
speakers,seq_L2:text,"[[0,0,1],[0,1,1],[1,1,0]]",utterance,1,1,135,62,0.45925925925925926,0.49301519989967346,0.5761517286300659,0.584536612033844,0.5692328810691833,0.5670928359031677
speakers,seq_L2:text,"[[0,0,1],[0,1,1],[1,1,0]]",utterance,1,2,135,61,0.45185185185185184,0.49301519989967346,0.40995556116104126,0.4015354514122009,0.41685763001441956,0.41897475719451904
speakers,seq_L2:virtual_keyboard,"[[0,0,1],[0,1,1],[1,1,0]]",utterance,1,0,118,7,0.059322033898305086,0.013969377614557743,0.01389267761260271,0.013927911408245564,0.013909603469073772,0.01393258199095726
speakers,seq_L2:virtual_keyboard,"[[0,0,1],[0,1,1],[1,1,0]]",utterance,1,1,118,54,0.4576271186440678,0.49301525950431824,0.5761515498161316,0.5845364928245544,0.5692327618598938,0.5670928359031677
speakers,seq_L2:virtual_keyboard,"[[0,0,1],[0,1,1],[1,1,0]]",utterance,1,2,118,57,0.4830508474576271,0.49301525950431824,0.4099554717540741,0.4015354514122009,0.4168577492237091,0.418974906206131
